#include <linux/kernel.h>

char *sensor_setting_build_date = "20190705";
char *sensor_setting_md5 = "d33639738eafce6b00cca62aed4eb249";

u8 sensor_setting[] = {
	0x31, 0x2e, 0x33, 0x38, 0x00, 0x00, 0x00, 0x00, 0x68, 0x65, 0x61, 0x64, 0x65, 0x72, 0x30, 0x00, 
	0x12, 0xeb, 0x00, 0x00, 0x61, 0xa8, 0xe6, 0x88, 0x00, 0x00, 0x00, 0x00, 0x01, 0x00, 0x80, 0x00, 
	0x01, 0x00, 0x00, 0x00, 0x00, 0x00, 0x02, 0x08, 0x0c, 0x0e, 0x11, 0x13, 0x14, 0x15, 0x17, 0x18, 
	0x19, 0x1a, 0x1a, 0x1c, 0x1c, 0x1d, 0x1e, 0x1e, 0x1f, 0x20, 0x20, 0x21, 0x21, 0x22, 0x22, 0x23, 
	0x23, 0x23, 0x24, 0x24, 0x25, 0x25, 0x25, 0x26, 0x26, 0x26, 0x27, 0x27, 0x27, 0x27, 0x28, 0x28, 
	0x28, 0x28, 0x29, 0x29, 0x29, 0x29, 0x2a, 0x2a, 0x2a, 0x2a, 0x2b, 0x2b, 0x2b, 0x2b, 0x2b, 0x2c, 
	0x2c, 0x2c, 0x2c, 0x2c, 0x2d, 0x2d, 0x2d, 0x2d, 0x2d, 0x2d, 0x2e, 0x2e, 0x2e, 0x2e, 0x2e, 0x2e, 
	0x2f, 0x2f, 0x2f, 0x2f, 0x2f, 0x2f, 0x2f, 0x30, 0x30, 0x30, 0x30, 0x30, 0x30, 0x30, 0x31, 0x31, 
	0x31, 0x31, 0x31, 0x31, 0x31, 0x31, 0x31, 0x32, 0x32, 0x32, 0x32, 0x32, 0x32, 0x32, 0x32, 0x33, 
	0x33, 0x33, 0x33, 0x33, 0x33, 0x33, 0x33, 0x33, 0x33, 0x34, 0x34, 0x34, 0x34, 0x34, 0x34, 0x34, 
	0x34, 0x34, 0x34, 0x34, 0x00, 0x00, 0x00, 0x00, 0x01, 0x00, 0x80, 0x00, 0x01, 0x00, 0x00, 0x00, 
	0x00, 0x00, 0x02, 0x08, 0x0c, 0x0e, 0x11, 0x13, 0x14, 0x15, 0x17, 0x18, 0x19, 0x1a, 0x1a, 0x1c, 
	0x1c, 0x1d, 0x1e, 0x1e, 0x1f, 0x20, 0x20, 0x21, 0x21, 0x22, 0x22, 0x23, 0x23, 0x23, 0x24, 0x24, 
	0x25, 0x25, 0x25, 0x26, 0x26, 0x26, 0x27, 0x27, 0x27, 0x27, 0x28, 0x28, 0x28, 0x28, 0x29, 0x29, 
	0x29, 0x29, 0x2a, 0x2a, 0x2a, 0x2a, 0x2b, 0x2b, 0x2b, 0x2b, 0x2b, 0x2c, 0x2c, 0x2c, 0x2c, 0x2c, 
	0x2d, 0x2d, 0x2d, 0x2d, 0x2d, 0x2d, 0x2e, 0x2e, 0x2e, 0x2e, 0x2e, 0x2e, 0x2f, 0x2f, 0x2f, 0x2f, 
	0x2f, 0x2f, 0x2f, 0x30, 0x30, 0x30, 0x30, 0x30, 0x30, 0x30, 0x31, 0x31, 0x31, 0x31, 0x31, 0x31, 
	0x31, 0x31, 0x31, 0x32, 0x32, 0x32, 0x32, 0x32, 0x32, 0x32, 0x32, 0x33, 0x33, 0x33, 0x33, 0x33, 
	0x33, 0x33, 0x33, 0x33, 0x33, 0x34, 0x34, 0x34, 0x34, 0x34, 0x34, 0x34, 0x34, 0x34, 0x34, 0x34, 
	0x00, 0x00, 0x00, 0x00, 0x01, 0x00, 0x80, 0x00, 0x01, 0x00, 0x00, 0x00, 0x00, 0x00, 0x00, 0x00, 
	0x00, 0x00, 0x00, 0x00, 0x00, 0x00, 0x00, 0x00, 0x00, 0x00, 0x00, 0x00, 0x00, 0x00, 0x00, 0x00, 
	0x00, 0x00, 0x00, 0x00, 0x00, 0x00, 0x00, 0x00, 0x00, 0x00, 0x00, 0x00, 0x00, 0x00, 0x00, 0x00, 
	0x00, 0x00, 0x00, 0x00, 0x00, 0x00, 0x00, 0x00, 0x00, 0x00, 0x00, 0x00, 0x00, 0x00, 0x00, 0x00, 
	0x00, 0x00, 0x00, 0x00, 0x00, 0x00, 0x00, 0x00, 0x00, 0x00, 0x00, 0x00, 0x00, 0x00, 0x00, 0x00, 
	0x00, 0x00, 0x00, 0x00, 0x00, 0x00, 0x00, 0x00, 0x00, 0x00, 0x00, 0x00, 0x00, 0x00, 0x00, 0x00, 
	0x00, 0x00, 0x00, 0x00, 0x00, 0x00, 0x00, 0x00, 0x00, 0x00, 0x00, 0x00, 0x00, 0x00, 0x00, 0x00, 
	0x00, 0x00, 0x00, 0x00, 0x00, 0x00, 0x00, 0x00, 0x00, 0x00, 0x00, 0x00, 0x00, 0x00, 0x00, 0x00, 
	0x00, 0x00, 0x00, 0x00, 0x00, 0x00, 0x00, 0x00, 0x00, 0x00, 0x00, 0x31, 0x00, 0x00, 0x00, 0x00, 
	0x01, 0x00, 0x80, 0x00, 0x01, 0x00, 0x00, 0x00, 0x00, 0x00, 0x00, 0x00, 0x00, 0x00, 0x00, 0x00, 
	0x00, 0x00, 0x00, 0x00, 0x00, 0x00, 0x00, 0x00, 0x00, 0x00, 0x00, 0x00, 0x00, 0x00, 0x00, 0x00, 
	0x00, 0x00, 0x00, 0x00, 0x00, 0x00, 0x00, 0x00, 0x00, 0x00, 0x00, 0x00, 0x00, 0x00, 0x00, 0x00, 
	0x00, 0x00, 0x00, 0x00, 0x00, 0x00, 0x00, 0x00, 0x00, 0x00, 0x00, 0x00, 0x00, 0x00, 0x00, 0x00, 
	0x00, 0x00, 0x00, 0x00, 0x00, 0x00, 0x00, 0x00, 0x00, 0x00, 0x00, 0x00, 0x00, 0x00, 0x00, 0x00, 
	0x00, 0x00, 0x00, 0x00, 0x00, 0x00, 0x00, 0x00, 0x00, 0x00, 0x00, 0x00, 0x00, 0x00, 0x00, 0x00, 
	0x00, 0x00, 0x00, 0x00, 0x00, 0x00, 0x00, 0x00, 0x00, 0x00, 0x00, 0x00, 0x00, 0x00, 0x00, 0x00, 
	0x00, 0x00, 0x00, 0x00, 0x00, 0x00, 0x00, 0x00, 0x00, 0x00, 0x00, 0x00, 0x00, 0x00, 0x00, 0x00, 
	0x00, 0x00, 0x00, 0x00, 0x00, 0x00, 0x00, 0x31, 0x00, 0x00, 0x00, 0x00, 0x01, 0x00, 0x80, 0x00, 
	0x01, 0x00, 0x00, 0x00, 0x02, 0x08, 0x0c, 0x0e, 0x11, 0x13, 0x14, 0x15, 0x17, 0x18, 0x19, 0x1a, 
	0x1a, 0x1c, 0x1c, 0x1d, 0x1e, 0x1e, 0x1f, 0x20, 0x20, 0x21, 0x21, 0x22, 0x22, 0x23, 0x23, 0x23, 
	0x24, 0x24, 0x25, 0x25, 0x25, 0x26, 0x26, 0x26, 0x27, 0x27, 0x27, 0x27, 0x28, 0x28, 0x28, 0x28, 
	0x29, 0x29, 0x29, 0x29, 0x2a, 0x2a, 0x2a, 0x2a, 0x2b, 0x2b, 0x2b, 0x2b, 0x2b, 0x2c, 0x2c, 0x2c, 
	0x2c, 0x2c, 0x2d, 0x2d, 0x2d, 0x2d, 0x2d, 0x2d, 0x2e, 0x2e, 0x2e, 0x2e, 0x2e, 0x2e, 0x2f, 0x2f, 
	0x2f, 0x2f, 0x2f, 0x2f, 0x2f, 0x30, 0x30, 0x30, 0x30, 0x30, 0x30, 0x30, 0x31, 0x31, 0x31, 0x31, 
	0x31, 0x31, 0x31, 0x31, 0x31, 0x32, 0x32, 0x32, 0x32, 0x32, 0x32, 0x32, 0x32, 0x33, 0x33, 0x33, 
	0x33, 0x33, 0x33, 0x33, 0x33, 0x33, 0x33, 0x34, 0x34, 0x34, 0x34, 0x34, 0x34, 0x34, 0x34, 0x34, 
	0x34, 0x34, 0x34, 0x34, 0x00, 0x00, 0x00, 0x00, 0x01, 0x00, 0x80, 0x00, 0x01, 0x00, 0x00, 0x00, 
	0x02, 0x08, 0x0c, 0x0e, 0x11, 0x13, 0x14, 0x15, 0x17, 0x18, 0x19, 0x1a, 0x1a, 0x1c, 0x1c, 0x1d, 
	0x1e, 0x1e, 0x1f, 0x20, 0x20, 0x21, 0x21, 0x22, 0x22, 0x23, 0x23, 0x23, 0x24, 0x24, 0x25, 0x25, 
	0x25, 0x26, 0x26, 0x26, 0x27, 0x27, 0x27, 0x27, 0x28, 0x28, 0x28, 0x28, 0x29, 0x29, 0x29, 0x29, 
	0x2a, 0x2a, 0x2a, 0x2a, 0x2b, 0x2b, 0x2b, 0x2b, 0x2b, 0x2c, 0x2c, 0x2c, 0x2c, 0x2c, 0x2d, 0x2d, 
	0x2d, 0x2d, 0x2d, 0x2d, 0x2e, 0x2e, 0x2e, 0x2e, 0x2e, 0x2e, 0x2f, 0x2f, 0x2f, 0x2f, 0x2f, 0x2f, 
	0x2f, 0x30, 0x30, 0x30, 0x30, 0x30, 0x30, 0x30, 0x31, 0x31, 0x31, 0x31, 0x31, 0x31, 0x31, 0x31, 
	0x31, 0x32, 0x32, 0x32, 0x32, 0x32, 0x32, 0x32, 0x32, 0x33, 0x33, 0x33, 0x33, 0x33, 0x33, 0x33, 
	0x33, 0x33, 0x33, 0x34, 0x34, 0x34, 0x34, 0x34, 0x34, 0x34, 0x34, 0x34, 0x34, 0x34, 0x34, 0x34, 
	0x00, 0x00, 0x00, 0x00, 0x01, 0x00, 0x80, 0x00, 0x01, 0x00, 0x00, 0x00, 0x03, 0x0c, 0x11, 0x14, 
	0x17, 0x19, 0x1b, 0x1c, 0x1e, 0x1f, 0x20, 0x21, 0x22, 0x23, 0x23, 0x25, 0x25, 0x26, 0x26, 0x27, 
	0x28, 0x28, 0x29, 0x29, 0x2a, 0x2a, 0x2b, 0x2b, 0x2b, 0x2c, 0x2c, 0x2c, 0x2d, 0x2d, 0x2e, 0x2e, 
	0x2e, 0x2e, 0x2f, 0x2f, 0x2f, 0x30, 0x30, 0x30, 0x30, 0x31, 0x31, 0x31, 0x31, 0x32, 0x32, 0x32, 
	0x32, 0x32, 0x33, 0x33, 0x33, 0x33, 0x34, 0x34, 0x34, 0x34, 0x34, 0x34, 0x35, 0x35, 0x35, 0x35, 
	0x35, 0x35, 0x36, 0x36, 0x36, 0x36, 0x36, 0x36, 0x37, 0x37, 0x37, 0x37, 0x37, 0x37, 0x37, 0x38, 
	0x38, 0x38, 0x38, 0x38, 0x38, 0x38, 0x38, 0x39, 0x39, 0x39, 0x39, 0x39, 0x39, 0x39, 0x39, 0x3a, 
	0x3a, 0x3a, 0x3a, 0x3a, 0x3a, 0x3a, 0x3a, 0x3a, 0x3b, 0x3b, 0x3b, 0x3b, 0x3b, 0x3b, 0x3b, 0x3b, 
	0x3b, 0x3b, 0x3c, 0x3c, 0x3c, 0x3c, 0x3c, 0x3c, 0x3c, 0x3c, 0x3c, 0x3c, 0x00, 0x00, 0x00, 0x00, 
	0x01, 0x00, 0x80, 0x00, 0x01, 0x00, 0x00, 0x00, 0x03, 0x0c, 0x11, 0x14, 0x17, 0x19, 0x1b, 0x1c, 
	0x1e, 0x1f, 0x20, 0x21, 0x22, 0x23, 0x23, 0x25, 0x25, 0x26, 0x26, 0x27, 0x28, 0x28, 0x29, 0x29, 
	0x2a, 0x2a, 0x2b, 0x2b, 0x2b, 0x2c, 0x2c, 0x2c, 0x2d, 0x2d, 0x2e, 0x2e, 0x2e, 0x2e, 0x2f, 0x2f, 
	0x2f, 0x30, 0x30, 0x30, 0x30, 0x31, 0x31, 0x31, 0x31, 0x32, 0x32, 0x32, 0x32, 0x32, 0x33, 0x33, 
	0x33, 0x33, 0x34, 0x34, 0x34, 0x34, 0x34, 0x34, 0x35, 0x35, 0x35, 0x35, 0x35, 0x35, 0x36, 0x36, 
	0x36, 0x36, 0x36, 0x36, 0x37, 0x37, 0x37, 0x37, 0x37, 0x37, 0x37, 0x38, 0x38, 0x38, 0x38, 0x38, 
	0x38, 0x38, 0x38, 0x39, 0x39, 0x39, 0x39, 0x39, 0x39, 0x39, 0x39, 0x3a, 0x3a, 0x3a, 0x3a, 0x3a, 
	0x3a, 0x3a, 0x3a, 0x3a, 0x3b, 0x3b, 0x3b, 0x3b, 0x3b, 0x3b, 0x3b, 0x3b, 0x3b, 0x3b, 0x3c, 0x3c, 
	0x3c, 0x3c, 0x3c, 0x3c, 0x3c, 0x3c, 0x3c, 0x3c, 0x00, 0x00, 0x00, 0x00, 0x01, 0x00, 0x81, 0x00, 
	0x02, 0x00, 0x00, 0x00, 0x00, 0x00, 0x52, 0x00, 0xaf, 0x00, 0x10, 0x01, 0x66, 0x01, 0xb6, 0x01, 
	0x03, 0x02, 0x4e, 0x02, 0x95, 0x02, 0xdb, 0x02, 0x20, 0x03, 0x63, 0x03, 0xa9, 0x03, 0xef, 0x03, 
	0x33, 0x04, 0x77, 0x04, 0xb8, 0x04, 0xf7, 0x04, 0x34, 0x05, 0x6e, 0x05, 0xa6, 0x05, 0xda, 0x05, 
	0x0d, 0x06, 0x3e, 0x06, 0x6f, 0x06, 0x9d, 0x06, 0xca, 0x06, 0xf8, 0x06, 0x24, 0x07, 0x4f, 0x07, 
	0x7a, 0x07, 0xa3, 0x07, 0xce, 0x07, 0xf6, 0x07, 0x1f, 0x08, 0x47, 0x08, 0x6f, 0x08, 0x95, 0x08, 
	0xbb, 0x08, 0xe2, 0x08, 0x07, 0x09, 0x2c, 0x09, 0x52, 0x09, 0x76, 0x09, 0x99, 0x09, 0xbd, 0x09, 
	0xe1, 0x09, 0x05, 0x0a, 0x28, 0x0a, 0x4b, 0x0a, 0x6f, 0x0a, 0x92, 0x0a, 0xb7, 0x0a, 0xdc, 0x0a, 
	0x02, 0x0b, 0x28, 0x0b, 0x4f, 0x0b, 0x76, 0x0b, 0x9d, 0x0b, 0xc3, 0x0b, 0xe9, 0x0b, 0x0e, 0x0c, 
	0x32, 0x0c, 0x54, 0x0c, 0x75, 0x0c, 0x97, 0x0c, 0xb5, 0x0c, 0xd2, 0x0c, 0xee, 0x0c, 0x08, 0x0d, 
	0x1f, 0x0d, 0x35, 0x0d, 0x49, 0x0d, 0x5b, 0x0d, 0x6d, 0x0d, 0x7d, 0x0d, 0x8d, 0x0d, 0x9d, 0x0d, 
	0xab, 0x0d, 0xb9, 0x0d, 0xc7, 0x0d, 0xd4, 0x0d, 0xe0, 0x0d, 0xed, 0x0d, 0xf8, 0x0d, 0x04, 0x0e, 
	0x10, 0x0e, 0x1b, 0x0e, 0x26, 0x0e, 0x32, 0x0e, 0x3d, 0x0e, 0x48, 0x0e, 0x53, 0x0e, 0x5e, 0x0e, 
	0x6a, 0x0e, 0x75, 0x0e, 0x81, 0x0e, 0x8d, 0x0e, 0x99, 0x0e, 0xa5, 0x0e, 0xb2, 0x0e, 0xbe, 0x0e, 
	0xca, 0x0e, 0xd7, 0x0e, 0xe3, 0x0e, 0xef, 0x0e, 0xfb, 0x0e, 0x08, 0x0f, 0x13, 0x0f, 0x20, 0x0f, 
	0x2c, 0x0f, 0x38, 0x0f, 0x44, 0x0f, 0x50, 0x0f, 0x5c, 0x0f, 0x68, 0x0f, 0x73, 0x0f, 0x7f, 0x0f, 
	0x8b, 0x0f, 0x97, 0x0f, 0xa3, 0x0f, 0xae, 0x0f, 0xba, 0x0f, 0xc6, 0x0f, 0xd1, 0x0f, 0xdd, 0x0f, 
	0xe9, 0x0f, 0xf4, 0x0f, 0xff, 0x0f, 0x00, 0x00, 0x00, 0x00, 0x01, 0x00, 0x81, 0x00, 0x02, 0x00, 
	0x00, 0x00, 0x00, 0x00, 0x52, 0x00, 0xb1, 0x00, 0x15, 0x01, 0x6f, 0x01, 0xc1, 0x01, 0x0d, 0x02, 
	0x59, 0x02, 0xa4, 0x02, 0xed, 0x02, 0x36, 0x03, 0x7c, 0x03, 0xc0, 0x03, 0x02, 0x04, 0x41, 0x04, 
	0x7f, 0x04, 0xb8, 0x04, 0xf1, 0x04, 0x27, 0x05, 0x5e, 0x05, 0x93, 0x05, 0xc7, 0x05, 0xf9, 0x05, 
	0x2b, 0x06, 0x5d, 0x06, 0x8e, 0x06, 0xbd, 0x06, 0xec, 0x06, 0x1a, 0x07, 0x47, 0x07, 0x75, 0x07, 
	0xa0, 0x07, 0xcc, 0x07, 0xf6, 0x07, 0x20, 0x08, 0x4b, 0x08, 0x75, 0x08, 0x9f, 0x08, 0xc9, 0x08, 
	0xf3, 0x08, 0x1c, 0x09, 0x45, 0x09, 0x6f, 0x09, 0x97, 0x09, 0xbd, 0x09, 0xe4, 0x09, 0x0a, 0x0a, 
	0x30, 0x0a, 0x55, 0x0a, 0x79, 0x0a, 0x9d, 0x0a, 0xbf, 0x0a, 0xe2, 0x0a, 0x02, 0x0b, 0x22, 0x0b, 
	0x41, 0x0b, 0x5f, 0x0b, 0x7d, 0x0b, 0x9b, 0x0b, 0xb7, 0x0b, 0xd3, 0x0b, 0xef, 0x0b, 0x0b, 0x0c, 
	0x26, 0x0c, 0x41, 0x0c, 0x5d, 0x0c, 0x77, 0x0c, 0x91, 0x0c, 0xab, 0x0c, 0xc4, 0x0c, 0xdd, 0x0c, 
	0xf5, 0x0c, 0x0d, 0x0d, 0x24, 0x0d, 0x3c, 0x0d, 0x52, 0x0d, 0x68, 0x0d, 0x7e, 0x0d, 0x93, 0x0d, 
	0xa8, 0x0d, 0xbb, 0x0d, 0xcf, 0x0d, 0xe2, 0x0d, 0xf5, 0x0d, 0x07, 0x0e, 0x18, 0x0e, 0x29, 0x0e, 
	0x3a, 0x0e, 0x4a, 0x0e, 0x59, 0x0e, 0x68, 0x0e, 0x77, 0x0e, 0x85, 0x0e, 0x94, 0x0e, 0xa2, 0x0e, 
	0xb0, 0x0e, 0xbe, 0x0e, 0xcb, 0x0e, 0xd8, 0x0e, 0xe5, 0x0e, 0xf2, 0x0e, 0xff, 0x0e, 0x0b, 0x0f, 
	0x17, 0x0f, 0x23, 0x0f, 0x2f, 0x0f, 0x3b, 0x0f, 0x46, 0x0f, 0x51, 0x0f, 0x5c, 0x0f, 0x67, 0x0f, 
	0x71, 0x0f, 0x7b, 0x0f, 0x85, 0x0f, 0x8f, 0x0f, 0x98, 0x0f, 0xa1, 0x0f, 0xab, 0x0f, 0xb4, 0x0f, 
	0xbc, 0x0f, 0xc5, 0x0f, 0xcd, 0x0f, 0xd4, 0x0f, 0xdc, 0x0f, 0xe4, 0x0f, 0xeb, 0x0f, 0xf2, 0x0f, 
	0xf9, 0x0f, 0xff, 0x0f, 0x00, 0x00, 0x00, 0x00, 0x01, 0x00, 0x81, 0x00, 0x02, 0x00, 0x00, 0x00, 
	0x00, 0x00, 0x01, 0x00, 0x02, 0x00, 0x05, 0x00, 0x07, 0x00, 0x0c, 0x00, 0x11, 0x00, 0x17, 0x00, 
	0x1e, 0x00, 0x26, 0x00, 0x2f, 0x00, 0x39, 0x00, 0x46, 0x00, 0x56, 0x00, 0x66, 0x00, 0x79, 0x00, 
	0x8c, 0x00, 0xa0, 0x00, 0xb4, 0x00, 0xcb, 0x00, 0xdf, 0x00, 0xf3, 0x00, 0x07, 0x01, 0x1e, 0x01, 
	0x37, 0x01, 0x52, 0x01, 0x6c, 0x01, 0x88, 0x01, 0xa4, 0x01, 0xc1, 0x01, 0xde, 0x01, 0xfd, 0x01, 
	0x1c, 0x02, 0x3d, 0x02, 0x5e, 0x02, 0x80, 0x02, 0xa3, 0x02, 0xc6, 0x02, 0xea, 0x02, 0x10, 0x03, 
	0x36, 0x03, 0x5d, 0x03, 0x85, 0x03, 0xae, 0x03, 0xd6, 0x03, 0x00, 0x04, 0x2b, 0x04, 0x57, 0x04, 
	0x83, 0x04, 0xb1, 0x04, 0xdf, 0x04, 0x0e, 0x05, 0x3e, 0x05, 0x70, 0x05, 0xa2, 0x05, 0xd5, 0x05, 
	0x08, 0x06, 0x3b, 0x06, 0x6f, 0x06, 0xa4, 0x06, 0xd9, 0x06, 0x0e, 0x07, 0x43, 0x07, 0x7a, 0x07, 
	0xb2, 0x07, 0xeb, 0x07, 0x23, 0x08, 0x5b, 0x08, 0x91, 0x08, 0xcc, 0x08, 0x00, 0x09, 0x34, 0x09, 
	0x65, 0x09, 0x94, 0x09, 0xc2, 0x09, 0xf1, 0x09, 0x20, 0x0a, 0x50, 0x0a, 0x80, 0x0a, 0xb1, 0x0a, 
	0xe3, 0x0a, 0x14, 0x0b, 0x3b, 0x0b, 0x5f, 0x0b, 0x82, 0x0b, 0xa4, 0x0b, 0xc6, 0x0b, 0xe8, 0x0b, 
	0x08, 0x0c, 0x2a, 0x0c, 0x4a, 0x0c, 0x6a, 0x0c, 0x8a, 0x0c, 0xa9, 0x0c, 0xc8, 0x0c, 0xe6, 0x0c, 
	0x04, 0x0d, 0x21, 0x0d, 0x3e, 0x0d, 0x5b, 0x0d, 0x77, 0x0d, 0x93, 0x0d, 0xae, 0x0d, 0xca, 0x0d, 
	0xe5, 0x0d, 0xff, 0x0d, 0x19, 0x0e, 0x32, 0x0e, 0x4c, 0x0e, 0x65, 0x0e, 0x7e, 0x0e, 0x96, 0x0e, 
	0xae, 0x0e, 0xc5, 0x0e, 0xdc, 0x0e, 0xf4, 0x0e, 0x0a, 0x0f, 0x21, 0x0f, 0x37, 0x0f, 0x4c, 0x0f, 
	0x61, 0x0f, 0x77, 0x0f, 0x8b, 0x0f, 0x9f, 0x0f, 0xb4, 0x0f, 0xc8, 0x0f, 0xdc, 0x0f, 0xef, 0x0f, 
	0xff, 0x0f, 0x00, 0x00, 0x00, 0x00, 0x01, 0x00, 0x81, 0x00, 0x02, 0x00, 0x00, 0x00, 0x00, 0x00, 
	0x01, 0x00, 0x02, 0x00, 0x05, 0x00, 0x07, 0x00, 0x0c, 0x00, 0x11, 0x00, 0x17, 0x00, 0x1e, 0x00, 
	0x26, 0x00, 0x2f, 0x00, 0x39, 0x00, 0x46, 0x00, 0x56, 0x00, 0x66, 0x00, 0x79, 0x00, 0x8c, 0x00, 
	0xa0, 0x00, 0xb4, 0x00, 0xcb, 0x00, 0xdf, 0x00, 0xf3, 0x00, 0x07, 0x01, 0x1e, 0x01, 0x37, 0x01, 
	0x52, 0x01, 0x6c, 0x01, 0x88, 0x01, 0xa4, 0x01, 0xc1, 0x01, 0xde, 0x01, 0xfd, 0x01, 0x1c, 0x02, 
	0x3d, 0x02, 0x5e, 0x02, 0x80, 0x02, 0xa3, 0x02, 0xc6, 0x02, 0xea, 0x02, 0x10, 0x03, 0x36, 0x03, 
	0x5d, 0x03, 0x85, 0x03, 0xae, 0x03, 0xd6, 0x03, 0x00, 0x04, 0x2b, 0x04, 0x57, 0x04, 0x83, 0x04, 
	0xb1, 0x04, 0xdf, 0x04, 0x0e, 0x05, 0x3e, 0x05, 0x70, 0x05, 0xa2, 0x05, 0xd5, 0x05, 0x08, 0x06, 
	0x3b, 0x06, 0x6f, 0x06, 0xa4, 0x06, 0xd9, 0x06, 0x0e, 0x07, 0x43, 0x07, 0x7a, 0x07, 0xb2, 0x07, 
	0xeb, 0x07, 0x23, 0x08, 0x5b, 0x08, 0x91, 0x08, 0xcc, 0x08, 0x00, 0x09, 0x34, 0x09, 0x65, 0x09, 
	0x94, 0x09, 0xc2, 0x09, 0xf1, 0x09, 0x20, 0x0a, 0x50, 0x0a, 0x80, 0x0a, 0xb1, 0x0a, 0xe3, 0x0a, 
	0x14, 0x0b, 0x3b, 0x0b, 0x5f, 0x0b, 0x82, 0x0b, 0xa4, 0x0b, 0xc6, 0x0b, 0xe8, 0x0b, 0x08, 0x0c, 
	0x2a, 0x0c, 0x4a, 0x0c, 0x6a, 0x0c, 0x8a, 0x0c, 0xa9, 0x0c, 0xc8, 0x0c, 0xe6, 0x0c, 0x04, 0x0d, 
	0x21, 0x0d, 0x3e, 0x0d, 0x5b, 0x0d, 0x77, 0x0d, 0x93, 0x0d, 0xae, 0x0d, 0xca, 0x0d, 0xe5, 0x0d, 
	0xff, 0x0d, 0x19, 0x0e, 0x32, 0x0e, 0x4c, 0x0e, 0x65, 0x0e, 0x7e, 0x0e, 0x96, 0x0e, 0xae, 0x0e, 
	0xc5, 0x0e, 0xdc, 0x0e, 0xf4, 0x0e, 0x0a, 0x0f, 0x21, 0x0f, 0x37, 0x0f, 0x4c, 0x0f, 0x61, 0x0f, 
	0x77, 0x0f, 0x8b, 0x0f, 0x9f, 0x0f, 0xb4, 0x0f, 0xc8, 0x0f, 0xdc, 0x0f, 0xef, 0x0f, 0xff, 0x0f, 
	0x00, 0x00, 0x00, 0x00, 0x01, 0x00, 0x21, 0x00, 0x02, 0x00, 0x00, 0x00, 0x00, 0x00, 0x00, 0x80, 
	0x21, 0x84, 0x42, 0x88, 0x63, 0x8c, 0x84, 0x90, 0xa5, 0x94, 0xc6, 0x98, 0xe7, 0x9c, 0x08, 0xa1, 
	0x29, 0xa5, 0x4a, 0xa9, 0x6b, 0xad, 0x8c, 0xb1, 0xad, 0xb5, 0xce, 0xb9, 0xef, 0xbd, 0x11, 0xc2, 
	0x32, 0xc6, 0x53, 0xca, 0x74, 0xce, 0x95, 0xd2, 0xb6, 0xd6, 0xd7, 0xda, 0xf8, 0xde, 0x19, 0xe3, 
	0x3a, 0xe7, 0x5b, 0xeb, 0x7c, 0xef, 0x9d, 0xf3, 0xbe, 0xf7, 0xdf, 0xfb, 0xff, 0xff, 0x00, 0x00, 
	0x00, 0x00, 0x01, 0x00, 0x21, 0x00, 0x02, 0x00, 0x00, 0x00, 0x00, 0x00, 0x00, 0x80, 0x21, 0x84, 
	0x42, 0x88, 0x63, 0x8c, 0x84, 0x90, 0xa5, 0x94, 0xc6, 0x98, 0xe7, 0x9c, 0x08, 0xa1, 0x29, 0xa5, 
	0x4a, 0xa9, 0x6b, 0xad, 0x8c, 0xb1, 0xad, 0xb5, 0xce, 0xb9, 0xef, 0xbd, 0x11, 0xc2, 0x32, 0xc6, 
	0x53, 0xca, 0x74, 0xce, 0x95, 0xd2, 0xb6, 0xd6, 0xd7, 0xda, 0xf8, 0xde, 0x19, 0xe3, 0x3a, 0xe7, 
	0x5b, 0xeb, 0x7c, 0xef, 0x9d, 0xf3, 0xbe, 0xf7, 0xdf, 0xfb, 0xff, 0xff, 0x00, 0x00, 0x00, 0x00, 
	0x01, 0x00, 0x01, 0x01, 0x02, 0x00, 0x00, 0x00, 0x00, 0x00, 0x00, 0x00, 0x00, 0x00, 0x00, 0x00, 
	0x00, 0x00, 0x00, 0x00, 0x00, 0x00, 0x00, 0x00, 0x00, 0x00, 0x00, 0x00, 0x00, 0x00, 0x00, 0x00, 
	0x00, 0x00, 0x00, 0x00, 0x00, 0x00, 0x00, 0x00, 0x00, 0x00, 0x00, 0x00, 0x00, 0x00, 0x00, 0x00, 
	0x00, 0x00, 0x00, 0x00, 0x00, 0x00, 0x00, 0x00, 0x00, 0x00, 0x00, 0x00, 0x00, 0x00, 0x00, 0x00, 
	0x97, 0x00, 0x36, 0x01, 0xdd, 0x01, 0x90, 0x02, 0x50, 0x03, 0x21, 0x04, 0x07, 0x05, 0x0d, 0x06, 
	0x44, 0x07, 0xd9, 0x08, 0xab, 0x0c, 0x7d, 0x10, 0x12, 0x12, 0x49, 0x13, 0x4f, 0x14, 0x36, 0x15, 
	0x06, 0x16, 0xc6, 0x16, 0x79, 0x17, 0x21, 0x18, 0xbf, 0x18, 0x56, 0x19, 0xe7, 0x19, 0x71, 0x1a, 
	0xf6, 0x1a, 0x76, 0x1b, 0xf3, 0x1b, 0x6b, 0x1c, 0xe0, 0x1c, 0x52, 0x1d, 0xc0, 0x1d, 0x2c, 0x1e, 
	0x96, 0x1e, 0xfd, 0x1e, 0x62, 0x1f, 0xc5, 0x1f, 0x25, 0x20, 0x84, 0x20, 0xe2, 0x20, 0x3d, 0x21, 
	0x97, 0x21, 0xf0, 0x21, 0x47, 0x22, 0x9d, 0x22, 0xf1, 0x22, 0x44, 0x23, 0x96, 0x23, 0xe7, 0x23, 
	0x37, 0x24, 0x86, 0x24, 0xd4, 0x24, 0x21, 0x25, 0x6c, 0x25, 0xb7, 0x25, 0x02, 0x26, 0x4b, 0x26, 
	0x93, 0x26, 0xdb, 0x26, 0x22, 0x27, 0x68, 0x27, 0xae, 0x27, 0xf3, 0x27, 0x37, 0x28, 0x7a, 0x28, 
	0xbd, 0x28, 0xff, 0x28, 0x41, 0x29, 0x82, 0x29, 0xc2, 0x29, 0x02, 0x2a, 0x42, 0x2a, 0x81, 0x2a, 
	0xbf, 0x2a, 0xfd, 0x2a, 0x3a, 0x2b, 0x77, 0x2b, 0xb3, 0x2b, 0xef, 0x2b, 0x2b, 0x2c, 0x66, 0x2c, 
	0xa1, 0x2c, 0xdb, 0x2c, 0x15, 0x2d, 0x4e, 0x2d, 0x87, 0x2d, 0xc0, 0x2d, 0xf8, 0x2d, 0x30, 0x2e, 
	0x67, 0x2e, 0x9f, 0x2e, 0xd5, 0x2e, 0x0c, 0x2f, 0x42, 0x2f, 0x78, 0x2f, 0xad, 0x2f, 0xe3, 0x2f, 
	0x18, 0x30, 0x4c, 0x30, 0x80, 0x30, 0xb4, 0x30, 0xe8, 0x30, 0xb0, 0x36, 0xc3, 0x3b, 0x57, 0x40, 
	0x8c, 0x44, 0x75, 0x48, 0x21, 0x4c, 0x99, 0x4f, 0xe5, 0x52, 0x0b, 0x56, 0x10, 0x59, 0xf8, 0x5b, 
	0xc6, 0x5e, 0x7b, 0x61, 0x1c, 0x64, 0xa8, 0x66, 0x23, 0x69, 0x8d, 0x6b, 0xe8, 0x6d, 0x34, 0x70, 
	0x73, 0x72, 0xa6, 0x74, 0xcd, 0x76, 0xe9, 0x78, 0xfb, 0x7a, 0x03, 0x7d, 0x02, 0x7f, 0xf8, 0x80, 
	0xe6, 0x82, 0xcb, 0x84, 0xaa, 0x86, 0x81, 0x88, 0x51, 0x8a, 0x1a, 0x8c, 0xde, 0x8d, 0x9c, 0x8f, 
	0x53, 0x91, 0x05, 0x93, 0xb1, 0x94, 0x58, 0x96, 0xfa, 0x97, 0x97, 0x99, 0x30, 0x9b, 0xc4, 0x9c, 
	0x53, 0x9e, 0xdf, 0x9f, 0x66, 0xa1, 0xe9, 0xa2, 0x69, 0xa4, 0xe4, 0xa5, 0x5c, 0xa7, 0xd1, 0xa8, 
	0x42, 0xaa, 0xb0, 0xab, 0x1a, 0xad, 0x81, 0xae, 0xe6, 0xaf, 0x47, 0xb1, 0xa5, 0xb2, 0x01, 0xb4, 
	0x59, 0xb5, 0xaf, 0xb6, 0x02, 0xb8, 0x52, 0xb9, 0xa0, 0xba, 0xec, 0xbb, 0x34, 0xbd, 0x7b, 0xbe, 
	0xc0, 0xbf, 0x02, 0xc1, 0x42, 0xc2, 0x7f, 0xc3, 0xbb, 0xc4, 0xf5, 0xc5, 0x2c, 0xc7, 0x61, 0xc8, 
	0x95, 0xc9, 0xc6, 0xca, 0xf6, 0xcb, 0x24, 0xcd, 0x50, 0xce, 0x7a, 0xcf, 0xa2, 0xd0, 0xc9, 0xd1, 
	0xed, 0xd2, 0x11, 0xd4, 0x32, 0xd5, 0x52, 0xd6, 0x70, 0xd7, 0x8d, 0xd8, 0xa8, 0xd9, 0xc2, 0xda, 
	0xda, 0xdb, 0xf1, 0xdc, 0x06, 0xde, 0x1b, 0xdf, 0x2d, 0xe0, 0x3e, 0xe1, 0x4e, 0xe2, 0x5c, 0xe3, 
	0x69, 0xe4, 0x75, 0xe5, 0x7f, 0xe6, 0x88, 0xe7, 0x90, 0xe8, 0x97, 0xe9, 0x9c, 0xea, 0xa1, 0xeb, 
	0xa4, 0xec, 0xa6, 0xed, 0xa6, 0xee, 0xa6, 0xef, 0xa5, 0xf0, 0xa2, 0xf1, 0x9e, 0xf2, 0x99, 0xf3, 
	0x94, 0xf4, 0x8d, 0xf5, 0x85, 0xf6, 0x7c, 0xf7, 0x72, 0xf8, 0x67, 0xf9, 0x5b, 0xfa, 0x4e, 0xfb, 
	0x40, 0xfc, 0x32, 0xfd, 0x22, 0xfe, 0x12, 0xff, 0xff, 0xff, 0x00, 0x00, 0x00, 0x00, 0x01, 0x00, 
	0x01, 0x01, 0x02, 0x00, 0x00, 0x00, 0x00, 0x00, 0x00, 0x00, 0x00, 0x00, 0x00, 0x00, 0x00, 0x00, 
	0x00, 0x00, 0x00, 0x00, 0x00, 0x00, 0x00, 0x00, 0x00, 0x00, 0x00, 0x00, 0x00, 0x00, 0x00, 0x00, 
	0x00, 0x00, 0x00, 0x00, 0x00, 0x00, 0x00, 0x00, 0x00, 0x00, 0x00, 0x00, 0x00, 0x00, 0x00, 0x00, 
	0x00, 0x00, 0x00, 0x00, 0x00, 0x00, 0x00, 0x00, 0x00, 0x00, 0x00, 0x00, 0x00, 0x00, 0x97, 0x00, 
	0x36, 0x01, 0xdd, 0x01, 0x90, 0x02, 0x50, 0x03, 0x21, 0x04, 0x07, 0x05, 0x0d, 0x06, 0x44, 0x07, 
	0xd9, 0x08, 0xab, 0x0c, 0x7d, 0x10, 0x12, 0x12, 0x49, 0x13, 0x4f, 0x14, 0x36, 0x15, 0x06, 0x16, 
	0xc6, 0x16, 0x79, 0x17, 0x21, 0x18, 0xbf, 0x18, 0x56, 0x19, 0xe7, 0x19, 0x71, 0x1a, 0xf6, 0x1a, 
	0x76, 0x1b, 0xf3, 0x1b, 0x6b, 0x1c, 0xe0, 0x1c, 0x52, 0x1d, 0xc0, 0x1d, 0x2c, 0x1e, 0x96, 0x1e, 
	0xfd, 0x1e, 0x62, 0x1f, 0xc5, 0x1f, 0x25, 0x20, 0x84, 0x20, 0xe2, 0x20, 0x3d, 0x21, 0x97, 0x21, 
	0xf0, 0x21, 0x47, 0x22, 0x9d, 0x22, 0xf1, 0x22, 0x44, 0x23, 0x96, 0x23, 0xe7, 0x23, 0x37, 0x24, 
	0x86, 0x24, 0xd4, 0x24, 0x21, 0x25, 0x6c, 0x25, 0xb7, 0x25, 0x02, 0x26, 0x4b, 0x26, 0x93, 0x26, 
	0xdb, 0x26, 0x22, 0x27, 0x68, 0x27, 0xae, 0x27, 0xf3, 0x27, 0x37, 0x28, 0x7a, 0x28, 0xbd, 0x28, 
	0xff, 0x28, 0x41, 0x29, 0x82, 0x29, 0xc2, 0x29, 0x02, 0x2a, 0x42, 0x2a, 0x81, 0x2a, 0xbf, 0x2a, 
	0xfd, 0x2a, 0x3a, 0x2b, 0x77, 0x2b, 0xb3, 0x2b, 0xef, 0x2b, 0x2b, 0x2c, 0x66, 0x2c, 0xa1, 0x2c, 
	0xdb, 0x2c, 0x15, 0x2d, 0x4e, 0x2d, 0x87, 0x2d, 0xc0, 0x2d, 0xf8, 0x2d, 0x30, 0x2e, 0x67, 0x2e, 
	0x9f, 0x2e, 0xd5, 0x2e, 0x0c, 0x2f, 0x42, 0x2f, 0x78, 0x2f, 0xad, 0x2f, 0xe3, 0x2f, 0x18, 0x30, 
	0x4c, 0x30, 0x80, 0x30, 0xb4, 0x30, 0xe8, 0x30, 0xb0, 0x36, 0xc3, 0x3b, 0x57, 0x40, 0x8c, 0x44, 
	0x75, 0x48, 0x21, 0x4c, 0x99, 0x4f, 0xe5, 0x52, 0x0b, 0x56, 0x10, 0x59, 0xf8, 0x5b, 0xc6, 0x5e, 
	0x7b, 0x61, 0x1c, 0x64, 0xa8, 0x66, 0x23, 0x69, 0x8d, 0x6b, 0xe8, 0x6d, 0x34, 0x70, 0x73, 0x72, 
	0xa6, 0x74, 0xcd, 0x76, 0xe9, 0x78, 0xfb, 0x7a, 0x03, 0x7d, 0x02, 0x7f, 0xf8, 0x80, 0xe6, 0x82, 
	0xcb, 0x84, 0xaa, 0x86, 0x81, 0x88, 0x51, 0x8a, 0x1a, 0x8c, 0xde, 0x8d, 0x9c, 0x8f, 0x53, 0x91, 
	0x05, 0x93, 0xb1, 0x94, 0x58, 0x96, 0xfa, 0x97, 0x97, 0x99, 0x30, 0x9b, 0xc4, 0x9c, 0x53, 0x9e, 
	0xdf, 0x9f, 0x66, 0xa1, 0xe9, 0xa2, 0x69, 0xa4, 0xe4, 0xa5, 0x5c, 0xa7, 0xd1, 0xa8, 0x42, 0xaa, 
	0xb0, 0xab, 0x1a, 0xad, 0x81, 0xae, 0xe6, 0xaf, 0x47, 0xb1, 0xa5, 0xb2, 0x01, 0xb4, 0x59, 0xb5, 
	0xaf, 0xb6, 0x02, 0xb8, 0x52, 0xb9, 0xa0, 0xba, 0xec, 0xbb, 0x34, 0xbd, 0x7b, 0xbe, 0xc0, 0xbf, 
	0x02, 0xc1, 0x42, 0xc2, 0x7f, 0xc3, 0xbb, 0xc4, 0xf5, 0xc5, 0x2c, 0xc7, 0x61, 0xc8, 0x95, 0xc9, 
	0xc6, 0xca, 0xf6, 0xcb, 0x24, 0xcd, 0x50, 0xce, 0x7a, 0xcf, 0xa2, 0xd0, 0xc9, 0xd1, 0xed, 0xd2, 
	0x11, 0xd4, 0x32, 0xd5, 0x52, 0xd6, 0x70, 0xd7, 0x8d, 0xd8, 0xa8, 0xd9, 0xc2, 0xda, 0xda, 0xdb, 
	0xf1, 0xdc, 0x06, 0xde, 0x1b, 0xdf, 0x2d, 0xe0, 0x3e, 0xe1, 0x4e, 0xe2, 0x5c, 0xe3, 0x69, 0xe4, 
	0x75, 0xe5, 0x7f, 0xe6, 0x88, 0xe7, 0x90, 0xe8, 0x97, 0xe9, 0x9c, 0xea, 0xa1, 0xeb, 0xa4, 0xec, 
	0xa6, 0xed, 0xa6, 0xee, 0xa6, 0xef, 0xa5, 0xf0, 0xa2, 0xf1, 0x9e, 0xf2, 0x99, 0xf3, 0x94, 0xf4, 
	0x8d, 0xf5, 0x85, 0xf6, 0x7c, 0xf7, 0x72, 0xf8, 0x67, 0xf9, 0x5b, 0xfa, 0x4e, 0xfb, 0x40, 0xfc, 
	0x32, 0xfd, 0x22, 0xfe, 0x12, 0xff, 0xff, 0xff, 0x00, 0x00, 0x00, 0x00, 0x01, 0x00, 0x01, 0x00, 
	0x04, 0x00, 0x00, 0x00, 0xe0, 0xc8, 0x10, 0x00, 0x00, 0x00, 0x00, 0x00, 0x01, 0x00, 0x01, 0x00, 
	0x04, 0x00, 0x00, 0x00, 0xe0, 0xc8, 0x10, 0x00, 0x00, 0x00, 0x00, 0x00, 0x01, 0x00, 0x01, 0x00, 
	0x04, 0x00, 0x00, 0x00, 0x40, 0x42, 0x0f, 0x00, 0x00, 0x00, 0x00, 0x00, 0x01, 0x00, 0x01, 0x00, 
	0x04, 0x00, 0x00, 0x00, 0x40, 0x42, 0x0f, 0x00, 0x00, 0x00, 0x00, 0x00, 0x01, 0x00, 0x0b, 0x00, 
	0x01, 0x00, 0x00, 0x00, 0x85, 0x85, 0x82, 0x80, 0x80, 0x78, 0x73, 0x64, 0x64, 0x64, 0x64, 0x00, 
	0x00, 0x00, 0x00, 0x01, 0x00, 0x0b, 0x00, 0x01, 0x00, 0x00, 0x00, 0x85, 0x85, 0x82, 0x80, 0x80, 
	0x78, 0x73, 0x64, 0x64, 0x64, 0x64, 0x00, 0x00, 0x00, 0x00, 0x01, 0x00, 0x09, 0x00, 0x01, 0x00, 
	0x00, 0x00, 0x80, 0x80, 0x80, 0x80, 0x87, 0x87, 0x87, 0x80, 0x80, 0x00, 0x00, 0x00, 0x00, 0x01, 
	0x00, 0x09, 0x00, 0x01, 0x00, 0x00, 0x00, 0x80, 0x80, 0x80, 0x80, 0x87, 0x87, 0x87, 0x80, 0x80, 
	0x00, 0x00, 0x00, 0x00, 0x07, 0x00, 0x02, 0x00, 0x02, 0x00, 0x00, 0x00, 0x00, 0x00, 0x05, 0x00, 
	0x00, 0x01, 0x08, 0x00, 0x00, 0x02, 0x19, 0x00, 0x00, 0x03, 0x26, 0x00, 0x00, 0x04, 0x28, 0x00, 
	0x00, 0x05, 0x2d, 0x00, 0x00, 0x06, 0x3c, 0x00, 0x00, 0x00, 0x00, 0x00, 0x07, 0x00, 0x02, 0x00, 
	0x02, 0x00, 0x00, 0x00, 0x00, 0x00, 0x05, 0x00, 0x00, 0x01, 0x08, 0x00, 0x00, 0x02, 0x19, 0x00, 
	0x00, 0x03, 0x26, 0x00, 0x00, 0x04, 0x28, 0x00, 0x00, 0x05, 0x32, 0x00, 0x00, 0x06, 0x3c, 0x00, 
	0x00, 0x00, 0x00, 0x00, 0x07, 0x00, 0x02, 0x00, 0x02, 0x00, 0x00, 0x00, 0x00, 0x00, 0x0a, 0x00, 
	0x00, 0x01, 0x14, 0x00, 0x00, 0x02, 0x1e, 0x00, 0x00, 0x03, 0x34, 0x00, 0x00, 0x04, 0x40, 0x00, 
	0x00, 0x05, 0x42, 0x00, 0x00, 0x06, 0x44, 0x00, 0x00, 0x00, 0x00, 0x00, 0x07, 0x00, 0x02, 0x00, 
	0x02, 0x00, 0x00, 0x00, 0x00, 0x00, 0x0a, 0x00, 0x00, 0x01, 0x14, 0x00, 0x00, 0x02, 0x1e, 0x00, 
	0x00, 0x03, 0x34, 0x00, 0x00, 0x04, 0x40, 0x00, 0x00, 0x05, 0x42, 0x00, 0x00, 0x06, 0x44, 0x00, 
	0x00, 0x00, 0x00, 0x00, 0x06, 0x00, 0x02, 0x00, 0x02, 0x00, 0x00, 0x00, 0x00, 0x00, 0xff, 0x00, 
	0x00, 0x01, 0xff, 0x00, 0x00, 0x02, 0xff, 0x00, 0x00, 0x03, 0xff, 0x00, 0x00, 0x04, 0xff, 0x00, 
	0x00, 0x05, 0xff, 0x00, 0x00, 0x00, 0x00, 0x00, 0x06, 0x00, 0x02, 0x00, 0x02, 0x00, 0x00, 0x00, 
	0x00, 0x00, 0xff, 0x00, 0x00, 0x01, 0xff, 0x00, 0x00, 0x02, 0xff, 0x00, 0x00, 0x03, 0xff, 0x00, 
	0x00, 0x04, 0xff, 0x00, 0x00, 0x05, 0xff, 0x00, 0x00, 0x00, 0x00, 0x00, 0x05, 0x00, 0x02, 0x00, 
	0x02, 0x00, 0x00, 0x00, 0x00, 0x00, 0xff, 0x00, 0x00, 0x01, 0xff, 0x00, 0x00, 0x02, 0xff, 0x00, 
	0x00, 0x03, 0xff, 0x00, 0x00, 0x04, 0xff, 0x00, 0x00, 0x00, 0x00, 0x00, 0x05, 0x00, 0x02, 0x00, 
	0x02, 0x00, 0x00, 0x00, 0x00, 0x00, 0xff, 0x00, 0x00, 0x01, 0xff, 0x00, 0x00, 0x02, 0xff, 0x00, 
	0x00, 0x03, 0xff, 0x00, 0x00, 0x04, 0xff, 0x00, 0x00, 0x00, 0x00, 0x00, 0x06, 0x00, 0x02, 0x00, 
	0x02, 0x00, 0x00, 0x00, 0x00, 0x00, 0x00, 0x00, 0x00, 0x02, 0x0a, 0x00, 0x00, 0x03, 0x0d, 0x00, 
	0x00, 0x04, 0x14, 0x00, 0x00, 0x05, 0x1e, 0x00, 0x00, 0x06, 0x28, 0x00, 0x00, 0x00, 0x00, 0x00, 
	0x06, 0x00, 0x02, 0x00, 0x02, 0x00, 0x00, 0x00, 0x00, 0x00, 0x00, 0x00, 0x00, 0x02, 0x0a, 0x00, 
	0x00, 0x03, 0x0d, 0x00, 0x00, 0x04, 0x14, 0x00, 0x00, 0x05, 0x1e, 0x00, 0x00, 0x06, 0x28, 0x00, 
	0x00, 0x00, 0x00, 0x00, 0x05, 0x00, 0x02, 0x00, 0x02, 0x00, 0x00, 0x00, 0x00, 0x00, 0x00, 0x00, 
	0x00, 0x03, 0x0f, 0x00, 0x00, 0x04, 0x14, 0x00, 0x00, 0x05, 0x18, 0x00, 0x00, 0x06, 0x1e, 0x00, 
	0x00, 0x00, 0x00, 0x00, 0x05, 0x00, 0x02, 0x00, 0x02, 0x00, 0x00, 0x00, 0x00, 0x00, 0x00, 0x00, 
	0x00, 0x03, 0x0f, 0x00, 0x00, 0x04, 0x14, 0x00, 0x00, 0x05, 0x18, 0x00, 0x00, 0x06, 0x1e, 0x00, 
	0x00, 0x00, 0x00, 0x00, 0x06, 0x00, 0x02, 0x00, 0x02, 0x00, 0x00, 0x00, 0x00, 0x00, 0x01, 0x00, 
	0x00, 0x02, 0x03, 0x00, 0x00, 0x03, 0x0c, 0x00, 0x00, 0x04, 0x0f, 0x00, 0x00, 0x05, 0x12, 0x00, 
	0x00, 0x06, 0x14, 0x00, 0x00, 0x00, 0x00, 0x00, 0x06, 0x00, 0x02, 0x00, 0x02, 0x00, 0x00, 0x00, 
	0x00, 0x00, 0x01, 0x00, 0x00, 0x02, 0x03, 0x00, 0x00, 0x03, 0x0c, 0x00, 0x00, 0x04, 0x0f, 0x00, 
	0x00, 0x05, 0x12, 0x00, 0x00, 0x06, 0x14, 0x00, 0x00, 0x00, 0x00, 0x00, 0x05, 0x00, 0x02, 0x00, 
	0x02, 0x00, 0x00, 0x00, 0x00, 0x00, 0x0f, 0x00, 0x00, 0x01, 0x0f, 0x00, 0x00, 0x02, 0x0f, 0x00, 
	0x00, 0x03, 0x19, 0x00, 0x00, 0x04, 0x23, 0x00, 0x00, 0x00, 0x00, 0x00, 0x05, 0x00, 0x02, 0x00, 
	0x02, 0x00, 0x00, 0x00, 0x00, 0x00, 0x0f, 0x00, 0x00, 0x01, 0x0f, 0x00, 0x00, 0x02, 0x0f, 0x00, 
	0x00, 0x03, 0x19, 0x00, 0x00, 0x04, 0x23, 0x00, 0x00, 0x00, 0x00, 0x00, 0x08, 0x00, 0x02, 0x00, 
	0x02, 0x00, 0x00, 0x00, 0x00, 0x00, 0x64, 0x00, 0x00, 0x01, 0x64, 0x00, 0x00, 0x02, 0x64, 0x00, 
	0x00, 0x03, 0x5f, 0x00, 0x00, 0x04, 0x5a, 0x00, 0x00, 0x05, 0x55, 0x00, 0x00, 0x06, 0x55, 0x00, 
	0x00, 0x07, 0x4b, 0x00, 0x00, 0x00, 0x00, 0x00, 0x08, 0x00, 0x02, 0x00, 0x02, 0x00, 0x00, 0x00, 
	0x00, 0x00, 0x73, 0x00, 0x00, 0x01, 0x6e, 0x00, 0x00, 0x02, 0x64, 0x00, 0x00, 0x03, 0x5f, 0x00, 
	0x00, 0x04, 0x5a, 0x00, 0x00, 0x05, 0x55, 0x00, 0x00, 0x06, 0x55, 0x00, 0x00, 0x07, 0x4b, 0x00, 
	0x00, 0x00, 0x00, 0x00, 0x04, 0x00, 0x02, 0x00, 0x02, 0x00, 0x00, 0x00, 0x00, 0x00, 0x32, 0x00, 
	0x00, 0x04, 0x23, 0x00, 0x00, 0x05, 0x19, 0x00, 0x00, 0x06, 0x0f, 0x00, 0x00, 0x00, 0x00, 0x00, 
	0x04, 0x00, 0x02, 0x00, 0x02, 0x00, 0x00, 0x00, 0x00, 0x00, 0x32, 0x00, 0x00, 0x04, 0x23, 0x00, 
	0x00, 0x05, 0x19, 0x00, 0x00, 0x06, 0x0f, 0x00, 0x00, 0x00, 0x00, 0x00, 0x08, 0x00, 0x02, 0x00, 
	0x02, 0x00, 0x00, 0x00, 0x00, 0x00, 0x78, 0x00, 0x00, 0x01, 0x73, 0x00, 0x00, 0x02, 0x64, 0x00, 
	0x00, 0x03, 0x64, 0x00, 0x00, 0x04, 0x5a, 0x00, 0x00, 0x05, 0x55, 0x00, 0x00, 0x06, 0x4b, 0x00, 
	0x00, 0x07, 0x46, 0x00, 0x00, 0x00, 0x00, 0x00, 0x08, 0x00, 0x02, 0x00, 0x02, 0x00, 0x00, 0x00, 
	0x00, 0x00, 0x82, 0x00, 0x00, 0x01, 0x78, 0x00, 0x00, 0x02, 0x64, 0x00, 0x00, 0x03, 0x64, 0x00, 
	0x00, 0x04, 0x5a, 0x00, 0x00, 0x05, 0x55, 0x00, 0x00, 0x06, 0x4b, 0x00, 0x00, 0x07, 0x46, 0x00, 
	0x00, 0x00, 0x00, 0x00, 0x04, 0x00, 0x02, 0x00, 0x02, 0x00, 0x00, 0x00, 0x00, 0x00, 0x37, 0x00, 
	0x00, 0x04, 0x32, 0x00, 0x00, 0x05, 0x23, 0x00, 0x00, 0x06, 0x05, 0x00, 0x00, 0x00, 0x00, 0x00, 
	0x04, 0x00, 0x02, 0x00, 0x02, 0x00, 0x00, 0x00, 0x00, 0x00, 0x37, 0x00, 0x00, 0x04, 0x32, 0x00, 
	0x00, 0x05, 0x23, 0x00, 0x00, 0x06, 0x05, 0x00, 0x00, 0x00, 0x00, 0x00, 0x06, 0x00, 0x02, 0x00, 
	0x02, 0x00, 0x00, 0x00, 0x00, 0x00, 0x00, 0x00, 0x00, 0x02, 0x05, 0x00, 0x00, 0x03, 0x0a, 0x00, 
	0x00, 0x04, 0x0f, 0x00, 0x00, 0x05, 0x19, 0x00, 0x00, 0x06, 0x23, 0x00, 0x00, 0x00, 0x00, 0x00, 
	0x06, 0x00, 0x02, 0x00, 0x02, 0x00, 0x00, 0x00, 0x00, 0x00, 0x00, 0x00, 0x00, 0x02, 0x05, 0x00, 
	0x00, 0x03, 0x0a, 0x00, 0x00, 0x04, 0x0f, 0x00, 0x00, 0x05, 0x19, 0x00, 0x00, 0x06, 0x23, 0x00, 
	0x00, 0x00, 0x00, 0x00, 0x06, 0x00, 0x02, 0x00, 0x02, 0x00, 0x00, 0x00, 0x00, 0x00, 0x00, 0x00, 
	0x00, 0x03, 0x00, 0x00, 0x00, 0x04, 0x08, 0x00, 0x00, 0x04, 0x12, 0x00, 0x00, 0x05, 0x16, 0x00, 
	0x00, 0x06, 0x1e, 0x00, 0x00, 0x00, 0x00, 0x00, 0x06, 0x00, 0x02, 0x00, 0x02, 0x00, 0x00, 0x00, 
	0x00, 0x00, 0x00, 0x00, 0x00, 0x03, 0x00, 0x00, 0x00, 0x04, 0x08, 0x00, 0x00, 0x04, 0x12, 0x00, 
	0x00, 0x05, 0x16, 0x00, 0x00, 0x06, 0x1e, 0x00, 0x00, 0x00, 0x00, 0x00, 0x09, 0x00, 0x02, 0x00, 
	0x02, 0x00, 0x00, 0x00, 0x00, 0x00, 0x84, 0x00, 0x00, 0x01, 0x80, 0x00, 0x00, 0x02, 0x80, 0x00, 
	0x00, 0x03, 0x80, 0x00, 0x00, 0x04, 0x78, 0x00, 0x00, 0x05, 0x78, 0x00, 0x00, 0x06, 0x6e, 0x00, 
	0x00, 0x07, 0x64, 0x00, 0x00, 0x08, 0x32, 0x00, 0x00, 0x00, 0x00, 0x00, 0x09, 0x00, 0x02, 0x00, 
	0x02, 0x00, 0x00, 0x00, 0x00, 0x00, 0x00, 0x00, 0x00, 0x01, 0x00, 0x00, 0x00, 0x02, 0x00, 0x00, 
	0x00, 0x03, 0x00, 0x00, 0x00, 0x04, 0x00, 0x00, 0x00, 0x05, 0x00, 0x00, 0x00, 0x06, 0x00, 0x00, 
	0x00, 0x07, 0x00, 0x00, 0x00, 0x08, 0x00, 0x00, 0x00, 0x00, 0x00, 0x00, 0x01, 0x00, 0x02, 0x00, 
	0x02, 0x00, 0x00, 0x00, 0x00, 0x00, 0x82, 0x00, 0x00, 0x00, 0x00, 0x00, 0x01, 0x00, 0x02, 0x00, 
	0x02, 0x00, 0x00, 0x00, 0x00, 0x00, 0x82, 0x00, 0x00, 0x00, 0x00, 0x00, 0x01, 0x00, 0x01, 0x00, 
	0x01, 0x00, 0x00, 0x00, 0x64, 0x00, 0x00, 0x00, 0x00, 0x01, 0x00, 0x01, 0x00, 0x01, 0x00, 0x00, 
	0x00, 0x3c, 0x00, 0x00, 0x00, 0x00, 0x01, 0x00, 0x01, 0x00, 0x01, 0x00, 0x00, 0x00, 0xb4, 0x00, 
	0x00, 0x00, 0x00, 0x01, 0x00, 0x01, 0x00, 0x01, 0x00, 0x00, 0x00, 0xb4, 0x00, 0x00, 0x00, 0x00, 
	0x08, 0x00, 0x02, 0x00, 0x02, 0x00, 0x00, 0x00, 0x00, 0x00, 0x1e, 0x00, 0x00, 0x01, 0x1e, 0x00, 
	0x00, 0x02, 0x1e, 0x00, 0x00, 0x03, 0x19, 0x00, 0x00, 0x04, 0x14, 0x00, 0x00, 0x05, 0x14, 0x00, 
	0x00, 0x06, 0x0a, 0x00, 0x00, 0x07, 0x01, 0x00, 0x00, 0x00, 0x00, 0x00, 0x08, 0x00, 0x02, 0x00, 
	0x02, 0x00, 0x00, 0x00, 0x00, 0x00, 0x1e, 0x00, 0x00, 0x01, 0x1e, 0x00, 0x00, 0x02, 0x1e, 0x00, 
	0x00, 0x03, 0x19, 0x00, 0x00, 0x04, 0x14, 0x00, 0x00, 0x05, 0x14, 0x00, 0x00, 0x06, 0x0a, 0x00, 
	0x00, 0x07, 0x01, 0x00, 0x00, 0x00, 0x00, 0x00, 0x01, 0x00, 0x02, 0x00, 0x02, 0x00, 0x00, 0x00, 
	0x00, 0x00, 0x14, 0x00, 0x00, 0x00, 0x00, 0x00, 0x01, 0x00, 0x02, 0x00, 0x02, 0x00, 0x00, 0x00, 
	0x00, 0x00, 0x14, 0x00, 0x00, 0x00, 0x00, 0x00, 0x09, 0x00, 0x02, 0x00, 0x02, 0x00, 0x00, 0x00, 
	0x00, 0x00, 0x28, 0x00, 0x00, 0x01, 0x28, 0x00, 0x00, 0x02, 0x23, 0x00, 0x00, 0x03, 0x1e, 0x00, 
	0x00, 0x04, 0x1e, 0x00, 0x00, 0x05, 0x19, 0x00, 0x00, 0x06, 0x0a, 0x00, 0x00, 0x07, 0x05, 0x00, 
	0x00, 0x08, 0x01, 0x00, 0x00, 0x00, 0x00, 0x00, 0x09, 0x00, 0x02, 0x00, 0x02, 0x00, 0x00, 0x00, 
	0x00, 0x00, 0x28, 0x00, 0x00, 0x01, 0x28, 0x00, 0x00, 0x02, 0x23, 0x00, 0x00, 0x03, 0x1e, 0x00, 
	0x00, 0x04, 0x1e, 0x00, 0x00, 0x05, 0x19, 0x00, 0x00, 0x06, 0x0a, 0x00, 0x00, 0x07, 0x05, 0x00, 
	0x00, 0x08, 0x01, 0x00, 0x00, 0x00, 0x00, 0x00, 0x09, 0x00, 0x02, 0x00, 0x02, 0x00, 0x00, 0x00, 
	0x00, 0x00, 0x32, 0x00, 0x00, 0x01, 0x32, 0x00, 0x00, 0x02, 0x32, 0x00, 0x00, 0x03, 0x32, 0x00, 
	0x00, 0x04, 0x32, 0x00, 0x00, 0x05, 0x32, 0x00, 0x00, 0x06, 0x28, 0x00, 0x00, 0x07, 0x19, 0x00, 
	0x00, 0x08, 0x0a, 0x00, 0x00, 0x00, 0x00, 0x00, 0x09, 0x00, 0x02, 0x00, 0x02, 0x00, 0x00, 0x00, 
	0x00, 0x00, 0x32, 0x00, 0x00, 0x01, 0x32, 0x00, 0x00, 0x02, 0x32, 0x00, 0x00, 0x03, 0x32, 0x00, 
	0x00, 0x04, 0x32, 0x00, 0x00, 0x05, 0x32, 0x00, 0x00, 0x06, 0x28, 0x00, 0x00, 0x07, 0x19, 0x00, 
	0x00, 0x08, 0x0a, 0x00, 0x00, 0x00, 0x00, 0x00, 0x09, 0x00, 0x02, 0x00, 0x02, 0x00, 0x00, 0x00, 
	0x00, 0x00, 0x32, 0x00, 0x00, 0x01, 0x32, 0x00, 0x00, 0x02, 0x2d, 0x00, 0x00, 0x03, 0x28, 0x00, 
	0x00, 0x04, 0x23, 0x00, 0x00, 0x05, 0x1e, 0x00, 0x00, 0x06, 0x0a, 0x00, 0x00, 0x07, 0x05, 0x00, 
	0x00, 0x08, 0x01, 0x00, 0x00, 0x00, 0x00, 0x00, 0x09, 0x00, 0x02, 0x00, 0x02, 0x00, 0x00, 0x00, 
	0x00, 0x00, 0x32, 0x00, 0x00, 0x01, 0x32, 0x00, 0x00, 0x02, 0x2d, 0x00, 0x00, 0x03, 0x28, 0x00, 
	0x00, 0x04, 0x23, 0x00, 0x00, 0x05, 0x1e, 0x00, 0x00, 0x06, 0x0a, 0x00, 0x00, 0x07, 0x05, 0x00, 
	0x00, 0x08, 0x01, 0x00, 0x00, 0x00, 0x00, 0x00, 0x09, 0x00, 0x02, 0x00, 0x02, 0x00, 0x00, 0x00, 
	0x00, 0x00, 0x46, 0x00, 0x00, 0x01, 0x46, 0x00, 0x00, 0x02, 0x46, 0x00, 0x00, 0x03, 0x46, 0x00, 
	0x00, 0x04, 0x46, 0x00, 0x00, 0x05, 0x32, 0x00, 0x00, 0x06, 0x28, 0x00, 0x00, 0x07, 0x19, 0x00, 
	0x00, 0x08, 0x0a, 0x00, 0x00, 0x00, 0x00, 0x00, 0x09, 0x00, 0x02, 0x00, 0x02, 0x00, 0x00, 0x00, 
	0x00, 0x00, 0x46, 0x00, 0x00, 0x01, 0x46, 0x00, 0x00, 0x02, 0x46, 0x00, 0x00, 0x03, 0x46, 0x00, 
	0x00, 0x04, 0x46, 0x00, 0x00, 0x05, 0x32, 0x00, 0x00, 0x06, 0x28, 0x00, 0x00, 0x07, 0x19, 0x00, 
	0x00, 0x08, 0x0a, 0x00, 0x00, 0x00, 0x00, 0x00, 0x05, 0x00, 0x02, 0x00, 0x02, 0x00, 0x00, 0x00, 
	0x00, 0x00, 0x48, 0x00, 0x20, 0x00, 0x46, 0x00, 0x40, 0x00, 0x45, 0x00, 0x60, 0x00, 0x47, 0x00, 
	0x7e, 0x00, 0x47, 0x00, 0x00, 0x00, 0x00, 0x00, 0x05, 0x00, 0x02, 0x00, 0x02, 0x00, 0x00, 0x00, 
	0x00, 0x00, 0x48, 0x00, 0x20, 0x00, 0x46, 0x00, 0x40, 0x00, 0x45, 0x00, 0x60, 0x00, 0x47, 0x00, 
	0x80, 0x00, 0x47, 0x00, 0x00, 0x00, 0x00, 0x00, 0x06, 0x00, 0x02, 0x00, 0x02, 0x00, 0x00, 0x00, 
	0x00, 0x00, 0xca, 0x00, 0x10, 0x00, 0xca, 0x00, 0x20, 0x00, 0xd3, 0x00, 0x30, 0x00, 0xdb, 0x00, 
	0x50, 0x00, 0xf9, 0x00, 0x90, 0x00, 0x3a, 0x01, 0x00, 0x00, 0x00, 0x00, 0x06, 0x00, 0x02, 0x00, 
	0x02, 0x00, 0x00, 0x00, 0x00, 0x00, 0xca, 0x00, 0x10, 0x00, 0xca, 0x00, 0x20, 0x00, 0xd3, 0x00, 
	0x30, 0x00, 0xdb, 0x00, 0x50, 0x00, 0xf9, 0x00, 0x90, 0x00, 0x3a, 0x01, 0x00, 0x00, 0x00, 0x00, 
	0x05, 0x00, 0x02, 0x00, 0x02, 0x00, 0x00, 0x00, 0x00, 0x00, 0x48, 0x00, 0x20, 0x00, 0x46, 0x00, 
	0x40, 0x00, 0x44, 0x00, 0x60, 0x00, 0x47, 0x00, 0x7e, 0x00, 0x43, 0x00, 0x00, 0x00, 0x00, 0x00, 
	0x05, 0x00, 0x02, 0x00, 0x02, 0x00, 0x00, 0x00, 0x00, 0x00, 0x48, 0x00, 0x20, 0x00, 0x46, 0x00, 
	0x40, 0x00, 0x44, 0x00, 0x60, 0x00, 0x47, 0x00, 0x80, 0x00, 0x43, 0x00, 0x00, 0x00, 0x00, 0x00, 
	0x06, 0x00, 0x02, 0x00, 0x02, 0x00, 0x00, 0x00, 0x00, 0x00, 0xca, 0x00, 0x10, 0x00, 0xca, 0x00, 
	0x20, 0x00, 0xd3, 0x00, 0x30, 0x00, 0xdb, 0x00, 0x50, 0x00, 0xf9, 0x00, 0x90, 0x00, 0x3a, 0x01, 
	0x00, 0x00, 0x00, 0x00, 0x06, 0x00, 0x02, 0x00, 0x02, 0x00, 0x00, 0x00, 0x00, 0x00, 0xca, 0x00, 
	0x10, 0x00, 0xca, 0x00, 0x20, 0x00, 0xd3, 0x00, 0x30, 0x00, 0xdb, 0x00, 0x50, 0x00, 0xf9, 0x00, 
	0x90, 0x00, 0x3a, 0x01, 0x00, 0x00, 0x00, 0x00, 0x05, 0x00, 0x02, 0x00, 0x02, 0x00, 0x00, 0x00, 
	0x00, 0x00, 0x48, 0x00, 0x20, 0x00, 0x46, 0x00, 0x40, 0x00, 0x44, 0x00, 0x60, 0x00, 0x47, 0x00, 
	0x7e, 0x00, 0x47, 0x00, 0x00, 0x00, 0x00, 0x00, 0x05, 0x00, 0x02, 0x00, 0x02, 0x00, 0x00, 0x00, 
	0x00, 0x00, 0x48, 0x00, 0x20, 0x00, 0x46, 0x00, 0x40, 0x00, 0x44, 0x00, 0x60, 0x00, 0x47, 0x00, 
	0x80, 0x00, 0x47, 0x00, 0x00, 0x00, 0x00, 0x00, 0x06, 0x00, 0x02, 0x00, 0x02, 0x00, 0x00, 0x00, 
	0x00, 0x00, 0xca, 0x00, 0x10, 0x00, 0xca, 0x00, 0x20, 0x00, 0xd3, 0x00, 0x30, 0x00, 0xdb, 0x00, 
	0x50, 0x00, 0xf9, 0x00, 0x90, 0x00, 0x3a, 0x01, 0x00, 0x00, 0x00, 0x00, 0x06, 0x00, 0x02, 0x00, 
	0x02, 0x00, 0x00, 0x00, 0x00, 0x00, 0xca, 0x00, 0x10, 0x00, 0xca, 0x00, 0x20, 0x00, 0xd3, 0x00, 
	0x30, 0x00, 0xdb, 0x00, 0x50, 0x00, 0xf9, 0x00, 0x90, 0x00, 0x3a, 0x01, 0x00, 0x00, 0x00, 0x00, 
	0x05, 0x00, 0x02, 0x00, 0x02, 0x00, 0x00, 0x00, 0x00, 0x00, 0x48, 0x00, 0x20, 0x00, 0x46, 0x00, 
	0x40, 0x00, 0x45, 0x00, 0x60, 0x00, 0x47, 0x00, 0x7e, 0x00, 0x43, 0x00, 0x00, 0x00, 0x00, 0x00, 
	0x05, 0x00, 0x02, 0x00, 0x02, 0x00, 0x00, 0x00, 0x00, 0x00, 0x48, 0x00, 0x20, 0x00, 0x46, 0x00, 
	0x40, 0x00, 0x45, 0x00, 0x60, 0x00, 0x47, 0x00, 0x80, 0x00, 0x43, 0x00, 0x00, 0x00, 0x00, 0x00, 
	0x06, 0x00, 0x02, 0x00, 0x02, 0x00, 0x00, 0x00, 0x00, 0x00, 0xca, 0x00, 0x10, 0x00, 0xca, 0x00, 
	0x20, 0x00, 0xd3, 0x00, 0x30, 0x00, 0xdb, 0x00, 0x50, 0x00, 0xf9, 0x00, 0x90, 0x00, 0x3a, 0x01, 
	0x00, 0x00, 0x00, 0x00, 0x06, 0x00, 0x02, 0x00, 0x02, 0x00, 0x00, 0x00, 0x00, 0x00, 0xca, 0x00, 
	0x10, 0x00, 0xca, 0x00, 0x20, 0x00, 0xd3, 0x00, 0x30, 0x00, 0xdb, 0x00, 0x50, 0x00, 0xf9, 0x00, 
	0x90, 0x00, 0x3a, 0x01, 0x00, 0x00, 0x00, 0x00, 0x03, 0x00, 0x02, 0x00, 0x02, 0x00, 0x00, 0x00, 
	0x00, 0x00, 0x00, 0x08, 0x00, 0x03, 0x00, 0x08, 0x00, 0x04, 0xff, 0x0f, 0x00, 0x00, 0x00, 0x00, 
	0x03, 0x00, 0x02, 0x00, 0x02, 0x00, 0x00, 0x00, 0x00, 0x00, 0xaa, 0x00, 0x00, 0x03, 0x9e, 0x02, 
	0x00, 0x05, 0xff, 0x0f, 0x00, 0x00, 0x00, 0x00, 0x05, 0x00, 0x02, 0x00, 0x02, 0x00, 0x00, 0x00, 
	0x00, 0x00, 0xaa, 0x00, 0x00, 0x01, 0xaa, 0x00, 0x00, 0x03, 0xaa, 0x00, 0x00, 0x04, 0xaa, 0x00, 
	0x00, 0x05, 0x2c, 0x01, 0x00, 0x00, 0x00, 0x00, 0x05, 0x00, 0x02, 0x00, 0x02, 0x00, 0x00, 0x00, 
	0x00, 0x00, 0xaa, 0x00, 0x00, 0x01, 0xaa, 0x00, 0x00, 0x03, 0xaa, 0x00, 0x00, 0x04, 0xaa, 0x00, 
	0x00, 0x05, 0x2c, 0x01, 0x00, 0x00, 0x00, 0x00, 0x06, 0x00, 0x02, 0x00, 0x02, 0x00, 0x00, 0x00, 
	0x00, 0x00, 0xf8, 0x00, 0x00, 0x01, 0x78, 0x00, 0x00, 0x02, 0x78, 0x00, 0x00, 0x03, 0x50, 0x00, 
	0x00, 0x04, 0x40, 0x00, 0x00, 0x05, 0x40, 0x00, 0x00, 0x00, 0x00, 0x00, 0x06, 0x00, 0x02, 0x00, 
	0x02, 0x00, 0x00, 0x00, 0x00, 0x00, 0x20, 0x03, 0x00, 0x01, 0x2c, 0x01, 0x00, 0x02, 0xa0, 0x00, 
	0x00, 0x03, 0x50, 0x00, 0x00, 0x04, 0x40, 0x00, 0x00, 0x05, 0x40, 0x00, 0x00, 0x00, 0x00, 0x00, 
	0x06, 0x00, 0x02, 0x00, 0x02, 0x00, 0x00, 0x00, 0x00, 0x00, 0xff, 0x0f, 0x00, 0x01, 0xff, 0x0f, 
	0x00, 0x02, 0x28, 0x0a, 0x00, 0x03, 0xff, 0x03, 0x00, 0x04, 0x40, 0x00, 0x00, 0x05, 0x40, 0x00, 
	0x00, 0x00, 0x00, 0x00, 0x06, 0x00, 0x02, 0x00, 0x02, 0x00, 0x00, 0x00, 0x00, 0x00, 0xff, 0x0f, 
	0x00, 0x01, 0xff, 0x0f, 0x00, 0x02, 0x28, 0x0a, 0x00, 0x03, 0xff, 0x03, 0x00, 0x04, 0x40, 0x00, 
	0x00, 0x05, 0x40, 0x00, 0x00, 0x00, 0x00, 0x00, 0x01, 0x00, 0x07, 0x00, 0x04, 0x00, 0x00, 0x00, 
	0x0a, 0x00, 0x00, 0x00, 0x3c, 0x00, 0x00, 0x00, 0x04, 0x00, 0x00, 0x00, 0x00, 0x00, 0x00, 0x00, 
	0x00, 0x00, 0x00, 0x00, 0x00, 0x00, 0x00, 0x00, 0x00, 0x10, 0x00, 0x00, 0x00, 0x00, 0x00, 0x00, 
	0x01, 0x00, 0x07, 0x00, 0x04, 0x00, 0x00, 0x00, 0x0a, 0x00, 0x00, 0x00, 0x3c, 0x00, 0x00, 0x00, 
	0x08, 0x00, 0x00, 0x00, 0x00, 0x00, 0x00, 0x00, 0x00, 0x00, 0x00, 0x00, 0x00, 0x00, 0x00, 0x00, 
	0x00, 0x10, 0x00, 0x00, 0x00, 0x00, 0x00, 0x00, 0x01, 0x00, 0x07, 0x00, 0x04, 0x00, 0x00, 0x00, 
	0x0a, 0x00, 0x00, 0x00, 0x3c, 0x00, 0x00, 0x00, 0x00, 0x00, 0x00, 0x00, 0x60, 0x00, 0x00, 0x00, 
	0x05, 0x00, 0x00, 0x00, 0x00, 0x00, 0x00, 0x00, 0x00, 0x10, 0x00, 0x00, 0x00, 0x00, 0x00, 0x00, 
	0x01, 0x00, 0x07, 0x00, 0x04, 0x00, 0x00, 0x00, 0x0a, 0x00, 0x00, 0x00, 0x42, 0x00, 0x00, 0x00, 
	0x00, 0x00, 0x00, 0x00, 0x60, 0x00, 0x00, 0x00, 0x05, 0x00, 0x00, 0x00, 0x00, 0x00, 0x00, 0x00, 
	0x00, 0x10, 0x00, 0x00, 0x00, 0x00, 0x00, 0x00, 0x01, 0x00, 0x12, 0x00, 0x04, 0x00, 0x00, 0x00, 
	0xdd, 0xfd, 0x01, 0x00, 0xcc, 0x52, 0x02, 0x00, 0x42, 0x7a, 0x02, 0x00, 0x93, 0xa7, 0x02, 0x00, 
	0x2a, 0x0a, 0x03, 0x00, 0x44, 0x4b, 0x03, 0x00, 0x04, 0x6f, 0x03, 0x00, 0xd0, 0x47, 0x04, 0x00, 
	0x8e, 0x99, 0x04, 0x00, 0xe4, 0x8d, 0x05, 0x00, 0xc7, 0x0b, 0x06, 0x00, 0x0a, 0x94, 0x06, 0x00, 
	0x40, 0xe1, 0x06, 0x00, 0x68, 0x26, 0x07, 0x00, 0x64, 0xa0, 0x07, 0x00, 0xc9, 0x5c, 0x08, 0x00, 
	0xb3, 0xe2, 0x08, 0x00, 0xc0, 0x88, 0x09, 0x00, 0x00, 0x00, 0x00, 0x00, 0x01, 0x00, 0x12, 0x00, 
	0x04, 0x00, 0x00, 0x00, 0xdd, 0xfd, 0x01, 0x00, 0xcc, 0x52, 0x02, 0x00, 0x42, 0x7a, 0x02, 0x00, 
	0x93, 0xa7, 0x02, 0x00, 0x2a, 0x0a, 0x03, 0x00, 0x44, 0x4b, 0x03, 0x00, 0x04, 0x6f, 0x03, 0x00, 
	0xd0, 0x47, 0x04, 0x00, 0x8e, 0x99, 0x04, 0x00, 0xe4, 0x8d, 0x05, 0x00, 0xc7, 0x0b, 0x06, 0x00, 
	0x0a, 0x94, 0x06, 0x00, 0x40, 0xe1, 0x06, 0x00, 0x68, 0x26, 0x07, 0x00, 0x64, 0xa0, 0x07, 0x00, 
	0xc9, 0x5c, 0x08, 0x00, 0xb3, 0xe2, 0x08, 0x00, 0xc0, 0x88, 0x09, 0x00, 0x00, 0x00, 0x00, 0x00, 
	0x01, 0x00, 0x01, 0x00, 0x04, 0x00, 0x00, 0x00, 0x00, 0x00, 0x00, 0x00, 0x00, 0x00, 0x00, 0x00, 
	0x01, 0x00, 0x01, 0x00, 0x04, 0x00, 0x00, 0x00, 0x00, 0x00, 0x00, 0x00, 0x00, 0x00, 0x00, 0x00, 
	0x01, 0x00, 0x00, 0x04, 0x01, 0x00, 0x00, 0x00, 0x6e, 0x6a, 0x64, 0x5f, 0x5a, 0x56, 0x53, 0x50, 
	0x4e, 0x4c, 0x4a, 0x49, 0x48, 0x47, 0x47, 0x46, 0x47, 0x47, 0x48, 0x49, 0x4b, 0x4d, 0x4f, 0x52, 
	0x55, 0x58, 0x5c, 0x61, 0x67, 0x71, 0x7d, 0x89, 0x6d, 0x68, 0x63, 0x5e, 0x59, 0x55, 0x52, 0x4f, 
	0x4d, 0x4b, 0x49, 0x48, 0x47, 0x46, 0x46, 0x46, 0x46, 0x46, 0x47, 0x48, 0x4a, 0x4c, 0x4e, 0x51, 
	0x54, 0x57, 0x5b, 0x60, 0x66, 0x6f, 0x7a, 0x85, 0x6b, 0x67, 0x61, 0x5c, 0x58, 0x54, 0x51, 0x4e, 
	0x4c, 0x4a, 0x48, 0x47, 0x46, 0x45, 0x45, 0x45, 0x45, 0x45, 0x46, 0x47, 0x49, 0x4b, 0x4d, 0x50, 
	0x53, 0x56, 0x5a, 0x5f, 0x64, 0x6c, 0x77, 0x81, 0x6a, 0x66, 0x61, 0x5c, 0x57, 0x53, 0x50, 0x4d, 
	0x4b, 0x49, 0x48, 0x46, 0x46, 0x45, 0x45, 0x44, 0x45, 0x45, 0x46, 0x47, 0x48, 0x4a, 0x4c, 0x4f, 
	0x52, 0x55, 0x59, 0x5e, 0x64, 0x6b, 0x75, 0x7e, 0x6a, 0x66, 0x61, 0x5c, 0x57, 0x53, 0x50, 0x4d, 
	0x4b, 0x49, 0x48, 0x46, 0x46, 0x45, 0x45, 0x44, 0x45, 0x45, 0x46, 0x47, 0x48, 0x4a, 0x4c, 0x4f, 
	0x52, 0x55, 0x59, 0x5e, 0x63, 0x6a, 0x74, 0x7c, 0x6a, 0x66, 0x61, 0x5c, 0x57, 0x53, 0x50, 0x4d, 
	0x4b, 0x49, 0x48, 0x47, 0x46, 0x45, 0x45, 0x45, 0x45, 0x45, 0x46, 0x47, 0x48, 0x4a, 0x4c, 0x4f, 
	0x52, 0x55, 0x59, 0x5e, 0x63, 0x6a, 0x73, 0x7b, 0x6a, 0x66, 0x60, 0x5c, 0x57, 0x53, 0x50, 0x4d, 
	0x4b, 0x49, 0x48, 0x47, 0x46, 0x45, 0x45, 0x45, 0x45, 0x45, 0x46, 0x47, 0x48, 0x4a, 0x4c, 0x4f, 
	0x52, 0x55, 0x59, 0x5d, 0x63, 0x69, 0x72, 0x79, 0x69, 0x65, 0x60, 0x5b, 0x57, 0x53, 0x50, 0x4d, 
	0x4b, 0x49, 0x47, 0x46, 0x45, 0x45, 0x44, 0x44, 0x45, 0x45, 0x46, 0x47, 0x48, 0x4a, 0x4c, 0x4e, 
	0x51, 0x54, 0x58, 0x5d, 0x62, 0x68, 0x70, 0x77, 0x68, 0x64, 0x5f, 0x5a, 0x55, 0x52, 0x4f, 0x4c, 
	0x4a, 0x48, 0x47, 0x46, 0x45, 0x44, 0x44, 0x44, 0x44, 0x44, 0x45, 0x46, 0x47, 0x49, 0x4b, 0x4d, 
	0x50, 0x53, 0x57, 0x5c, 0x61, 0x67, 0x6f, 0x75, 0x66, 0x62, 0x5d, 0x58, 0x54, 0x50, 0x4d, 0x4b, 
	0x49, 0x47, 0x45, 0x44, 0x44, 0x43, 0x43, 0x42, 0x43, 0x43, 0x44, 0x45, 0x46, 0x48, 0x4a, 0x4c, 
	0x4f, 0x52, 0x56, 0x5a, 0x5f, 0x65, 0x6c, 0x73, 0x64, 0x61, 0x5b, 0x57, 0x53, 0x4f, 0x4c, 0x49, 
	0x47, 0x46, 0x44, 0x43, 0x42, 0x42, 0x41, 0x41, 0x41, 0x42, 0x43, 0x44, 0x45, 0x46, 0x48, 0x4b, 
	0x4d, 0x51, 0x54, 0x59, 0x5e, 0x63, 0x6a, 0x70, 0x63, 0x5f, 0x5a, 0x56, 0x51, 0x4e, 0x4b, 0x48, 
	0x46, 0x45, 0x43, 0x42, 0x42, 0x41, 0x41, 0x40, 0x41, 0x41, 0x42, 0x43, 0x44, 0x45, 0x47, 0x4a, 
	0x4c, 0x50, 0x53, 0x58, 0x5c, 0x62, 0x69, 0x6f, 0x62, 0x5f, 0x5a, 0x55, 0x51, 0x4d, 0x4a, 0x48, 
	0x46, 0x44, 0x43, 0x42, 0x41, 0x41, 0x40, 0x40, 0x40, 0x41, 0x41, 0x42, 0x43, 0x45, 0x47, 0x49, 
	0x4c, 0x4f, 0x53, 0x57, 0x5c, 0x61, 0x68, 0x6e, 0x62, 0x5f, 0x5a, 0x55, 0x51, 0x4e, 0x4b, 0x48, 
	0x46, 0x44, 0x43, 0x42, 0x41, 0x41, 0x40, 0x40, 0x40, 0x41, 0x41, 0x42, 0x44, 0x45, 0x47, 0x49, 
	0x4c, 0x4f, 0x53, 0x57, 0x5c, 0x62, 0x68, 0x6e, 0x63, 0x60, 0x5b, 0x56, 0x52, 0x4e, 0x4b, 0x49, 
	0x47, 0x45, 0x44, 0x43, 0x42, 0x41, 0x41, 0x41, 0x41, 0x41, 0x42, 0x43, 0x44, 0x46, 0x48, 0x4a, 
	0x4d, 0x50, 0x54, 0x58, 0x5d, 0x63, 0x69, 0x6f, 0x65, 0x61, 0x5c, 0x57, 0x53, 0x4f, 0x4c, 0x4a, 
	0x48, 0x46, 0x45, 0x44, 0x43, 0x42, 0x42, 0x42, 0x42, 0x42, 0x43, 0x44, 0x45, 0x47, 0x49, 0x4b, 
	0x4e, 0x51, 0x55, 0x59, 0x5e, 0x64, 0x6b, 0x70, 0x66, 0x62, 0x5d, 0x59, 0x54, 0x51, 0x4e, 0x4b, 
	0x49, 0x47, 0x46, 0x45, 0x44, 0x43, 0x43, 0x43, 0x43, 0x43, 0x44, 0x45, 0x46, 0x48, 0x4a, 0x4c, 
	0x4f, 0x52, 0x56, 0x5b, 0x60, 0x66, 0x6d, 0x72, 0x67, 0x64, 0x5e, 0x5a, 0x55, 0x52, 0x4f, 0x4c, 
	0x4a, 0x48, 0x47, 0x46, 0x45, 0x44, 0x44, 0x44, 0x44, 0x44, 0x45, 0x46, 0x47, 0x49, 0x4b, 0x4d, 
	0x50, 0x54, 0x57, 0x5c, 0x61, 0x67, 0x6e, 0x74, 0x68, 0x64, 0x5f, 0x5a, 0x56, 0x52, 0x4f, 0x4c, 
	0x4a, 0x48, 0x47, 0x46, 0x45, 0x45, 0x44, 0x44, 0x44, 0x45, 0x45, 0x46, 0x48, 0x49, 0x4b, 0x4e, 
	0x51, 0x54, 0x58, 0x5d, 0x62, 0x68, 0x6f, 0x75, 0x68, 0x64, 0x5f, 0x5a, 0x56, 0x52, 0x4f, 0x4c, 
	0x4a, 0x48, 0x47, 0x46, 0x45, 0x44, 0x44, 0x44, 0x44, 0x45, 0x45, 0x46, 0x48, 0x49, 0x4b, 0x4e, 
	0x51, 0x54, 0x58, 0x5d, 0x62, 0x68, 0x6f, 0x75, 0x69, 0x64, 0x5f, 0x5a, 0x56, 0x52, 0x4f, 0x4c, 
	0x4a, 0x48, 0x47, 0x46, 0x45, 0x44, 0x44, 0x44, 0x44, 0x44, 0x45, 0x46, 0x47, 0x49, 0x4b, 0x4d, 
	0x50, 0x54, 0x58, 0x5c, 0x61, 0x67, 0x6f, 0x75, 0x69, 0x64, 0x5f, 0x5a, 0x55, 0x52, 0x4f, 0x4c, 
	0x4a, 0x48, 0x46, 0x45, 0x45, 0x44, 0x44, 0x43, 0x44, 0x44, 0x45, 0x46, 0x47, 0x49, 0x4b, 0x4d, 
	0x50, 0x54, 0x58, 0x5c, 0x61, 0x67, 0x6f, 0x75, 0x68, 0x64, 0x5f, 0x5a, 0x56, 0x52, 0x4f, 0x4c, 
	0x4a, 0x48, 0x47, 0x45, 0x45, 0x44, 0x44, 0x44, 0x44, 0x44, 0x45, 0x46, 0x47, 0x49, 0x4b, 0x4e, 
	0x51, 0x54, 0x58, 0x5c, 0x62, 0x68, 0x70, 0x76, 0x69, 0x65, 0x60, 0x5b, 0x57, 0x53, 0x50, 0x4d, 
	0x4b, 0x49, 0x47, 0x46, 0x45, 0x45, 0x44, 0x44, 0x44, 0x45, 0x46, 0x47, 0x48, 0x4a, 0x4c, 0x4e, 
	0x51, 0x55, 0x59, 0x5d, 0x63, 0x69, 0x71, 0x78, 0x6b, 0x67, 0x62, 0x5d, 0x58, 0x55, 0x51, 0x4e, 
	0x4c, 0x4a, 0x49, 0x47, 0x47, 0x46, 0x46, 0x45, 0x46, 0x46, 0x47, 0x48, 0x49, 0x4b, 0x4d, 0x50, 
	0x53, 0x57, 0x5b, 0x5f, 0x65, 0x6b, 0x74, 0x7c, 0x6e, 0x6a, 0x64, 0x5f, 0x5b, 0x57, 0x53, 0x50, 
	0x4e, 0x4c, 0x4a, 0x49, 0x48, 0x48, 0x47, 0x47, 0x47, 0x48, 0x49, 0x4a, 0x4b, 0x4d, 0x4f, 0x52, 
	0x55, 0x59, 0x5d, 0x62, 0x67, 0x6f, 0x78, 0x81, 0x72, 0x6d, 0x67, 0x62, 0x5d, 0x59, 0x56, 0x53, 
	0x50, 0x4e, 0x4d, 0x4b, 0x4a, 0x4a, 0x49, 0x49, 0x4a, 0x4a, 0x4b, 0x4c, 0x4e, 0x50, 0x52, 0x55, 
	0x58, 0x5c, 0x60, 0x65, 0x6b, 0x73, 0x7d, 0x87, 0x77, 0x71, 0x6b, 0x65, 0x60, 0x5c, 0x58, 0x55, 
	0x53, 0x51, 0x4f, 0x4d, 0x4c, 0x4c, 0x4b, 0x4b, 0x4c, 0x4c, 0x4d, 0x4e, 0x50, 0x52, 0x54, 0x57, 
	0x5b, 0x5f, 0x63, 0x68, 0x6e, 0x77, 0x83, 0x8d, 0x7b, 0x75, 0x6d, 0x67, 0x63, 0x5e, 0x5b, 0x58, 
	0x55, 0x53, 0x51, 0x4f, 0x4e, 0x4e, 0x4d, 0x4d, 0x4e, 0x4e, 0x4f, 0x50, 0x52, 0x54, 0x57, 0x5a, 
	0x5d, 0x61, 0x66, 0x6b, 0x72, 0x7b, 0x89, 0x95, 0x7f, 0x78, 0x70, 0x69, 0x64, 0x60, 0x5c, 0x59, 
	0x56, 0x54, 0x52, 0x51, 0x50, 0x4f, 0x4f, 0x4f, 0x4f, 0x50, 0x51, 0x52, 0x54, 0x56, 0x59, 0x5c, 
	0x5f, 0x63, 0x68, 0x6d, 0x75, 0x7f, 0x8f, 0x9d, 0x83, 0x7b, 0x72, 0x6b, 0x66, 0x61, 0x5e, 0x5a, 
	0x58, 0x55, 0x54, 0x52, 0x51, 0x50, 0x50, 0x50, 0x50, 0x51, 0x52, 0x53, 0x55, 0x57, 0x5a, 0x5d, 
	0x60, 0x64, 0x69, 0x6f, 0x77, 0x83, 0x95, 0xa6, 0x86, 0x7d, 0x73, 0x6c, 0x67, 0x62, 0x5e, 0x5b, 
	0x58, 0x56, 0x54, 0x53, 0x52, 0x51, 0x51, 0x51, 0x51, 0x52, 0x53, 0x54, 0x56, 0x58, 0x5b, 0x5e, 
	0x61, 0x65, 0x6a, 0x70, 0x79, 0x86, 0x99, 0xac, 0x00, 0x00, 0x00, 0x00, 0x01, 0x00, 0x00, 0x04, 
	0x01, 0x00, 0x00, 0x00, 0x6e, 0x6a, 0x64, 0x5f, 0x5a, 0x56, 0x53, 0x50, 0x4e, 0x4c, 0x4a, 0x49, 
	0x48, 0x47, 0x47, 0x46, 0x47, 0x47, 0x48, 0x49, 0x4b, 0x4d, 0x4f, 0x52, 0x55, 0x58, 0x5c, 0x61, 
	0x67, 0x71, 0x7d, 0x89, 0x6d, 0x68, 0x63, 0x5e, 0x59, 0x55, 0x52, 0x4f, 0x4d, 0x4b, 0x49, 0x48, 
	0x47, 0x46, 0x46, 0x46, 0x46, 0x46, 0x47, 0x48, 0x4a, 0x4c, 0x4e, 0x51, 0x54, 0x57, 0x5b, 0x60, 
	0x66, 0x6f, 0x7a, 0x85, 0x6b, 0x67, 0x61, 0x5c, 0x58, 0x54, 0x51, 0x4e, 0x4c, 0x4a, 0x48, 0x47, 
	0x46, 0x45, 0x45, 0x45, 0x45, 0x45, 0x46, 0x47, 0x49, 0x4b, 0x4d, 0x50, 0x53, 0x56, 0x5a, 0x5f, 
	0x64, 0x6c, 0x77, 0x81, 0x6a, 0x66, 0x61, 0x5c, 0x57, 0x53, 0x50, 0x4d, 0x4b, 0x49, 0x48, 0x46, 
	0x46, 0x45, 0x45, 0x44, 0x45, 0x45, 0x46, 0x47, 0x48, 0x4a, 0x4c, 0x4f, 0x52, 0x55, 0x59, 0x5e, 
	0x64, 0x6b, 0x75, 0x7e, 0x6a, 0x66, 0x61, 0x5c, 0x57, 0x53, 0x50, 0x4d, 0x4b, 0x49, 0x48, 0x46, 
	0x46, 0x45, 0x45, 0x44, 0x45, 0x45, 0x46, 0x47, 0x48, 0x4a, 0x4c, 0x4f, 0x52, 0x55, 0x59, 0x5e, 
	0x63, 0x6a, 0x74, 0x7c, 0x6a, 0x66, 0x61, 0x5c, 0x57, 0x53, 0x50, 0x4d, 0x4b, 0x49, 0x48, 0x47, 
	0x46, 0x45, 0x45, 0x45, 0x45, 0x45, 0x46, 0x47, 0x48, 0x4a, 0x4c, 0x4f, 0x52, 0x55, 0x59, 0x5e, 
	0x63, 0x6a, 0x73, 0x7b, 0x6a, 0x66, 0x60, 0x5c, 0x57, 0x53, 0x50, 0x4d, 0x4b, 0x49, 0x48, 0x47, 
	0x46, 0x45, 0x45, 0x45, 0x45, 0x45, 0x46, 0x47, 0x48, 0x4a, 0x4c, 0x4f, 0x52, 0x55, 0x59, 0x5d, 
	0x63, 0x69, 0x72, 0x79, 0x69, 0x65, 0x60, 0x5b, 0x57, 0x53, 0x50, 0x4d, 0x4b, 0x49, 0x47, 0x46, 
	0x45, 0x45, 0x44, 0x44, 0x45, 0x45, 0x46, 0x47, 0x48, 0x4a, 0x4c, 0x4e, 0x51, 0x54, 0x58, 0x5d, 
	0x62, 0x68, 0x70, 0x77, 0x68, 0x64, 0x5f, 0x5a, 0x55, 0x52, 0x4f, 0x4c, 0x4a, 0x48, 0x47, 0x46, 
	0x45, 0x44, 0x44, 0x44, 0x44, 0x44, 0x45, 0x46, 0x47, 0x49, 0x4b, 0x4d, 0x50, 0x53, 0x57, 0x5c, 
	0x61, 0x67, 0x6f, 0x75, 0x66, 0x62, 0x5d, 0x58, 0x54, 0x50, 0x4d, 0x4b, 0x49, 0x47, 0x45, 0x44, 
	0x44, 0x43, 0x43, 0x42, 0x43, 0x43, 0x44, 0x45, 0x46, 0x48, 0x4a, 0x4c, 0x4f, 0x52, 0x56, 0x5a, 
	0x5f, 0x65, 0x6c, 0x73, 0x64, 0x61, 0x5b, 0x57, 0x53, 0x4f, 0x4c, 0x49, 0x47, 0x46, 0x44, 0x43, 
	0x42, 0x42, 0x41, 0x41, 0x41, 0x42, 0x43, 0x44, 0x45, 0x46, 0x48, 0x4b, 0x4d, 0x51, 0x54, 0x59, 
	0x5e, 0x63, 0x6a, 0x70, 0x63, 0x5f, 0x5a, 0x56, 0x51, 0x4e, 0x4b, 0x48, 0x46, 0x45, 0x43, 0x42, 
	0x42, 0x41, 0x41, 0x40, 0x41, 0x41, 0x42, 0x43, 0x44, 0x45, 0x47, 0x4a, 0x4c, 0x50, 0x53, 0x58, 
	0x5c, 0x62, 0x69, 0x6f, 0x62, 0x5f, 0x5a, 0x55, 0x51, 0x4d, 0x4a, 0x48, 0x46, 0x44, 0x43, 0x42, 
	0x41, 0x41, 0x40, 0x40, 0x40, 0x41, 0x41, 0x42, 0x43, 0x45, 0x47, 0x49, 0x4c, 0x4f, 0x53, 0x57, 
	0x5c, 0x61, 0x68, 0x6e, 0x62, 0x5f, 0x5a, 0x55, 0x51, 0x4e, 0x4b, 0x48, 0x46, 0x44, 0x43, 0x42, 
	0x41, 0x41, 0x40, 0x40, 0x40, 0x41, 0x41, 0x42, 0x44, 0x45, 0x47, 0x49, 0x4c, 0x4f, 0x53, 0x57, 
	0x5c, 0x62, 0x68, 0x6e, 0x63, 0x60, 0x5b, 0x56, 0x52, 0x4e, 0x4b, 0x49, 0x47, 0x45, 0x44, 0x43, 
	0x42, 0x41, 0x41, 0x41, 0x41, 0x41, 0x42, 0x43, 0x44, 0x46, 0x48, 0x4a, 0x4d, 0x50, 0x54, 0x58, 
	0x5d, 0x63, 0x69, 0x6f, 0x65, 0x61, 0x5c, 0x57, 0x53, 0x4f, 0x4c, 0x4a, 0x48, 0x46, 0x45, 0x44, 
	0x43, 0x42, 0x42, 0x42, 0x42, 0x42, 0x43, 0x44, 0x45, 0x47, 0x49, 0x4b, 0x4e, 0x51, 0x55, 0x59, 
	0x5e, 0x64, 0x6b, 0x70, 0x66, 0x62, 0x5d, 0x59, 0x54, 0x51, 0x4e, 0x4b, 0x49, 0x47, 0x46, 0x45, 
	0x44, 0x43, 0x43, 0x43, 0x43, 0x43, 0x44, 0x45, 0x46, 0x48, 0x4a, 0x4c, 0x4f, 0x52, 0x56, 0x5b, 
	0x60, 0x66, 0x6d, 0x72, 0x67, 0x64, 0x5e, 0x5a, 0x55, 0x52, 0x4f, 0x4c, 0x4a, 0x48, 0x47, 0x46, 
	0x45, 0x44, 0x44, 0x44, 0x44, 0x44, 0x45, 0x46, 0x47, 0x49, 0x4b, 0x4d, 0x50, 0x54, 0x57, 0x5c, 
	0x61, 0x67, 0x6e, 0x74, 0x68, 0x64, 0x5f, 0x5a, 0x56, 0x52, 0x4f, 0x4c, 0x4a, 0x48, 0x47, 0x46, 
	0x45, 0x45, 0x44, 0x44, 0x44, 0x45, 0x45, 0x46, 0x48, 0x49, 0x4b, 0x4e, 0x51, 0x54, 0x58, 0x5d, 
	0x62, 0x68, 0x6f, 0x75, 0x68, 0x64, 0x5f, 0x5a, 0x56, 0x52, 0x4f, 0x4c, 0x4a, 0x48, 0x47, 0x46, 
	0x45, 0x44, 0x44, 0x44, 0x44, 0x45, 0x45, 0x46, 0x48, 0x49, 0x4b, 0x4e, 0x51, 0x54, 0x58, 0x5d, 
	0x62, 0x68, 0x6f, 0x75, 0x69, 0x64, 0x5f, 0x5a, 0x56, 0x52, 0x4f, 0x4c, 0x4a, 0x48, 0x47, 0x46, 
	0x45, 0x44, 0x44, 0x44, 0x44, 0x44, 0x45, 0x46, 0x47, 0x49, 0x4b, 0x4d, 0x50, 0x54, 0x58, 0x5c, 
	0x61, 0x67, 0x6f, 0x75, 0x69, 0x64, 0x5f, 0x5a, 0x55, 0x52, 0x4f, 0x4c, 0x4a, 0x48, 0x46, 0x45, 
	0x45, 0x44, 0x44, 0x43, 0x44, 0x44, 0x45, 0x46, 0x47, 0x49, 0x4b, 0x4d, 0x50, 0x54, 0x58, 0x5c, 
	0x61, 0x67, 0x6f, 0x75, 0x68, 0x64, 0x5f, 0x5a, 0x56, 0x52, 0x4f, 0x4c, 0x4a, 0x48, 0x47, 0x45, 
	0x45, 0x44, 0x44, 0x44, 0x44, 0x44, 0x45, 0x46, 0x47, 0x49, 0x4b, 0x4e, 0x51, 0x54, 0x58, 0x5c, 
	0x62, 0x68, 0x70, 0x76, 0x69, 0x65, 0x60, 0x5b, 0x57, 0x53, 0x50, 0x4d, 0x4b, 0x49, 0x47, 0x46, 
	0x45, 0x45, 0x44, 0x44, 0x44, 0x45, 0x46, 0x47, 0x48, 0x4a, 0x4c, 0x4e, 0x51, 0x55, 0x59, 0x5d, 
	0x63, 0x69, 0x71, 0x78, 0x6b, 0x67, 0x62, 0x5d, 0x58, 0x55, 0x51, 0x4e, 0x4c, 0x4a, 0x49, 0x47, 
	0x47, 0x46, 0x46, 0x45, 0x46, 0x46, 0x47, 0x48, 0x49, 0x4b, 0x4d, 0x50, 0x53, 0x57, 0x5b, 0x5f, 
	0x65, 0x6b, 0x74, 0x7c, 0x6e, 0x6a, 0x64, 0x5f, 0x5b, 0x57, 0x53, 0x50, 0x4e, 0x4c, 0x4a, 0x49, 
	0x48, 0x48, 0x47, 0x47, 0x47, 0x48, 0x49, 0x4a, 0x4b, 0x4d, 0x4f, 0x52, 0x55, 0x59, 0x5d, 0x62, 
	0x67, 0x6f, 0x78, 0x81, 0x72, 0x6d, 0x67, 0x62, 0x5d, 0x59, 0x56, 0x53, 0x50, 0x4e, 0x4d, 0x4b, 
	0x4a, 0x4a, 0x49, 0x49, 0x4a, 0x4a, 0x4b, 0x4c, 0x4e, 0x50, 0x52, 0x55, 0x58, 0x5c, 0x60, 0x65, 
	0x6b, 0x73, 0x7d, 0x87, 0x77, 0x71, 0x6b, 0x65, 0x60, 0x5c, 0x58, 0x55, 0x53, 0x51, 0x4f, 0x4d, 
	0x4c, 0x4c, 0x4b, 0x4b, 0x4c, 0x4c, 0x4d, 0x4e, 0x50, 0x52, 0x54, 0x57, 0x5b, 0x5f, 0x63, 0x68, 
	0x6e, 0x77, 0x83, 0x8d, 0x7b, 0x75, 0x6d, 0x67, 0x63, 0x5e, 0x5b, 0x58, 0x55, 0x53, 0x51, 0x4f, 
	0x4e, 0x4e, 0x4d, 0x4d, 0x4e, 0x4e, 0x4f, 0x50, 0x52, 0x54, 0x57, 0x5a, 0x5d, 0x61, 0x66, 0x6b, 
	0x72, 0x7b, 0x89, 0x95, 0x7f, 0x78, 0x70, 0x69, 0x64, 0x60, 0x5c, 0x59, 0x56, 0x54, 0x52, 0x51, 
	0x50, 0x4f, 0x4f, 0x4f, 0x4f, 0x50, 0x51, 0x52, 0x54, 0x56, 0x59, 0x5c, 0x5f, 0x63, 0x68, 0x6d, 
	0x75, 0x7f, 0x8f, 0x9d, 0x83, 0x7b, 0x72, 0x6b, 0x66, 0x61, 0x5e, 0x5a, 0x58, 0x55, 0x54, 0x52, 
	0x51, 0x50, 0x50, 0x50, 0x50, 0x51, 0x52, 0x53, 0x55, 0x57, 0x5a, 0x5d, 0x60, 0x64, 0x69, 0x6f, 
	0x77, 0x83, 0x95, 0xa6, 0x86, 0x7d, 0x73, 0x6c, 0x67, 0x62, 0x5e, 0x5b, 0x58, 0x56, 0x54, 0x53, 
	0x52, 0x51, 0x51, 0x51, 0x51, 0x52, 0x53, 0x54, 0x56, 0x58, 0x5b, 0x5e, 0x61, 0x65, 0x6a, 0x70, 
	0x79, 0x86, 0x99, 0xac, 0x00, 0x00, 0x00, 0x00, 0x01, 0x00, 0x00, 0x04, 0x01, 0x00, 0x00, 0x00, 
	0x01, 0x01, 0x01, 0x01, 0x01, 0x01, 0x01, 0x01, 0x01, 0x01, 0x01, 0x01, 0x01, 0x01, 0x01, 0x01, 
	0x01, 0x01, 0x01, 0x01, 0x01, 0x01, 0x01, 0x01, 0x01, 0x01, 0x01, 0x01, 0x01, 0x01, 0x01, 0x01, 
	0x01, 0x01, 0x01, 0x01, 0x01, 0x01, 0x01, 0x01, 0x01, 0x01, 0x01, 0x01, 0x01, 0x01, 0x01, 0x01, 
	0x01, 0x01, 0x01, 0x01, 0x01, 0x01, 0x01, 0x01, 0x01, 0x01, 0x01, 0x01, 0x01, 0x01, 0x01, 0x01, 
	0x01, 0x01, 0x01, 0x01, 0x01, 0x01, 0x01, 0x01, 0x01, 0x01, 0x01, 0x01, 0x01, 0x01, 0x01, 0x01, 
	0x01, 0x01, 0x01, 0x01, 0x01, 0x01, 0x01, 0x01, 0x01, 0x01, 0x01, 0x01, 0x01, 0x01, 0x01, 0x01, 
	0x01, 0x01, 0x01, 0x01, 0x01, 0x01, 0x01, 0x01, 0x01, 0x01, 0x01, 0x01, 0x01, 0x01, 0x01, 0x01, 
	0x01, 0x01, 0x01, 0x01, 0x01, 0x01, 0x01, 0x01, 0x01, 0x01, 0x01, 0x01, 0x01, 0x01, 0x01, 0x01, 
	0x01, 0x01, 0x01, 0x01, 0x01, 0x01, 0x01, 0x01, 0x01, 0x01, 0x01, 0x01, 0x01, 0x01, 0x01, 0x01, 
	0x01, 0x01, 0x01, 0x01, 0x01, 0x01, 0x01, 0x01, 0x01, 0x01, 0x01, 0x01, 0x01, 0x01, 0x01, 0x01, 
	0x01, 0x01, 0x01, 0x01, 0x01, 0x01, 0x01, 0x01, 0x01, 0x01, 0x01, 0x01, 0x01, 0x01, 0x01, 0x01, 
	0x01, 0x01, 0x01, 0x01, 0x01, 0x01, 0x01, 0x01, 0x01, 0x01, 0x01, 0x01, 0x01, 0x01, 0x01, 0x01, 
	0x01, 0x01, 0x01, 0x01, 0x01, 0x01, 0x01, 0x01, 0x01, 0x01, 0x01, 0x01, 0x01, 0x01, 0x01, 0x01, 
	0x01, 0x01, 0x01, 0x01, 0x01, 0x01, 0x01, 0x01, 0x01, 0x01, 0x01, 0x01, 0x01, 0x01, 0x01, 0x01, 
	0x01, 0x01, 0x01, 0x01, 0x01, 0x01, 0x01, 0x01, 0x01, 0x01, 0x01, 0x01, 0x01, 0x01, 0x01, 0x01, 
	0x01, 0x01, 0x01, 0x01, 0x01, 0x01, 0x01, 0x01, 0x01, 0x01, 0x01, 0x01, 0x01, 0x01, 0x01, 0x01, 
	0x01, 0x01, 0x01, 0x01, 0x01, 0x01, 0x01, 0x01, 0x01, 0x01, 0x01, 0x01, 0x01, 0x01, 0x01, 0x01, 
	0x01, 0x01, 0x01, 0x01, 0x01, 0x01, 0x01, 0x01, 0x01, 0x01, 0x01, 0x01, 0x01, 0x01, 0x01, 0x01, 
	0x01, 0x01, 0x01, 0x01, 0x01, 0x01, 0x01, 0x01, 0x01, 0x01, 0x01, 0x01, 0x01, 0x01, 0x01, 0x01, 
	0x01, 0x01, 0x01, 0x01, 0x01, 0x01, 0x01, 0x01, 0x01, 0x01, 0x01, 0x01, 0x01, 0x01, 0x01, 0x01, 
	0x01, 0x01, 0x01, 0x01, 0x01, 0x01, 0x01, 0x01, 0x01, 0x01, 0x01, 0x01, 0x01, 0x01, 0x01, 0x01, 
	0x01, 0x01, 0x01, 0x01, 0x01, 0x01, 0x01, 0x01, 0x01, 0x01, 0x01, 0x01, 0x01, 0x01, 0x01, 0x01, 
	0x01, 0x01, 0x01, 0x01, 0x01, 0x01, 0x01, 0x01, 0x01, 0x01, 0x01, 0x01, 0x01, 0x01, 0x01, 0x01, 
	0x01, 0x01, 0x01, 0x01, 0x01, 0x01, 0x01, 0x01, 0x01, 0x01, 0x01, 0x01, 0x01, 0x01, 0x01, 0x01, 
	0x01, 0x01, 0x01, 0x01, 0x01, 0x01, 0x01, 0x01, 0x01, 0x01, 0x01, 0x01, 0x01, 0x01, 0x01, 0x01, 
	0x01, 0x01, 0x01, 0x01, 0x01, 0x01, 0x01, 0x01, 0x01, 0x01, 0x01, 0x01, 0x01, 0x01, 0x01, 0x01, 
	0x01, 0x01, 0x01, 0x01, 0x01, 0x01, 0x01, 0x01, 0x01, 0x01, 0x01, 0x01, 0x01, 0x01, 0x01, 0x01, 
	0x01, 0x01, 0x01, 0x01, 0x01, 0x01, 0x01, 0x01, 0x01, 0x01, 0x01, 0x01, 0x01, 0x01, 0x01, 0x01, 
	0x01, 0x01, 0x01, 0x01, 0x01, 0x01, 0x01, 0x01, 0x01, 0x01, 0x01, 0x01, 0x01, 0x01, 0x01, 0x01, 
	0x01, 0x01, 0x01, 0x01, 0x01, 0x01, 0x01, 0x01, 0x01, 0x01, 0x01, 0x01, 0x01, 0x01, 0x01, 0x01, 
	0x01, 0x01, 0x01, 0x01, 0x01, 0x01, 0x01, 0x01, 0x01, 0x01, 0x01, 0x01, 0x01, 0x01, 0x01, 0x01, 
	0x01, 0x01, 0x01, 0x01, 0x01, 0x01, 0x01, 0x01, 0x01, 0x01, 0x01, 0x01, 0x01, 0x01, 0x01, 0x01, 
	0x01, 0x01, 0x01, 0x01, 0x01, 0x01, 0x01, 0x01, 0x01, 0x01, 0x01, 0x01, 0x01, 0x01, 0x01, 0x01, 
	0x01, 0x01, 0x01, 0x01, 0x01, 0x01, 0x01, 0x01, 0x01, 0x01, 0x01, 0x01, 0x01, 0x01, 0x01, 0x01, 
	0x01, 0x01, 0x01, 0x01, 0x01, 0x01, 0x01, 0x01, 0x01, 0x01, 0x01, 0x01, 0x01, 0x01, 0x01, 0x01, 
	0x01, 0x01, 0x01, 0x01, 0x01, 0x01, 0x01, 0x01, 0x01, 0x01, 0x01, 0x01, 0x01, 0x01, 0x01, 0x01, 
	0x01, 0x01, 0x01, 0x01, 0x01, 0x01, 0x01, 0x01, 0x01, 0x01, 0x01, 0x01, 0x01, 0x01, 0x01, 0x01, 
	0x01, 0x01, 0x01, 0x01, 0x01, 0x01, 0x01, 0x01, 0x01, 0x01, 0x01, 0x01, 0x01, 0x01, 0x01, 0x01, 
	0x01, 0x01, 0x01, 0x01, 0x01, 0x01, 0x01, 0x01, 0x01, 0x01, 0x01, 0x01, 0x01, 0x01, 0x01, 0x01, 
	0x01, 0x01, 0x01, 0x01, 0x01, 0x01, 0x01, 0x01, 0x01, 0x01, 0x01, 0x01, 0x01, 0x01, 0x01, 0x01, 
	0x01, 0x01, 0x01, 0x01, 0x01, 0x01, 0x01, 0x01, 0x01, 0x01, 0x01, 0x01, 0x01, 0x01, 0x01, 0x01, 
	0x01, 0x01, 0x01, 0x01, 0x01, 0x01, 0x01, 0x01, 0x01, 0x01, 0x01, 0x01, 0x01, 0x01, 0x01, 0x01, 
	0x01, 0x01, 0x01, 0x01, 0x01, 0x01, 0x01, 0x01, 0x01, 0x01, 0x01, 0x01, 0x01, 0x01, 0x01, 0x01, 
	0x01, 0x01, 0x01, 0x01, 0x01, 0x01, 0x01, 0x01, 0x01, 0x01, 0x01, 0x01, 0x01, 0x01, 0x01, 0x01, 
	0x01, 0x01, 0x01, 0x01, 0x01, 0x01, 0x01, 0x01, 0x01, 0x01, 0x01, 0x01, 0x01, 0x01, 0x01, 0x01, 
	0x01, 0x01, 0x01, 0x01, 0x01, 0x01, 0x01, 0x01, 0x01, 0x01, 0x01, 0x01, 0x01, 0x01, 0x01, 0x01, 
	0x01, 0x01, 0x01, 0x01, 0x01, 0x01, 0x01, 0x01, 0x01, 0x01, 0x01, 0x01, 0x01, 0x01, 0x01, 0x01, 
	0x01, 0x01, 0x01, 0x01, 0x01, 0x01, 0x01, 0x01, 0x01, 0x01, 0x01, 0x01, 0x01, 0x01, 0x01, 0x01, 
	0x01, 0x01, 0x01, 0x01, 0x01, 0x01, 0x01, 0x01, 0x01, 0x01, 0x01, 0x01, 0x01, 0x01, 0x01, 0x01, 
	0x01, 0x01, 0x01, 0x01, 0x01, 0x01, 0x01, 0x01, 0x01, 0x01, 0x01, 0x01, 0x01, 0x01, 0x01, 0x01, 
	0x01, 0x01, 0x01, 0x01, 0x01, 0x01, 0x01, 0x01, 0x01, 0x01, 0x01, 0x01, 0x01, 0x01, 0x01, 0x01, 
	0x01, 0x01, 0x01, 0x01, 0x01, 0x01, 0x01, 0x01, 0x01, 0x01, 0x01, 0x01, 0x01, 0x01, 0x01, 0x01, 
	0x01, 0x01, 0x01, 0x01, 0x01, 0x01, 0x01, 0x01, 0x01, 0x01, 0x01, 0x01, 0x01, 0x01, 0x01, 0x01, 
	0x01, 0x01, 0x01, 0x01, 0x01, 0x01, 0x01, 0x01, 0x01, 0x01, 0x01, 0x01, 0x01, 0x01, 0x01, 0x01, 
	0x01, 0x01, 0x01, 0x01, 0x01, 0x01, 0x01, 0x01, 0x01, 0x01, 0x01, 0x01, 0x01, 0x01, 0x01, 0x01, 
	0x01, 0x01, 0x01, 0x01, 0x01, 0x01, 0x01, 0x01, 0x01, 0x01, 0x01, 0x01, 0x01, 0x01, 0x01, 0x01, 
	0x01, 0x01, 0x01, 0x01, 0x01, 0x01, 0x01, 0x01, 0x01, 0x01, 0x01, 0x01, 0x01, 0x01, 0x01, 0x01, 
	0x01, 0x01, 0x01, 0x01, 0x01, 0x01, 0x01, 0x01, 0x01, 0x01, 0x01, 0x01, 0x01, 0x01, 0x01, 0x01, 
	0x01, 0x01, 0x01, 0x01, 0x01, 0x01, 0x01, 0x01, 0x01, 0x01, 0x01, 0x01, 0x01, 0x01, 0x01, 0x01, 
	0x01, 0x01, 0x01, 0x01, 0x01, 0x01, 0x01, 0x01, 0x01, 0x01, 0x01, 0x01, 0x01, 0x01, 0x01, 0x01, 
	0x01, 0x01, 0x01, 0x01, 0x01, 0x01, 0x01, 0x01, 0x01, 0x01, 0x01, 0x01, 0x01, 0x01, 0x01, 0x01, 
	0x01, 0x01, 0x01, 0x01, 0x01, 0x01, 0x01, 0x01, 0x01, 0x01, 0x01, 0x01, 0x01, 0x01, 0x01, 0x01, 
	0x01, 0x01, 0x01, 0x01, 0x01, 0x01, 0x01, 0x01, 0x01, 0x01, 0x01, 0x01, 0x01, 0x01, 0x01, 0x01, 
	0x01, 0x01, 0x01, 0x01, 0x01, 0x01, 0x01, 0x01, 0x01, 0x01, 0x01, 0x01, 0x01, 0x01, 0x01, 0x01, 
	0x00, 0x00, 0x00, 0x00, 0x01, 0x00, 0x00, 0x04, 0x01, 0x00, 0x00, 0x00, 0x01, 0x01, 0x01, 0x01, 
	0x01, 0x01, 0x01, 0x01, 0x01, 0x01, 0x01, 0x01, 0x01, 0x01, 0x01, 0x01, 0x01, 0x01, 0x01, 0x01, 
	0x01, 0x01, 0x01, 0x01, 0x01, 0x01, 0x01, 0x01, 0x01, 0x01, 0x01, 0x01, 0x01, 0x01, 0x01, 0x01, 
	0x01, 0x01, 0x01, 0x01, 0x01, 0x01, 0x01, 0x01, 0x01, 0x01, 0x01, 0x01, 0x01, 0x01, 0x01, 0x01, 
	0x01, 0x01, 0x01, 0x01, 0x01, 0x01, 0x01, 0x01, 0x01, 0x01, 0x01, 0x01, 0x01, 0x01, 0x01, 0x01, 
	0x01, 0x01, 0x01, 0x01, 0x01, 0x01, 0x01, 0x01, 0x01, 0x01, 0x01, 0x01, 0x01, 0x01, 0x01, 0x01, 
	0x01, 0x01, 0x01, 0x01, 0x01, 0x01, 0x01, 0x01, 0x01, 0x01, 0x01, 0x01, 0x01, 0x01, 0x01, 0x01, 
	0x01, 0x01, 0x01, 0x01, 0x01, 0x01, 0x01, 0x01, 0x01, 0x01, 0x01, 0x01, 0x01, 0x01, 0x01, 0x01, 
	0x01, 0x01, 0x01, 0x01, 0x01, 0x01, 0x01, 0x01, 0x01, 0x01, 0x01, 0x01, 0x01, 0x01, 0x01, 0x01, 
	0x01, 0x01, 0x01, 0x01, 0x01, 0x01, 0x01, 0x01, 0x01, 0x01, 0x01, 0x01, 0x01, 0x01, 0x01, 0x01, 
	0x01, 0x01, 0x01, 0x01, 0x01, 0x01, 0x01, 0x01, 0x01, 0x01, 0x01, 0x01, 0x01, 0x01, 0x01, 0x01, 
	0x01, 0x01, 0x01, 0x01, 0x01, 0x01, 0x01, 0x01, 0x01, 0x01, 0x01, 0x01, 0x01, 0x01, 0x01, 0x01, 
	0x01, 0x01, 0x01, 0x01, 0x01, 0x01, 0x01, 0x01, 0x01, 0x01, 0x01, 0x01, 0x01, 0x01, 0x01, 0x01, 
	0x01, 0x01, 0x01, 0x01, 0x01, 0x01, 0x01, 0x01, 0x01, 0x01, 0x01, 0x01, 0x01, 0x01, 0x01, 0x01, 
	0x01, 0x01, 0x01, 0x01, 0x01, 0x01, 0x01, 0x01, 0x01, 0x01, 0x01, 0x01, 0x01, 0x01, 0x01, 0x01, 
	0x01, 0x01, 0x01, 0x01, 0x01, 0x01, 0x01, 0x01, 0x01, 0x01, 0x01, 0x01, 0x01, 0x01, 0x01, 0x01, 
	0x01, 0x01, 0x01, 0x01, 0x01, 0x01, 0x01, 0x01, 0x01, 0x01, 0x01, 0x01, 0x01, 0x01, 0x01, 0x01, 
	0x01, 0x01, 0x01, 0x01, 0x01, 0x01, 0x01, 0x01, 0x01, 0x01, 0x01, 0x01, 0x01, 0x01, 0x01, 0x01, 
	0x01, 0x01, 0x01, 0x01, 0x01, 0x01, 0x01, 0x01, 0x01, 0x01, 0x01, 0x01, 0x01, 0x01, 0x01, 0x01, 
	0x01, 0x01, 0x01, 0x01, 0x01, 0x01, 0x01, 0x01, 0x01, 0x01, 0x01, 0x01, 0x01, 0x01, 0x01, 0x01, 
	0x01, 0x01, 0x01, 0x01, 0x01, 0x01, 0x01, 0x01, 0x01, 0x01, 0x01, 0x01, 0x01, 0x01, 0x01, 0x01, 
	0x01, 0x01, 0x01, 0x01, 0x01, 0x01, 0x01, 0x01, 0x01, 0x01, 0x01, 0x01, 0x01, 0x01, 0x01, 0x01, 
	0x01, 0x01, 0x01, 0x01, 0x01, 0x01, 0x01, 0x01, 0x01, 0x01, 0x01, 0x01, 0x01, 0x01, 0x01, 0x01, 
	0x01, 0x01, 0x01, 0x01, 0x01, 0x01, 0x01, 0x01, 0x01, 0x01, 0x01, 0x01, 0x01, 0x01, 0x01, 0x01, 
	0x01, 0x01, 0x01, 0x01, 0x01, 0x01, 0x01, 0x01, 0x01, 0x01, 0x01, 0x01, 0x01, 0x01, 0x01, 0x01, 
	0x01, 0x01, 0x01, 0x01, 0x01, 0x01, 0x01, 0x01, 0x01, 0x01, 0x01, 0x01, 0x01, 0x01, 0x01, 0x01, 
	0x01, 0x01, 0x01, 0x01, 0x01, 0x01, 0x01, 0x01, 0x01, 0x01, 0x01, 0x01, 0x01, 0x01, 0x01, 0x01, 
	0x01, 0x01, 0x01, 0x01, 0x01, 0x01, 0x01, 0x01, 0x01, 0x01, 0x01, 0x01, 0x01, 0x01, 0x01, 0x01, 
	0x01, 0x01, 0x01, 0x01, 0x01, 0x01, 0x01, 0x01, 0x01, 0x01, 0x01, 0x01, 0x01, 0x01, 0x01, 0x01, 
	0x01, 0x01, 0x01, 0x01, 0x01, 0x01, 0x01, 0x01, 0x01, 0x01, 0x01, 0x01, 0x01, 0x01, 0x01, 0x01, 
	0x01, 0x01, 0x01, 0x01, 0x01, 0x01, 0x01, 0x01, 0x01, 0x01, 0x01, 0x01, 0x01, 0x01, 0x01, 0x01, 
	0x01, 0x01, 0x01, 0x01, 0x01, 0x01, 0x01, 0x01, 0x01, 0x01, 0x01, 0x01, 0x01, 0x01, 0x01, 0x01, 
	0x01, 0x01, 0x01, 0x01, 0x01, 0x01, 0x01, 0x01, 0x01, 0x01, 0x01, 0x01, 0x01, 0x01, 0x01, 0x01, 
	0x01, 0x01, 0x01, 0x01, 0x01, 0x01, 0x01, 0x01, 0x01, 0x01, 0x01, 0x01, 0x01, 0x01, 0x01, 0x01, 
	0x01, 0x01, 0x01, 0x01, 0x01, 0x01, 0x01, 0x01, 0x01, 0x01, 0x01, 0x01, 0x01, 0x01, 0x01, 0x01, 
	0x01, 0x01, 0x01, 0x01, 0x01, 0x01, 0x01, 0x01, 0x01, 0x01, 0x01, 0x01, 0x01, 0x01, 0x01, 0x01, 
	0x01, 0x01, 0x01, 0x01, 0x01, 0x01, 0x01, 0x01, 0x01, 0x01, 0x01, 0x01, 0x01, 0x01, 0x01, 0x01, 
	0x01, 0x01, 0x01, 0x01, 0x01, 0x01, 0x01, 0x01, 0x01, 0x01, 0x01, 0x01, 0x01, 0x01, 0x01, 0x01, 
	0x01, 0x01, 0x01, 0x01, 0x01, 0x01, 0x01, 0x01, 0x01, 0x01, 0x01, 0x01, 0x01, 0x01, 0x01, 0x01, 
	0x01, 0x01, 0x01, 0x01, 0x01, 0x01, 0x01, 0x01, 0x01, 0x01, 0x01, 0x01, 0x01, 0x01, 0x01, 0x01, 
	0x01, 0x01, 0x01, 0x01, 0x01, 0x01, 0x01, 0x01, 0x01, 0x01, 0x01, 0x01, 0x01, 0x01, 0x01, 0x01, 
	0x01, 0x01, 0x01, 0x01, 0x01, 0x01, 0x01, 0x01, 0x01, 0x01, 0x01, 0x01, 0x01, 0x01, 0x01, 0x01, 
	0x01, 0x01, 0x01, 0x01, 0x01, 0x01, 0x01, 0x01, 0x01, 0x01, 0x01, 0x01, 0x01, 0x01, 0x01, 0x01, 
	0x01, 0x01, 0x01, 0x01, 0x01, 0x01, 0x01, 0x01, 0x01, 0x01, 0x01, 0x01, 0x01, 0x01, 0x01, 0x01, 
	0x01, 0x01, 0x01, 0x01, 0x01, 0x01, 0x01, 0x01, 0x01, 0x01, 0x01, 0x01, 0x01, 0x01, 0x01, 0x01, 
	0x01, 0x01, 0x01, 0x01, 0x01, 0x01, 0x01, 0x01, 0x01, 0x01, 0x01, 0x01, 0x01, 0x01, 0x01, 0x01, 
	0x01, 0x01, 0x01, 0x01, 0x01, 0x01, 0x01, 0x01, 0x01, 0x01, 0x01, 0x01, 0x01, 0x01, 0x01, 0x01, 
	0x01, 0x01, 0x01, 0x01, 0x01, 0x01, 0x01, 0x01, 0x01, 0x01, 0x01, 0x01, 0x01, 0x01, 0x01, 0x01, 
	0x01, 0x01, 0x01, 0x01, 0x01, 0x01, 0x01, 0x01, 0x01, 0x01, 0x01, 0x01, 0x01, 0x01, 0x01, 0x01, 
	0x01, 0x01, 0x01, 0x01, 0x01, 0x01, 0x01, 0x01, 0x01, 0x01, 0x01, 0x01, 0x01, 0x01, 0x01, 0x01, 
	0x01, 0x01, 0x01, 0x01, 0x01, 0x01, 0x01, 0x01, 0x01, 0x01, 0x01, 0x01, 0x01, 0x01, 0x01, 0x01, 
	0x01, 0x01, 0x01, 0x01, 0x01, 0x01, 0x01, 0x01, 0x01, 0x01, 0x01, 0x01, 0x01, 0x01, 0x01, 0x01, 
	0x01, 0x01, 0x01, 0x01, 0x01, 0x01, 0x01, 0x01, 0x01, 0x01, 0x01, 0x01, 0x01, 0x01, 0x01, 0x01, 
	0x01, 0x01, 0x01, 0x01, 0x01, 0x01, 0x01, 0x01, 0x01, 0x01, 0x01, 0x01, 0x01, 0x01, 0x01, 0x01, 
	0x01, 0x01, 0x01, 0x01, 0x01, 0x01, 0x01, 0x01, 0x01, 0x01, 0x01, 0x01, 0x01, 0x01, 0x01, 0x01, 
	0x01, 0x01, 0x01, 0x01, 0x01, 0x01, 0x01, 0x01, 0x01, 0x01, 0x01, 0x01, 0x01, 0x01, 0x01, 0x01, 
	0x01, 0x01, 0x01, 0x01, 0x01, 0x01, 0x01, 0x01, 0x01, 0x01, 0x01, 0x01, 0x01, 0x01, 0x01, 0x01, 
	0x01, 0x01, 0x01, 0x01, 0x01, 0x01, 0x01, 0x01, 0x01, 0x01, 0x01, 0x01, 0x01, 0x01, 0x01, 0x01, 
	0x01, 0x01, 0x01, 0x01, 0x01, 0x01, 0x01, 0x01, 0x01, 0x01, 0x01, 0x01, 0x01, 0x01, 0x01, 0x01, 
	0x01, 0x01, 0x01, 0x01, 0x01, 0x01, 0x01, 0x01, 0x01, 0x01, 0x01, 0x01, 0x01, 0x01, 0x01, 0x01, 
	0x01, 0x01, 0x01, 0x01, 0x01, 0x01, 0x01, 0x01, 0x01, 0x01, 0x01, 0x01, 0x01, 0x01, 0x01, 0x01, 
	0x01, 0x01, 0x01, 0x01, 0x01, 0x01, 0x01, 0x01, 0x01, 0x01, 0x01, 0x01, 0x01, 0x01, 0x01, 0x01, 
	0x01, 0x01, 0x01, 0x01, 0x01, 0x01, 0x01, 0x01, 0x01, 0x01, 0x01, 0x01, 0x01, 0x01, 0x01, 0x01, 
	0x01, 0x01, 0x01, 0x01, 0x01, 0x01, 0x01, 0x01, 0x01, 0x01, 0x01, 0x01, 0x01, 0x01, 0x01, 0x01, 
	0x01, 0x01, 0x01, 0x01, 0x01, 0x01, 0x01, 0x01, 0x01, 0x01, 0x01, 0x01, 0x00, 0x00, 0x00, 0x00, 
	0x01, 0x00, 0x00, 0x04, 0x01, 0x00, 0x00, 0x00, 0x64, 0x61, 0x5d, 0x58, 0x55, 0x52, 0x4f, 0x4d, 
	0x4b, 0x49, 0x48, 0x47, 0x46, 0x45, 0x45, 0x45, 0x45, 0x46, 0x46, 0x47, 0x48, 0x4a, 0x4c, 0x4e, 
	0x51, 0x54, 0x57, 0x5b, 0x60, 0x67, 0x72, 0x7c, 0x63, 0x60, 0x5c, 0x58, 0x54, 0x51, 0x4e, 0x4c, 
	0x4a, 0x48, 0x47, 0x46, 0x45, 0x45, 0x44, 0x44, 0x44, 0x45, 0x46, 0x46, 0x48, 0x49, 0x4b, 0x4d, 
	0x50, 0x53, 0x56, 0x5a, 0x5f, 0x66, 0x70, 0x79, 0x62, 0x5f, 0x5b, 0x57, 0x53, 0x50, 0x4d, 0x4b, 
	0x49, 0x48, 0x46, 0x45, 0x45, 0x44, 0x44, 0x44, 0x44, 0x44, 0x45, 0x46, 0x47, 0x49, 0x4a, 0x4d, 
	0x4f, 0x52, 0x55, 0x59, 0x5d, 0x64, 0x6d, 0x75, 0x61, 0x5e, 0x5a, 0x56, 0x53, 0x50, 0x4d, 0x4b, 
	0x49, 0x47, 0x46, 0x45, 0x45, 0x44, 0x44, 0x44, 0x44, 0x44, 0x45, 0x46, 0x47, 0x48, 0x4a, 0x4c, 
	0x4f, 0x51, 0x55, 0x58, 0x5d, 0x63, 0x6b, 0x73, 0x61, 0x5e, 0x5a, 0x56, 0x53, 0x50, 0x4d, 0x4b, 
	0x49, 0x48, 0x46, 0x46, 0x45, 0x44, 0x44, 0x44, 0x44, 0x44, 0x45, 0x46, 0x47, 0x48, 0x4a, 0x4c, 
	0x4f, 0x52, 0x55, 0x58, 0x5d, 0x63, 0x6a, 0x71, 0x62, 0x5f, 0x5b, 0x57, 0x53, 0x50, 0x4e, 0x4b, 
	0x49, 0x48, 0x47, 0x46, 0x45, 0x45, 0x44, 0x44, 0x44, 0x45, 0x45, 0x46, 0x47, 0x49, 0x4a, 0x4d, 
	0x4f, 0x52, 0x55, 0x59, 0x5d, 0x62, 0x6a, 0x70, 0x62, 0x5f, 0x5b, 0x57, 0x53, 0x50, 0x4e, 0x4b, 
	0x4a, 0x48, 0x47, 0x46, 0x45, 0x45, 0x45, 0x45, 0x45, 0x45, 0x46, 0x46, 0x47, 0x49, 0x4b, 0x4d, 
	0x4f, 0x52, 0x55, 0x59, 0x5d, 0x62, 0x69, 0x6f, 0x61, 0x5e, 0x5a, 0x56, 0x53, 0x50, 0x4d, 0x4b, 
	0x49, 0x48, 0x47, 0x46, 0x45, 0x45, 0x44, 0x44, 0x44, 0x45, 0x45, 0x46, 0x47, 0x49, 0x4a, 0x4c, 
	0x4f, 0x51, 0x55, 0x58, 0x5c, 0x61, 0x68, 0x6e, 0x60, 0x5d, 0x59, 0x55, 0x52, 0x4f, 0x4c, 0x4a, 
	0x49, 0x47, 0x46, 0x45, 0x45, 0x44, 0x44, 0x43, 0x44, 0x44, 0x45, 0x45, 0x46, 0x48, 0x49, 0x4b, 
	0x4e, 0x51, 0x54, 0x57, 0x5b, 0x60, 0x66, 0x6c, 0x5f, 0x5c, 0x58, 0x54, 0x51, 0x4e, 0x4b, 0x49, 
	0x47, 0x46, 0x45, 0x44, 0x43, 0x43, 0x43, 0x42, 0x43, 0x43, 0x44, 0x44, 0x45, 0x47, 0x48, 0x4a, 
	0x4c, 0x4f, 0x52, 0x56, 0x5a, 0x5f, 0x64, 0x69, 0x5d, 0x5a, 0x56, 0x53, 0x4f, 0x4c, 0x4a, 0x48, 
	0x46, 0x45, 0x44, 0x43, 0x42, 0x42, 0x41, 0x41, 0x41, 0x42, 0x42, 0x43, 0x44, 0x45, 0x47, 0x49, 
	0x4b, 0x4e, 0x51, 0x54, 0x58, 0x5d, 0x62, 0x67, 0x5c, 0x59, 0x55, 0x51, 0x4e, 0x4b, 0x49, 0x47, 
	0x45, 0x44, 0x43, 0x42, 0x41, 0x41, 0x41, 0x40, 0x41, 0x41, 0x42, 0x42, 0x43, 0x44, 0x46, 0x48, 
	0x4a, 0x4d, 0x50, 0x53, 0x57, 0x5c, 0x61, 0x65, 0x5b, 0x58, 0x54, 0x51, 0x4e, 0x4b, 0x48, 0x46, 
	0x45, 0x43, 0x42, 0x42, 0x41, 0x41, 0x40, 0x40, 0x40, 0x41, 0x41, 0x42, 0x43, 0x44, 0x45, 0x47, 
	0x49, 0x4c, 0x4f, 0x53, 0x56, 0x5b, 0x60, 0x65, 0x5b, 0x58, 0x55, 0x51, 0x4e, 0x4b, 0x48, 0x47, 
	0x45, 0x44, 0x43, 0x42, 0x41, 0x41, 0x40, 0x40, 0x40, 0x41, 0x41, 0x42, 0x43, 0x44, 0x46, 0x47, 
	0x4a, 0x4c, 0x4f, 0x53, 0x57, 0x5b, 0x60, 0x65, 0x5c, 0x59, 0x55, 0x52, 0x4f, 0x4c, 0x49, 0x47, 
	0x46, 0x44, 0x43, 0x43, 0x42, 0x41, 0x41, 0x41, 0x41, 0x41, 0x42, 0x43, 0x44, 0x45, 0x46, 0x48, 
	0x4a, 0x4d, 0x50, 0x54, 0x58, 0x5c, 0x61, 0x66, 0x5d, 0x5b, 0x57, 0x53, 0x50, 0x4d, 0x4a, 0x48, 
	0x47, 0x45, 0x44, 0x44, 0x43, 0x42, 0x42, 0x42, 0x42, 0x42, 0x43, 0x44, 0x45, 0x46, 0x47, 0x49, 
	0x4c, 0x4e, 0x51, 0x55, 0x59, 0x5e, 0x63, 0x67, 0x5f, 0x5c, 0x58, 0x54, 0x51, 0x4e, 0x4c, 0x49, 
	0x48, 0x46, 0x45, 0x45, 0x44, 0x43, 0x43, 0x43, 0x43, 0x43, 0x44, 0x45, 0x46, 0x47, 0x48, 0x4a, 
	0x4d, 0x50, 0x53, 0x56, 0x5a, 0x5f, 0x65, 0x69, 0x60, 0x5d, 0x59, 0x55, 0x52, 0x4f, 0x4c, 0x4a, 
	0x48, 0x47, 0x46, 0x45, 0x45, 0x44, 0x44, 0x44, 0x44, 0x44, 0x45, 0x45, 0x46, 0x48, 0x49, 0x4b, 
	0x4e, 0x51, 0x54, 0x57, 0x5b, 0x60, 0x66, 0x6a, 0x60, 0x5e, 0x5a, 0x56, 0x52, 0x4f, 0x4d, 0x4b, 
	0x49, 0x47, 0x46, 0x45, 0x45, 0x44, 0x44, 0x44, 0x44, 0x44, 0x45, 0x46, 0x47, 0x48, 0x4a, 0x4c, 
	0x4e, 0x51, 0x54, 0x58, 0x5c, 0x61, 0x66, 0x6b, 0x61, 0x5d, 0x59, 0x56, 0x52, 0x4f, 0x4d, 0x4a, 
	0x49, 0x47, 0x46, 0x45, 0x45, 0x44, 0x44, 0x44, 0x44, 0x44, 0x45, 0x46, 0x47, 0x48, 0x49, 0x4c, 
	0x4e, 0x51, 0x54, 0x58, 0x5c, 0x60, 0x66, 0x6b, 0x60, 0x5d, 0x59, 0x55, 0x52, 0x4f, 0x4c, 0x4a, 
	0x48, 0x47, 0x46, 0x45, 0x44, 0x44, 0x43, 0x43, 0x43, 0x44, 0x44, 0x45, 0x46, 0x47, 0x49, 0x4b, 
	0x4e, 0x50, 0x54, 0x57, 0x5b, 0x60, 0x66, 0x6b, 0x60, 0x5d, 0x58, 0x55, 0x51, 0x4e, 0x4c, 0x4a, 
	0x48, 0x46, 0x45, 0x44, 0x44, 0x43, 0x43, 0x43, 0x43, 0x43, 0x44, 0x45, 0x46, 0x47, 0x49, 0x4b, 
	0x4d, 0x50, 0x53, 0x57, 0x5b, 0x60, 0x66, 0x6b, 0x60, 0x5d, 0x58, 0x55, 0x51, 0x4e, 0x4c, 0x4a, 
	0x48, 0x46, 0x45, 0x44, 0x44, 0x43, 0x43, 0x43, 0x43, 0x43, 0x44, 0x45, 0x46, 0x47, 0x49, 0x4b, 
	0x4d, 0x50, 0x53, 0x57, 0x5b, 0x60, 0x66, 0x6b, 0x60, 0x5d, 0x59, 0x55, 0x52, 0x4f, 0x4c, 0x4a, 
	0x48, 0x47, 0x46, 0x45, 0x44, 0x43, 0x43, 0x43, 0x43, 0x44, 0x44, 0x45, 0x46, 0x48, 0x49, 0x4b, 
	0x4e, 0x51, 0x54, 0x58, 0x5c, 0x61, 0x67, 0x6d, 0x62, 0x5f, 0x5b, 0x57, 0x53, 0x50, 0x4e, 0x4b, 
	0x49, 0x48, 0x47, 0x46, 0x45, 0x45, 0x44, 0x44, 0x44, 0x45, 0x45, 0x46, 0x47, 0x49, 0x4b, 0x4d, 
	0x4f, 0x52, 0x55, 0x59, 0x5d, 0x63, 0x6a, 0x70, 0x65, 0x61, 0x5d, 0x59, 0x55, 0x52, 0x50, 0x4d, 
	0x4b, 0x4a, 0x48, 0x47, 0x47, 0x46, 0x46, 0x46, 0x46, 0x46, 0x47, 0x48, 0x49, 0x4b, 0x4c, 0x4f, 
	0x51, 0x54, 0x58, 0x5b, 0x60, 0x65, 0x6d, 0x74, 0x68, 0x64, 0x60, 0x5b, 0x58, 0x55, 0x52, 0x4f, 
	0x4d, 0x4c, 0x4a, 0x49, 0x49, 0x48, 0x48, 0x48, 0x48, 0x48, 0x49, 0x4a, 0x4b, 0x4d, 0x4f, 0x51, 
	0x54, 0x57, 0x5a, 0x5e, 0x63, 0x69, 0x72, 0x7a, 0x6b, 0x67, 0x62, 0x5e, 0x5a, 0x57, 0x54, 0x52, 
	0x4f, 0x4e, 0x4c, 0x4b, 0x4a, 0x4a, 0x4a, 0x49, 0x4a, 0x4a, 0x4b, 0x4c, 0x4d, 0x4f, 0x51, 0x53, 
	0x56, 0x59, 0x5d, 0x61, 0x66, 0x6d, 0x77, 0x80, 0x6f, 0x6a, 0x65, 0x60, 0x5c, 0x59, 0x56, 0x53, 
	0x51, 0x4f, 0x4e, 0x4d, 0x4c, 0x4b, 0x4b, 0x4b, 0x4b, 0x4c, 0x4c, 0x4e, 0x4f, 0x51, 0x53, 0x55, 
	0x58, 0x5b, 0x5f, 0x63, 0x68, 0x70, 0x7c, 0x86, 0x73, 0x6d, 0x67, 0x61, 0x5e, 0x5a, 0x57, 0x55, 
	0x52, 0x51, 0x4f, 0x4e, 0x4d, 0x4c, 0x4c, 0x4c, 0x4c, 0x4d, 0x4e, 0x4f, 0x50, 0x52, 0x54, 0x56, 
	0x59, 0x5c, 0x60, 0x65, 0x6b, 0x74, 0x81, 0x8e, 0x76, 0x6f, 0x68, 0x63, 0x5e, 0x5b, 0x58, 0x55, 
	0x53, 0x51, 0x50, 0x4f, 0x4e, 0x4d, 0x4d, 0x4d, 0x4d, 0x4e, 0x4e, 0x50, 0x51, 0x53, 0x55, 0x57, 
	0x5a, 0x5d, 0x61, 0x66, 0x6d, 0x77, 0x86, 0x95, 0x78, 0x71, 0x69, 0x63, 0x5f, 0x5c, 0x59, 0x56, 
	0x54, 0x52, 0x50, 0x4f, 0x4e, 0x4e, 0x4d, 0x4d, 0x4e, 0x4e, 0x4f, 0x50, 0x52, 0x53, 0x55, 0x58, 
	0x5b, 0x5e, 0x62, 0x67, 0x6e, 0x79, 0x8a, 0x9b, 0x00, 0x00, 0x00, 0x00, 0x01, 0x00, 0x00, 0x04, 
	0x01, 0x00, 0x00, 0x00, 0x64, 0x61, 0x5d, 0x58, 0x55, 0x52, 0x4f, 0x4d, 0x4b, 0x49, 0x48, 0x47, 
	0x46, 0x45, 0x45, 0x45, 0x45, 0x46, 0x46, 0x47, 0x48, 0x4a, 0x4c, 0x4e, 0x51, 0x54, 0x57, 0x5b, 
	0x60, 0x67, 0x72, 0x7c, 0x63, 0x60, 0x5c, 0x58, 0x54, 0x51, 0x4e, 0x4c, 0x4a, 0x48, 0x47, 0x46, 
	0x45, 0x45, 0x44, 0x44, 0x44, 0x45, 0x46, 0x46, 0x48, 0x49, 0x4b, 0x4d, 0x50, 0x53, 0x56, 0x5a, 
	0x5f, 0x66, 0x70, 0x79, 0x62, 0x5f, 0x5b, 0x57, 0x53, 0x50, 0x4d, 0x4b, 0x49, 0x48, 0x46, 0x45, 
	0x45, 0x44, 0x44, 0x44, 0x44, 0x44, 0x45, 0x46, 0x47, 0x49, 0x4a, 0x4d, 0x4f, 0x52, 0x55, 0x59, 
	0x5d, 0x64, 0x6d, 0x75, 0x61, 0x5e, 0x5a, 0x56, 0x53, 0x50, 0x4d, 0x4b, 0x49, 0x47, 0x46, 0x45, 
	0x45, 0x44, 0x44, 0x44, 0x44, 0x44, 0x45, 0x46, 0x47, 0x48, 0x4a, 0x4c, 0x4f, 0x51, 0x55, 0x58, 
	0x5d, 0x63, 0x6b, 0x73, 0x61, 0x5e, 0x5a, 0x56, 0x53, 0x50, 0x4d, 0x4b, 0x49, 0x48, 0x46, 0x46, 
	0x45, 0x44, 0x44, 0x44, 0x44, 0x44, 0x45, 0x46, 0x47, 0x48, 0x4a, 0x4c, 0x4f, 0x52, 0x55, 0x58, 
	0x5d, 0x63, 0x6a, 0x71, 0x62, 0x5f, 0x5b, 0x57, 0x53, 0x50, 0x4e, 0x4b, 0x49, 0x48, 0x47, 0x46, 
	0x45, 0x45, 0x44, 0x44, 0x44, 0x45, 0x45, 0x46, 0x47, 0x49, 0x4a, 0x4d, 0x4f, 0x52, 0x55, 0x59, 
	0x5d, 0x62, 0x6a, 0x70, 0x62, 0x5f, 0x5b, 0x57, 0x53, 0x50, 0x4e, 0x4b, 0x4a, 0x48, 0x47, 0x46, 
	0x45, 0x45, 0x45, 0x45, 0x45, 0x45, 0x46, 0x46, 0x47, 0x49, 0x4b, 0x4d, 0x4f, 0x52, 0x55, 0x59, 
	0x5d, 0x62, 0x69, 0x6f, 0x61, 0x5e, 0x5a, 0x56, 0x53, 0x50, 0x4d, 0x4b, 0x49, 0x48, 0x47, 0x46, 
	0x45, 0x45, 0x44, 0x44, 0x44, 0x45, 0x45, 0x46, 0x47, 0x49, 0x4a, 0x4c, 0x4f, 0x51, 0x55, 0x58, 
	0x5c, 0x61, 0x68, 0x6e, 0x60, 0x5d, 0x59, 0x55, 0x52, 0x4f, 0x4c, 0x4a, 0x49, 0x47, 0x46, 0x45, 
	0x45, 0x44, 0x44, 0x43, 0x44, 0x44, 0x45, 0x45, 0x46, 0x48, 0x49, 0x4b, 0x4e, 0x51, 0x54, 0x57, 
	0x5b, 0x60, 0x66, 0x6c, 0x5f, 0x5c, 0x58, 0x54, 0x51, 0x4e, 0x4b, 0x49, 0x47, 0x46, 0x45, 0x44, 
	0x43, 0x43, 0x43, 0x42, 0x43, 0x43, 0x44, 0x44, 0x45, 0x47, 0x48, 0x4a, 0x4c, 0x4f, 0x52, 0x56, 
	0x5a, 0x5f, 0x64, 0x69, 0x5d, 0x5a, 0x56, 0x53, 0x4f, 0x4c, 0x4a, 0x48, 0x46, 0x45, 0x44, 0x43, 
	0x42, 0x42, 0x41, 0x41, 0x41, 0x42, 0x42, 0x43, 0x44, 0x45, 0x47, 0x49, 0x4b, 0x4e, 0x51, 0x54, 
	0x58, 0x5d, 0x62, 0x67, 0x5c, 0x59, 0x55, 0x51, 0x4e, 0x4b, 0x49, 0x47, 0x45, 0x44, 0x43, 0x42, 
	0x41, 0x41, 0x41, 0x40, 0x41, 0x41, 0x42, 0x42, 0x43, 0x44, 0x46, 0x48, 0x4a, 0x4d, 0x50, 0x53, 
	0x57, 0x5c, 0x61, 0x65, 0x5b, 0x58, 0x54, 0x51, 0x4e, 0x4b, 0x48, 0x46, 0x45, 0x43, 0x42, 0x42, 
	0x41, 0x41, 0x40, 0x40, 0x40, 0x41, 0x41, 0x42, 0x43, 0x44, 0x45, 0x47, 0x49, 0x4c, 0x4f, 0x53, 
	0x56, 0x5b, 0x60, 0x65, 0x5b, 0x58, 0x55, 0x51, 0x4e, 0x4b, 0x48, 0x47, 0x45, 0x44, 0x43, 0x42, 
	0x41, 0x41, 0x40, 0x40, 0x40, 0x41, 0x41, 0x42, 0x43, 0x44, 0x46, 0x47, 0x4a, 0x4c, 0x4f, 0x53, 
	0x57, 0x5b, 0x60, 0x65, 0x5c, 0x59, 0x55, 0x52, 0x4f, 0x4c, 0x49, 0x47, 0x46, 0x44, 0x43, 0x43, 
	0x42, 0x41, 0x41, 0x41, 0x41, 0x41, 0x42, 0x43, 0x44, 0x45, 0x46, 0x48, 0x4a, 0x4d, 0x50, 0x54, 
	0x58, 0x5c, 0x61, 0x66, 0x5d, 0x5b, 0x57, 0x53, 0x50, 0x4d, 0x4a, 0x48, 0x47, 0x45, 0x44, 0x44, 
	0x43, 0x42, 0x42, 0x42, 0x42, 0x42, 0x43, 0x44, 0x45, 0x46, 0x47, 0x49, 0x4c, 0x4e, 0x51, 0x55, 
	0x59, 0x5e, 0x63, 0x67, 0x5f, 0x5c, 0x58, 0x54, 0x51, 0x4e, 0x4c, 0x49, 0x48, 0x46, 0x45, 0x45, 
	0x44, 0x43, 0x43, 0x43, 0x43, 0x43, 0x44, 0x45, 0x46, 0x47, 0x48, 0x4a, 0x4d, 0x50, 0x53, 0x56, 
	0x5a, 0x5f, 0x65, 0x69, 0x60, 0x5d, 0x59, 0x55, 0x52, 0x4f, 0x4c, 0x4a, 0x48, 0x47, 0x46, 0x45, 
	0x45, 0x44, 0x44, 0x44, 0x44, 0x44, 0x45, 0x45, 0x46, 0x48, 0x49, 0x4b, 0x4e, 0x51, 0x54, 0x57, 
	0x5b, 0x60, 0x66, 0x6a, 0x60, 0x5e, 0x5a, 0x56, 0x52, 0x4f, 0x4d, 0x4b, 0x49, 0x47, 0x46, 0x45, 
	0x45, 0x44, 0x44, 0x44, 0x44, 0x44, 0x45, 0x46, 0x47, 0x48, 0x4a, 0x4c, 0x4e, 0x51, 0x54, 0x58, 
	0x5c, 0x61, 0x66, 0x6b, 0x61, 0x5d, 0x59, 0x56, 0x52, 0x4f, 0x4d, 0x4a, 0x49, 0x47, 0x46, 0x45, 
	0x45, 0x44, 0x44, 0x44, 0x44, 0x44, 0x45, 0x46, 0x47, 0x48, 0x49, 0x4c, 0x4e, 0x51, 0x54, 0x58, 
	0x5c, 0x60, 0x66, 0x6b, 0x60, 0x5d, 0x59, 0x55, 0x52, 0x4f, 0x4c, 0x4a, 0x48, 0x47, 0x46, 0x45, 
	0x44, 0x44, 0x43, 0x43, 0x43, 0x44, 0x44, 0x45, 0x46, 0x47, 0x49, 0x4b, 0x4e, 0x50, 0x54, 0x57, 
	0x5b, 0x60, 0x66, 0x6b, 0x60, 0x5d, 0x58, 0x55, 0x51, 0x4e, 0x4c, 0x4a, 0x48, 0x46, 0x45, 0x44, 
	0x44, 0x43, 0x43, 0x43, 0x43, 0x43, 0x44, 0x45, 0x46, 0x47, 0x49, 0x4b, 0x4d, 0x50, 0x53, 0x57, 
	0x5b, 0x60, 0x66, 0x6b, 0x60, 0x5d, 0x58, 0x55, 0x51, 0x4e, 0x4c, 0x4a, 0x48, 0x46, 0x45, 0x44, 
	0x44, 0x43, 0x43, 0x43, 0x43, 0x43, 0x44, 0x45, 0x46, 0x47, 0x49, 0x4b, 0x4d, 0x50, 0x53, 0x57, 
	0x5b, 0x60, 0x66, 0x6b, 0x60, 0x5d, 0x59, 0x55, 0x52, 0x4f, 0x4c, 0x4a, 0x48, 0x47, 0x46, 0x45, 
	0x44, 0x43, 0x43, 0x43, 0x43, 0x44, 0x44, 0x45, 0x46, 0x48, 0x49, 0x4b, 0x4e, 0x51, 0x54, 0x58, 
	0x5c, 0x61, 0x67, 0x6d, 0x62, 0x5f, 0x5b, 0x57, 0x53, 0x50, 0x4e, 0x4b, 0x49, 0x48, 0x47, 0x46, 
	0x45, 0x45, 0x44, 0x44, 0x44, 0x45, 0x45, 0x46, 0x47, 0x49, 0x4b, 0x4d, 0x4f, 0x52, 0x55, 0x59, 
	0x5d, 0x63, 0x6a, 0x70, 0x65, 0x61, 0x5d, 0x59, 0x55, 0x52, 0x50, 0x4d, 0x4b, 0x4a, 0x48, 0x47, 
	0x47, 0x46, 0x46, 0x46, 0x46, 0x46, 0x47, 0x48, 0x49, 0x4b, 0x4c, 0x4f, 0x51, 0x54, 0x58, 0x5b, 
	0x60, 0x65, 0x6d, 0x74, 0x68, 0x64, 0x60, 0x5b, 0x58, 0x55, 0x52, 0x4f, 0x4d, 0x4c, 0x4a, 0x49, 
	0x49, 0x48, 0x48, 0x48, 0x48, 0x48, 0x49, 0x4a, 0x4b, 0x4d, 0x4f, 0x51, 0x54, 0x57, 0x5a, 0x5e, 
	0x63, 0x69, 0x72, 0x7a, 0x6b, 0x67, 0x62, 0x5e, 0x5a, 0x57, 0x54, 0x52, 0x4f, 0x4e, 0x4c, 0x4b, 
	0x4a, 0x4a, 0x4a, 0x49, 0x4a, 0x4a, 0x4b, 0x4c, 0x4d, 0x4f, 0x51, 0x53, 0x56, 0x59, 0x5d, 0x61, 
	0x66, 0x6d, 0x77, 0x80, 0x6f, 0x6a, 0x65, 0x60, 0x5c, 0x59, 0x56, 0x53, 0x51, 0x4f, 0x4e, 0x4d, 
	0x4c, 0x4b, 0x4b, 0x4b, 0x4b, 0x4c, 0x4c, 0x4e, 0x4f, 0x51, 0x53, 0x55, 0x58, 0x5b, 0x5f, 0x63, 
	0x68, 0x70, 0x7c, 0x86, 0x73, 0x6d, 0x67, 0x61, 0x5e, 0x5a, 0x57, 0x55, 0x52, 0x51, 0x4f, 0x4e, 
	0x4d, 0x4c, 0x4c, 0x4c, 0x4c, 0x4d, 0x4e, 0x4f, 0x50, 0x52, 0x54, 0x56, 0x59, 0x5c, 0x60, 0x65, 
	0x6b, 0x74, 0x81, 0x8e, 0x76, 0x6f, 0x68, 0x63, 0x5e, 0x5b, 0x58, 0x55, 0x53, 0x51, 0x50, 0x4f, 
	0x4e, 0x4d, 0x4d, 0x4d, 0x4d, 0x4e, 0x4e, 0x50, 0x51, 0x53, 0x55, 0x57, 0x5a, 0x5d, 0x61, 0x66, 
	0x6d, 0x77, 0x86, 0x95, 0x78, 0x71, 0x69, 0x63, 0x5f, 0x5c, 0x59, 0x56, 0x54, 0x52, 0x50, 0x4f, 
	0x4e, 0x4e, 0x4d, 0x4d, 0x4e, 0x4e, 0x4f, 0x50, 0x52, 0x53, 0x55, 0x58, 0x5b, 0x5e, 0x62, 0x67, 
	0x6e, 0x79, 0x8a, 0x9b, 0x00, 0x00, 0x00, 0x00, 0x01, 0x00, 0x00, 0x04, 0x01, 0x00, 0x00, 0x00, 
	0x01, 0x01, 0x01, 0x01, 0x01, 0x01, 0x01, 0x01, 0x01, 0x01, 0x01, 0x01, 0x01, 0x01, 0x01, 0x01, 
	0x01, 0x01, 0x01, 0x01, 0x01, 0x01, 0x01, 0x01, 0x01, 0x01, 0x01, 0x01, 0x01, 0x01, 0x01, 0x01, 
	0x01, 0x01, 0x01, 0x01, 0x01, 0x01, 0x01, 0x01, 0x01, 0x01, 0x01, 0x01, 0x01, 0x01, 0x01, 0x01, 
	0x01, 0x01, 0x01, 0x01, 0x01, 0x01, 0x01, 0x01, 0x01, 0x01, 0x01, 0x01, 0x01, 0x01, 0x01, 0x01, 
	0x01, 0x01, 0x01, 0x01, 0x01, 0x01, 0x01, 0x01, 0x01, 0x01, 0x01, 0x01, 0x01, 0x01, 0x01, 0x01, 
	0x01, 0x01, 0x01, 0x01, 0x01, 0x01, 0x01, 0x01, 0x01, 0x01, 0x01, 0x01, 0x01, 0x01, 0x01, 0x01, 
	0x01, 0x01, 0x01, 0x01, 0x01, 0x01, 0x01, 0x01, 0x01, 0x01, 0x01, 0x01, 0x01, 0x01, 0x01, 0x01, 
	0x01, 0x01, 0x01, 0x01, 0x01, 0x01, 0x01, 0x01, 0x01, 0x01, 0x01, 0x01, 0x01, 0x01, 0x01, 0x01, 
	0x01, 0x01, 0x01, 0x01, 0x01, 0x01, 0x01, 0x01, 0x01, 0x01, 0x01, 0x01, 0x01, 0x01, 0x01, 0x01, 
	0x01, 0x01, 0x01, 0x01, 0x01, 0x01, 0x01, 0x01, 0x01, 0x01, 0x01, 0x01, 0x01, 0x01, 0x01, 0x01, 
	0x01, 0x01, 0x01, 0x01, 0x01, 0x01, 0x01, 0x01, 0x01, 0x01, 0x01, 0x01, 0x01, 0x01, 0x01, 0x01, 
	0x01, 0x01, 0x01, 0x01, 0x01, 0x01, 0x01, 0x01, 0x01, 0x01, 0x01, 0x01, 0x01, 0x01, 0x01, 0x01, 
	0x01, 0x01, 0x01, 0x01, 0x01, 0x01, 0x01, 0x01, 0x01, 0x01, 0x01, 0x01, 0x01, 0x01, 0x01, 0x01, 
	0x01, 0x01, 0x01, 0x01, 0x01, 0x01, 0x01, 0x01, 0x01, 0x01, 0x01, 0x01, 0x01, 0x01, 0x01, 0x01, 
	0x01, 0x01, 0x01, 0x01, 0x01, 0x01, 0x01, 0x01, 0x01, 0x01, 0x01, 0x01, 0x01, 0x01, 0x01, 0x01, 
	0x01, 0x01, 0x01, 0x01, 0x01, 0x01, 0x01, 0x01, 0x01, 0x01, 0x01, 0x01, 0x01, 0x01, 0x01, 0x01, 
	0x01, 0x01, 0x01, 0x01, 0x01, 0x01, 0x01, 0x01, 0x01, 0x01, 0x01, 0x01, 0x01, 0x01, 0x01, 0x01, 
	0x01, 0x01, 0x01, 0x01, 0x01, 0x01, 0x01, 0x01, 0x01, 0x01, 0x01, 0x01, 0x01, 0x01, 0x01, 0x01, 
	0x01, 0x01, 0x01, 0x01, 0x01, 0x01, 0x01, 0x01, 0x01, 0x01, 0x01, 0x01, 0x01, 0x01, 0x01, 0x01, 
	0x01, 0x01, 0x01, 0x01, 0x01, 0x01, 0x01, 0x01, 0x01, 0x01, 0x01, 0x01, 0x01, 0x01, 0x01, 0x01, 
	0x01, 0x01, 0x01, 0x01, 0x01, 0x01, 0x01, 0x01, 0x01, 0x01, 0x01, 0x01, 0x01, 0x01, 0x01, 0x01, 
	0x01, 0x01, 0x01, 0x01, 0x01, 0x01, 0x01, 0x01, 0x01, 0x01, 0x01, 0x01, 0x01, 0x01, 0x01, 0x01, 
	0x01, 0x01, 0x01, 0x01, 0x01, 0x01, 0x01, 0x01, 0x01, 0x01, 0x01, 0x01, 0x01, 0x01, 0x01, 0x01, 
	0x01, 0x01, 0x01, 0x01, 0x01, 0x01, 0x01, 0x01, 0x01, 0x01, 0x01, 0x01, 0x01, 0x01, 0x01, 0x01, 
	0x01, 0x01, 0x01, 0x01, 0x01, 0x01, 0x01, 0x01, 0x01, 0x01, 0x01, 0x01, 0x01, 0x01, 0x01, 0x01, 
	0x01, 0x01, 0x01, 0x01, 0x01, 0x01, 0x01, 0x01, 0x01, 0x01, 0x01, 0x01, 0x01, 0x01, 0x01, 0x01, 
	0x01, 0x01, 0x01, 0x01, 0x01, 0x01, 0x01, 0x01, 0x01, 0x01, 0x01, 0x01, 0x01, 0x01, 0x01, 0x01, 
	0x01, 0x01, 0x01, 0x01, 0x01, 0x01, 0x01, 0x01, 0x01, 0x01, 0x01, 0x01, 0x01, 0x01, 0x01, 0x01, 
	0x01, 0x01, 0x01, 0x01, 0x01, 0x01, 0x01, 0x01, 0x01, 0x01, 0x01, 0x01, 0x01, 0x01, 0x01, 0x01, 
	0x01, 0x01, 0x01, 0x01, 0x01, 0x01, 0x01, 0x01, 0x01, 0x01, 0x01, 0x01, 0x01, 0x01, 0x01, 0x01, 
	0x01, 0x01, 0x01, 0x01, 0x01, 0x01, 0x01, 0x01, 0x01, 0x01, 0x01, 0x01, 0x01, 0x01, 0x01, 0x01, 
	0x01, 0x01, 0x01, 0x01, 0x01, 0x01, 0x01, 0x01, 0x01, 0x01, 0x01, 0x01, 0x01, 0x01, 0x01, 0x01, 
	0x01, 0x01, 0x01, 0x01, 0x01, 0x01, 0x01, 0x01, 0x01, 0x01, 0x01, 0x01, 0x01, 0x01, 0x01, 0x01, 
	0x01, 0x01, 0x01, 0x01, 0x01, 0x01, 0x01, 0x01, 0x01, 0x01, 0x01, 0x01, 0x01, 0x01, 0x01, 0x01, 
	0x01, 0x01, 0x01, 0x01, 0x01, 0x01, 0x01, 0x01, 0x01, 0x01, 0x01, 0x01, 0x01, 0x01, 0x01, 0x01, 
	0x01, 0x01, 0x01, 0x01, 0x01, 0x01, 0x01, 0x01, 0x01, 0x01, 0x01, 0x01, 0x01, 0x01, 0x01, 0x01, 
	0x01, 0x01, 0x01, 0x01, 0x01, 0x01, 0x01, 0x01, 0x01, 0x01, 0x01, 0x01, 0x01, 0x01, 0x01, 0x01, 
	0x01, 0x01, 0x01, 0x01, 0x01, 0x01, 0x01, 0x01, 0x01, 0x01, 0x01, 0x01, 0x01, 0x01, 0x01, 0x01, 
	0x01, 0x01, 0x01, 0x01, 0x01, 0x01, 0x01, 0x01, 0x01, 0x01, 0x01, 0x01, 0x01, 0x01, 0x01, 0x01, 
	0x01, 0x01, 0x01, 0x01, 0x01, 0x01, 0x01, 0x01, 0x01, 0x01, 0x01, 0x01, 0x01, 0x01, 0x01, 0x01, 
	0x01, 0x01, 0x01, 0x01, 0x01, 0x01, 0x01, 0x01, 0x01, 0x01, 0x01, 0x01, 0x01, 0x01, 0x01, 0x01, 
	0x01, 0x01, 0x01, 0x01, 0x01, 0x01, 0x01, 0x01, 0x01, 0x01, 0x01, 0x01, 0x01, 0x01, 0x01, 0x01, 
	0x01, 0x01, 0x01, 0x01, 0x01, 0x01, 0x01, 0x01, 0x01, 0x01, 0x01, 0x01, 0x01, 0x01, 0x01, 0x01, 
	0x01, 0x01, 0x01, 0x01, 0x01, 0x01, 0x01, 0x01, 0x01, 0x01, 0x01, 0x01, 0x01, 0x01, 0x01, 0x01, 
	0x01, 0x01, 0x01, 0x01, 0x01, 0x01, 0x01, 0x01, 0x01, 0x01, 0x01, 0x01, 0x01, 0x01, 0x01, 0x01, 
	0x01, 0x01, 0x01, 0x01, 0x01, 0x01, 0x01, 0x01, 0x01, 0x01, 0x01, 0x01, 0x01, 0x01, 0x01, 0x01, 
	0x01, 0x01, 0x01, 0x01, 0x01, 0x01, 0x01, 0x01, 0x01, 0x01, 0x01, 0x01, 0x01, 0x01, 0x01, 0x01, 
	0x01, 0x01, 0x01, 0x01, 0x01, 0x01, 0x01, 0x01, 0x01, 0x01, 0x01, 0x01, 0x01, 0x01, 0x01, 0x01, 
	0x01, 0x01, 0x01, 0x01, 0x01, 0x01, 0x01, 0x01, 0x01, 0x01, 0x01, 0x01, 0x01, 0x01, 0x01, 0x01, 
	0x01, 0x01, 0x01, 0x01, 0x01, 0x01, 0x01, 0x01, 0x01, 0x01, 0x01, 0x01, 0x01, 0x01, 0x01, 0x01, 
	0x01, 0x01, 0x01, 0x01, 0x01, 0x01, 0x01, 0x01, 0x01, 0x01, 0x01, 0x01, 0x01, 0x01, 0x01, 0x01, 
	0x01, 0x01, 0x01, 0x01, 0x01, 0x01, 0x01, 0x01, 0x01, 0x01, 0x01, 0x01, 0x01, 0x01, 0x01, 0x01, 
	0x01, 0x01, 0x01, 0x01, 0x01, 0x01, 0x01, 0x01, 0x01, 0x01, 0x01, 0x01, 0x01, 0x01, 0x01, 0x01, 
	0x01, 0x01, 0x01, 0x01, 0x01, 0x01, 0x01, 0x01, 0x01, 0x01, 0x01, 0x01, 0x01, 0x01, 0x01, 0x01, 
	0x01, 0x01, 0x01, 0x01, 0x01, 0x01, 0x01, 0x01, 0x01, 0x01, 0x01, 0x01, 0x01, 0x01, 0x01, 0x01, 
	0x01, 0x01, 0x01, 0x01, 0x01, 0x01, 0x01, 0x01, 0x01, 0x01, 0x01, 0x01, 0x01, 0x01, 0x01, 0x01, 
	0x01, 0x01, 0x01, 0x01, 0x01, 0x01, 0x01, 0x01, 0x01, 0x01, 0x01, 0x01, 0x01, 0x01, 0x01, 0x01, 
	0x01, 0x01, 0x01, 0x01, 0x01, 0x01, 0x01, 0x01, 0x01, 0x01, 0x01, 0x01, 0x01, 0x01, 0x01, 0x01, 
	0x01, 0x01, 0x01, 0x01, 0x01, 0x01, 0x01, 0x01, 0x01, 0x01, 0x01, 0x01, 0x01, 0x01, 0x01, 0x01, 
	0x01, 0x01, 0x01, 0x01, 0x01, 0x01, 0x01, 0x01, 0x01, 0x01, 0x01, 0x01, 0x01, 0x01, 0x01, 0x01, 
	0x01, 0x01, 0x01, 0x01, 0x01, 0x01, 0x01, 0x01, 0x01, 0x01, 0x01, 0x01, 0x01, 0x01, 0x01, 0x01, 
	0x01, 0x01, 0x01, 0x01, 0x01, 0x01, 0x01, 0x01, 0x01, 0x01, 0x01, 0x01, 0x01, 0x01, 0x01, 0x01, 
	0x01, 0x01, 0x01, 0x01, 0x01, 0x01, 0x01, 0x01, 0x01, 0x01, 0x01, 0x01, 0x01, 0x01, 0x01, 0x01, 
	0x01, 0x01, 0x01, 0x01, 0x01, 0x01, 0x01, 0x01, 0x01, 0x01, 0x01, 0x01, 0x01, 0x01, 0x01, 0x01, 
	0x00, 0x00, 0x00, 0x00, 0x01, 0x00, 0x00, 0x04, 0x01, 0x00, 0x00, 0x00, 0x01, 0x01, 0x01, 0x01, 
	0x01, 0x01, 0x01, 0x01, 0x01, 0x01, 0x01, 0x01, 0x01, 0x01, 0x01, 0x01, 0x01, 0x01, 0x01, 0x01, 
	0x01, 0x01, 0x01, 0x01, 0x01, 0x01, 0x01, 0x01, 0x01, 0x01, 0x01, 0x01, 0x01, 0x01, 0x01, 0x01, 
	0x01, 0x01, 0x01, 0x01, 0x01, 0x01, 0x01, 0x01, 0x01, 0x01, 0x01, 0x01, 0x01, 0x01, 0x01, 0x01, 
	0x01, 0x01, 0x01, 0x01, 0x01, 0x01, 0x01, 0x01, 0x01, 0x01, 0x01, 0x01, 0x01, 0x01, 0x01, 0x01, 
	0x01, 0x01, 0x01, 0x01, 0x01, 0x01, 0x01, 0x01, 0x01, 0x01, 0x01, 0x01, 0x01, 0x01, 0x01, 0x01, 
	0x01, 0x01, 0x01, 0x01, 0x01, 0x01, 0x01, 0x01, 0x01, 0x01, 0x01, 0x01, 0x01, 0x01, 0x01, 0x01, 
	0x01, 0x01, 0x01, 0x01, 0x01, 0x01, 0x01, 0x01, 0x01, 0x01, 0x01, 0x01, 0x01, 0x01, 0x01, 0x01, 
	0x01, 0x01, 0x01, 0x01, 0x01, 0x01, 0x01, 0x01, 0x01, 0x01, 0x01, 0x01, 0x01, 0x01, 0x01, 0x01, 
	0x01, 0x01, 0x01, 0x01, 0x01, 0x01, 0x01, 0x01, 0x01, 0x01, 0x01, 0x01, 0x01, 0x01, 0x01, 0x01, 
	0x01, 0x01, 0x01, 0x01, 0x01, 0x01, 0x01, 0x01, 0x01, 0x01, 0x01, 0x01, 0x01, 0x01, 0x01, 0x01, 
	0x01, 0x01, 0x01, 0x01, 0x01, 0x01, 0x01, 0x01, 0x01, 0x01, 0x01, 0x01, 0x01, 0x01, 0x01, 0x01, 
	0x01, 0x01, 0x01, 0x01, 0x01, 0x01, 0x01, 0x01, 0x01, 0x01, 0x01, 0x01, 0x01, 0x01, 0x01, 0x01, 
	0x01, 0x01, 0x01, 0x01, 0x01, 0x01, 0x01, 0x01, 0x01, 0x01, 0x01, 0x01, 0x01, 0x01, 0x01, 0x01, 
	0x01, 0x01, 0x01, 0x01, 0x01, 0x01, 0x01, 0x01, 0x01, 0x01, 0x01, 0x01, 0x01, 0x01, 0x01, 0x01, 
	0x01, 0x01, 0x01, 0x01, 0x01, 0x01, 0x01, 0x01, 0x01, 0x01, 0x01, 0x01, 0x01, 0x01, 0x01, 0x01, 
	0x01, 0x01, 0x01, 0x01, 0x01, 0x01, 0x01, 0x01, 0x01, 0x01, 0x01, 0x01, 0x01, 0x01, 0x01, 0x01, 
	0x01, 0x01, 0x01, 0x01, 0x01, 0x01, 0x01, 0x01, 0x01, 0x01, 0x01, 0x01, 0x01, 0x01, 0x01, 0x01, 
	0x01, 0x01, 0x01, 0x01, 0x01, 0x01, 0x01, 0x01, 0x01, 0x01, 0x01, 0x01, 0x01, 0x01, 0x01, 0x01, 
	0x01, 0x01, 0x01, 0x01, 0x01, 0x01, 0x01, 0x01, 0x01, 0x01, 0x01, 0x01, 0x01, 0x01, 0x01, 0x01, 
	0x01, 0x01, 0x01, 0x01, 0x01, 0x01, 0x01, 0x01, 0x01, 0x01, 0x01, 0x01, 0x01, 0x01, 0x01, 0x01, 
	0x01, 0x01, 0x01, 0x01, 0x01, 0x01, 0x01, 0x01, 0x01, 0x01, 0x01, 0x01, 0x01, 0x01, 0x01, 0x01, 
	0x01, 0x01, 0x01, 0x01, 0x01, 0x01, 0x01, 0x01, 0x01, 0x01, 0x01, 0x01, 0x01, 0x01, 0x01, 0x01, 
	0x01, 0x01, 0x01, 0x01, 0x01, 0x01, 0x01, 0x01, 0x01, 0x01, 0x01, 0x01, 0x01, 0x01, 0x01, 0x01, 
	0x01, 0x01, 0x01, 0x01, 0x01, 0x01, 0x01, 0x01, 0x01, 0x01, 0x01, 0x01, 0x01, 0x01, 0x01, 0x01, 
	0x01, 0x01, 0x01, 0x01, 0x01, 0x01, 0x01, 0x01, 0x01, 0x01, 0x01, 0x01, 0x01, 0x01, 0x01, 0x01, 
	0x01, 0x01, 0x01, 0x01, 0x01, 0x01, 0x01, 0x01, 0x01, 0x01, 0x01, 0x01, 0x01, 0x01, 0x01, 0x01, 
	0x01, 0x01, 0x01, 0x01, 0x01, 0x01, 0x01, 0x01, 0x01, 0x01, 0x01, 0x01, 0x01, 0x01, 0x01, 0x01, 
	0x01, 0x01, 0x01, 0x01, 0x01, 0x01, 0x01, 0x01, 0x01, 0x01, 0x01, 0x01, 0x01, 0x01, 0x01, 0x01, 
	0x01, 0x01, 0x01, 0x01, 0x01, 0x01, 0x01, 0x01, 0x01, 0x01, 0x01, 0x01, 0x01, 0x01, 0x01, 0x01, 
	0x01, 0x01, 0x01, 0x01, 0x01, 0x01, 0x01, 0x01, 0x01, 0x01, 0x01, 0x01, 0x01, 0x01, 0x01, 0x01, 
	0x01, 0x01, 0x01, 0x01, 0x01, 0x01, 0x01, 0x01, 0x01, 0x01, 0x01, 0x01, 0x01, 0x01, 0x01, 0x01, 
	0x01, 0x01, 0x01, 0x01, 0x01, 0x01, 0x01, 0x01, 0x01, 0x01, 0x01, 0x01, 0x01, 0x01, 0x01, 0x01, 
	0x01, 0x01, 0x01, 0x01, 0x01, 0x01, 0x01, 0x01, 0x01, 0x01, 0x01, 0x01, 0x01, 0x01, 0x01, 0x01, 
	0x01, 0x01, 0x01, 0x01, 0x01, 0x01, 0x01, 0x01, 0x01, 0x01, 0x01, 0x01, 0x01, 0x01, 0x01, 0x01, 
	0x01, 0x01, 0x01, 0x01, 0x01, 0x01, 0x01, 0x01, 0x01, 0x01, 0x01, 0x01, 0x01, 0x01, 0x01, 0x01, 
	0x01, 0x01, 0x01, 0x01, 0x01, 0x01, 0x01, 0x01, 0x01, 0x01, 0x01, 0x01, 0x01, 0x01, 0x01, 0x01, 
	0x01, 0x01, 0x01, 0x01, 0x01, 0x01, 0x01, 0x01, 0x01, 0x01, 0x01, 0x01, 0x01, 0x01, 0x01, 0x01, 
	0x01, 0x01, 0x01, 0x01, 0x01, 0x01, 0x01, 0x01, 0x01, 0x01, 0x01, 0x01, 0x01, 0x01, 0x01, 0x01, 
	0x01, 0x01, 0x01, 0x01, 0x01, 0x01, 0x01, 0x01, 0x01, 0x01, 0x01, 0x01, 0x01, 0x01, 0x01, 0x01, 
	0x01, 0x01, 0x01, 0x01, 0x01, 0x01, 0x01, 0x01, 0x01, 0x01, 0x01, 0x01, 0x01, 0x01, 0x01, 0x01, 
	0x01, 0x01, 0x01, 0x01, 0x01, 0x01, 0x01, 0x01, 0x01, 0x01, 0x01, 0x01, 0x01, 0x01, 0x01, 0x01, 
	0x01, 0x01, 0x01, 0x01, 0x01, 0x01, 0x01, 0x01, 0x01, 0x01, 0x01, 0x01, 0x01, 0x01, 0x01, 0x01, 
	0x01, 0x01, 0x01, 0x01, 0x01, 0x01, 0x01, 0x01, 0x01, 0x01, 0x01, 0x01, 0x01, 0x01, 0x01, 0x01, 
	0x01, 0x01, 0x01, 0x01, 0x01, 0x01, 0x01, 0x01, 0x01, 0x01, 0x01, 0x01, 0x01, 0x01, 0x01, 0x01, 
	0x01, 0x01, 0x01, 0x01, 0x01, 0x01, 0x01, 0x01, 0x01, 0x01, 0x01, 0x01, 0x01, 0x01, 0x01, 0x01, 
	0x01, 0x01, 0x01, 0x01, 0x01, 0x01, 0x01, 0x01, 0x01, 0x01, 0x01, 0x01, 0x01, 0x01, 0x01, 0x01, 
	0x01, 0x01, 0x01, 0x01, 0x01, 0x01, 0x01, 0x01, 0x01, 0x01, 0x01, 0x01, 0x01, 0x01, 0x01, 0x01, 
	0x01, 0x01, 0x01, 0x01, 0x01, 0x01, 0x01, 0x01, 0x01, 0x01, 0x01, 0x01, 0x01, 0x01, 0x01, 0x01, 
	0x01, 0x01, 0x01, 0x01, 0x01, 0x01, 0x01, 0x01, 0x01, 0x01, 0x01, 0x01, 0x01, 0x01, 0x01, 0x01, 
	0x01, 0x01, 0x01, 0x01, 0x01, 0x01, 0x01, 0x01, 0x01, 0x01, 0x01, 0x01, 0x01, 0x01, 0x01, 0x01, 
	0x01, 0x01, 0x01, 0x01, 0x01, 0x01, 0x01, 0x01, 0x01, 0x01, 0x01, 0x01, 0x01, 0x01, 0x01, 0x01, 
	0x01, 0x01, 0x01, 0x01, 0x01, 0x01, 0x01, 0x01, 0x01, 0x01, 0x01, 0x01, 0x01, 0x01, 0x01, 0x01, 
	0x01, 0x01, 0x01, 0x01, 0x01, 0x01, 0x01, 0x01, 0x01, 0x01, 0x01, 0x01, 0x01, 0x01, 0x01, 0x01, 
	0x01, 0x01, 0x01, 0x01, 0x01, 0x01, 0x01, 0x01, 0x01, 0x01, 0x01, 0x01, 0x01, 0x01, 0x01, 0x01, 
	0x01, 0x01, 0x01, 0x01, 0x01, 0x01, 0x01, 0x01, 0x01, 0x01, 0x01, 0x01, 0x01, 0x01, 0x01, 0x01, 
	0x01, 0x01, 0x01, 0x01, 0x01, 0x01, 0x01, 0x01, 0x01, 0x01, 0x01, 0x01, 0x01, 0x01, 0x01, 0x01, 
	0x01, 0x01, 0x01, 0x01, 0x01, 0x01, 0x01, 0x01, 0x01, 0x01, 0x01, 0x01, 0x01, 0x01, 0x01, 0x01, 
	0x01, 0x01, 0x01, 0x01, 0x01, 0x01, 0x01, 0x01, 0x01, 0x01, 0x01, 0x01, 0x01, 0x01, 0x01, 0x01, 
	0x01, 0x01, 0x01, 0x01, 0x01, 0x01, 0x01, 0x01, 0x01, 0x01, 0x01, 0x01, 0x01, 0x01, 0x01, 0x01, 
	0x01, 0x01, 0x01, 0x01, 0x01, 0x01, 0x01, 0x01, 0x01, 0x01, 0x01, 0x01, 0x01, 0x01, 0x01, 0x01, 
	0x01, 0x01, 0x01, 0x01, 0x01, 0x01, 0x01, 0x01, 0x01, 0x01, 0x01, 0x01, 0x01, 0x01, 0x01, 0x01, 
	0x01, 0x01, 0x01, 0x01, 0x01, 0x01, 0x01, 0x01, 0x01, 0x01, 0x01, 0x01, 0x01, 0x01, 0x01, 0x01, 
	0x01, 0x01, 0x01, 0x01, 0x01, 0x01, 0x01, 0x01, 0x01, 0x01, 0x01, 0x01, 0x01, 0x01, 0x01, 0x01, 
	0x01, 0x01, 0x01, 0x01, 0x01, 0x01, 0x01, 0x01, 0x01, 0x01, 0x01, 0x01, 0x00, 0x00, 0x00, 0x00, 
	0x01, 0x00, 0x00, 0x04, 0x01, 0x00, 0x00, 0x00, 0x65, 0x61, 0x5d, 0x59, 0x56, 0x53, 0x50, 0x4e, 
	0x4c, 0x4a, 0x49, 0x48, 0x47, 0x47, 0x46, 0x46, 0x46, 0x47, 0x47, 0x48, 0x49, 0x4b, 0x4d, 0x4f, 
	0x51, 0x54, 0x57, 0x5b, 0x60, 0x67, 0x72, 0x7c, 0x63, 0x60, 0x5c, 0x58, 0x55, 0x52, 0x4f, 0x4d, 
	0x4b, 0x49, 0x48, 0x47, 0x46, 0x46, 0x45, 0x45, 0x45, 0x46, 0x46, 0x47, 0x48, 0x4a, 0x4c, 0x4e, 
	0x50, 0x53, 0x56, 0x5a, 0x5e, 0x65, 0x6f, 0x78, 0x61, 0x5e, 0x5a, 0x57, 0x53, 0x50, 0x4e, 0x4c, 
	0x4a, 0x48, 0x47, 0x46, 0x45, 0x45, 0x44, 0x44, 0x44, 0x45, 0x45, 0x46, 0x47, 0x49, 0x4a, 0x4c, 
	0x4f, 0x51, 0x54, 0x58, 0x5c, 0x63, 0x6b, 0x73, 0x60, 0x5d, 0x59, 0x55, 0x52, 0x4f, 0x4d, 0x4a, 
	0x49, 0x47, 0x46, 0x45, 0x44, 0x44, 0x43, 0x43, 0x43, 0x44, 0x44, 0x45, 0x46, 0x48, 0x49, 0x4b, 
	0x4e, 0x50, 0x53, 0x57, 0x5b, 0x61, 0x69, 0x70, 0x5f, 0x5c, 0x58, 0x55, 0x52, 0x4f, 0x4c, 0x4a, 
	0x48, 0x47, 0x46, 0x45, 0x44, 0x44, 0x43, 0x43, 0x43, 0x44, 0x44, 0x45, 0x46, 0x47, 0x49, 0x4b, 
	0x4d, 0x50, 0x53, 0x56, 0x5a, 0x60, 0x67, 0x6d, 0x5f, 0x5c, 0x58, 0x55, 0x52, 0x4f, 0x4c, 0x4a, 
	0x48, 0x47, 0x46, 0x45, 0x44, 0x44, 0x43, 0x43, 0x43, 0x44, 0x44, 0x45, 0x46, 0x47, 0x49, 0x4b, 
	0x4d, 0x50, 0x53, 0x56, 0x5a, 0x5f, 0x66, 0x6c, 0x5f, 0x5c, 0x59, 0x55, 0x52, 0x4f, 0x4c, 0x4a, 
	0x49, 0x47, 0x46, 0x45, 0x45, 0x44, 0x44, 0x44, 0x44, 0x44, 0x45, 0x45, 0x46, 0x47, 0x49, 0x4b, 
	0x4d, 0x50, 0x53, 0x56, 0x5a, 0x5f, 0x65, 0x6b, 0x5f, 0x5d, 0x59, 0x55, 0x52, 0x4f, 0x4d, 0x4a, 
	0x49, 0x47, 0x46, 0x45, 0x45, 0x44, 0x44, 0x44, 0x44, 0x44, 0x45, 0x46, 0x47, 0x48, 0x49, 0x4b, 
	0x4d, 0x50, 0x53, 0x56, 0x5a, 0x5f, 0x65, 0x6a, 0x5f, 0x5c, 0x59, 0x55, 0x52, 0x4f, 0x4c, 0x4a, 
	0x49, 0x47, 0x46, 0x45, 0x45, 0x44, 0x44, 0x44, 0x44, 0x44, 0x45, 0x46, 0x47, 0x48, 0x49, 0x4b, 
	0x4d, 0x50, 0x53, 0x56, 0x5a, 0x5f, 0x65, 0x69, 0x5e, 0x5c, 0x58, 0x54, 0x51, 0x4e, 0x4c, 0x4a, 
	0x48, 0x47, 0x46, 0x45, 0x44, 0x44, 0x44, 0x43, 0x44, 0x44, 0x44, 0x45, 0x46, 0x47, 0x49, 0x4a, 
	0x4d, 0x4f, 0x52, 0x56, 0x59, 0x5e, 0x64, 0x68, 0x5d, 0x5b, 0x57, 0x53, 0x50, 0x4d, 0x4b, 0x49, 
	0x47, 0x46, 0x45, 0x44, 0x43, 0x43, 0x43, 0x43, 0x43, 0x43, 0x44, 0x44, 0x45, 0x46, 0x48, 0x4a, 
	0x4c, 0x4f, 0x51, 0x55, 0x58, 0x5d, 0x62, 0x67, 0x5c, 0x59, 0x56, 0x52, 0x4f, 0x4c, 0x4a, 0x48, 
	0x46, 0x45, 0x44, 0x43, 0x43, 0x42, 0x42, 0x42, 0x42, 0x42, 0x43, 0x43, 0x44, 0x45, 0x47, 0x48, 
	0x4b, 0x4d, 0x50, 0x54, 0x57, 0x5c, 0x61, 0x65, 0x5b, 0x58, 0x54, 0x51, 0x4e, 0x4b, 0x49, 0x47, 
	0x45, 0x44, 0x43, 0x42, 0x42, 0x41, 0x41, 0x41, 0x41, 0x41, 0x42, 0x43, 0x43, 0x45, 0x46, 0x48, 
	0x4a, 0x4c, 0x4f, 0x53, 0x56, 0x5a, 0x5f, 0x63, 0x5a, 0x57, 0x54, 0x50, 0x4d, 0x4b, 0x48, 0x47, 
	0x45, 0x44, 0x43, 0x42, 0x41, 0x41, 0x40, 0x40, 0x40, 0x41, 0x41, 0x42, 0x43, 0x44, 0x45, 0x47, 
	0x49, 0x4c, 0x4f, 0x52, 0x55, 0x5a, 0x5f, 0x63, 0x5a, 0x57, 0x54, 0x50, 0x4d, 0x4b, 0x48, 0x47, 
	0x45, 0x44, 0x43, 0x42, 0x41, 0x41, 0x40, 0x40, 0x40, 0x41, 0x41, 0x42, 0x43, 0x44, 0x45, 0x47, 
	0x49, 0x4c, 0x4f, 0x52, 0x55, 0x5a, 0x5e, 0x62, 0x5b, 0x58, 0x54, 0x51, 0x4e, 0x4b, 0x49, 0x47, 
	0x45, 0x44, 0x43, 0x42, 0x42, 0x41, 0x41, 0x40, 0x41, 0x41, 0x42, 0x43, 0x44, 0x45, 0x46, 0x48, 
	0x4a, 0x4c, 0x4f, 0x53, 0x56, 0x5a, 0x5f, 0x63, 0x5c, 0x59, 0x56, 0x52, 0x4f, 0x4c, 0x4a, 0x48, 
	0x46, 0x45, 0x44, 0x43, 0x43, 0x42, 0x42, 0x41, 0x42, 0x42, 0x43, 0x43, 0x44, 0x46, 0x47, 0x49, 
	0x4b, 0x4d, 0x50, 0x54, 0x57, 0x5c, 0x61, 0x64, 0x5d, 0x5b, 0x57, 0x53, 0x50, 0x4d, 0x4b, 0x49, 
	0x47, 0x46, 0x45, 0x44, 0x44, 0x43, 0x43, 0x43, 0x43, 0x43, 0x44, 0x44, 0x45, 0x47, 0x48, 0x4a, 
	0x4c, 0x4f, 0x52, 0x55, 0x59, 0x5d, 0x62, 0x66, 0x5e, 0x5c, 0x58, 0x54, 0x51, 0x4e, 0x4c, 0x4a, 
	0x48, 0x47, 0x46, 0x45, 0x44, 0x44, 0x44, 0x44, 0x44, 0x44, 0x44, 0x45, 0x46, 0x48, 0x49, 0x4b, 
	0x4d, 0x50, 0x53, 0x56, 0x5a, 0x5e, 0x63, 0x67, 0x5f, 0x5d, 0x59, 0x55, 0x52, 0x4f, 0x4d, 0x4b, 
	0x49, 0x48, 0x46, 0x46, 0x45, 0x45, 0x44, 0x44, 0x44, 0x45, 0x45, 0x46, 0x47, 0x48, 0x4a, 0x4b, 
	0x4e, 0x51, 0x54, 0x57, 0x5b, 0x5f, 0x64, 0x68, 0x60, 0x5d, 0x59, 0x55, 0x52, 0x4f, 0x4d, 0x4b, 
	0x49, 0x48, 0x46, 0x46, 0x45, 0x45, 0x44, 0x44, 0x44, 0x45, 0x45, 0x46, 0x47, 0x48, 0x4a, 0x4c, 
	0x4e, 0x51, 0x54, 0x57, 0x5b, 0x5f, 0x65, 0x69, 0x60, 0x5d, 0x59, 0x55, 0x52, 0x4f, 0x4d, 0x4b, 
	0x49, 0x47, 0x46, 0x45, 0x45, 0x44, 0x44, 0x44, 0x44, 0x44, 0x45, 0x46, 0x47, 0x48, 0x4a, 0x4c, 
	0x4e, 0x51, 0x54, 0x57, 0x5b, 0x5f, 0x65, 0x69, 0x5f, 0x5c, 0x58, 0x55, 0x51, 0x4f, 0x4c, 0x4a, 
	0x49, 0x47, 0x46, 0x45, 0x44, 0x44, 0x44, 0x44, 0x44, 0x44, 0x45, 0x45, 0x47, 0x48, 0x49, 0x4b, 
	0x4e, 0x50, 0x54, 0x57, 0x5b, 0x5f, 0x65, 0x6a, 0x5f, 0x5c, 0x58, 0x55, 0x51, 0x4f, 0x4c, 0x4a, 
	0x48, 0x47, 0x46, 0x45, 0x44, 0x44, 0x44, 0x44, 0x44, 0x44, 0x45, 0x45, 0x46, 0x48, 0x49, 0x4b, 
	0x4e, 0x50, 0x54, 0x57, 0x5b, 0x5f, 0x65, 0x6b, 0x60, 0x5d, 0x59, 0x55, 0x52, 0x4f, 0x4d, 0x4b, 
	0x49, 0x47, 0x46, 0x45, 0x45, 0x44, 0x44, 0x44, 0x44, 0x44, 0x45, 0x46, 0x47, 0x48, 0x4a, 0x4c, 
	0x4e, 0x51, 0x54, 0x57, 0x5b, 0x60, 0x66, 0x6c, 0x61, 0x5e, 0x5a, 0x56, 0x53, 0x50, 0x4e, 0x4c, 
	0x4a, 0x48, 0x47, 0x46, 0x46, 0x45, 0x45, 0x45, 0x45, 0x45, 0x46, 0x47, 0x48, 0x49, 0x4b, 0x4d, 
	0x4f, 0x52, 0x55, 0x59, 0x5c, 0x62, 0x69, 0x6f, 0x63, 0x60, 0x5c, 0x58, 0x55, 0x52, 0x4f, 0x4d, 
	0x4b, 0x4a, 0x49, 0x48, 0x47, 0x46, 0x46, 0x46, 0x46, 0x47, 0x47, 0x48, 0x49, 0x4b, 0x4d, 0x4f, 
	0x51, 0x54, 0x57, 0x5a, 0x5e, 0x64, 0x6c, 0x73, 0x67, 0x63, 0x5e, 0x5a, 0x57, 0x54, 0x52, 0x4f, 
	0x4d, 0x4c, 0x4a, 0x49, 0x49, 0x48, 0x48, 0x48, 0x48, 0x48, 0x49, 0x4a, 0x4b, 0x4d, 0x4f, 0x51, 
	0x53, 0x56, 0x59, 0x5d, 0x61, 0x67, 0x70, 0x79, 0x6a, 0x66, 0x61, 0x5d, 0x59, 0x56, 0x54, 0x51, 
	0x4f, 0x4e, 0x4c, 0x4b, 0x4a, 0x4a, 0x4a, 0x4a, 0x4a, 0x4a, 0x4b, 0x4c, 0x4d, 0x4f, 0x51, 0x53, 
	0x55, 0x58, 0x5b, 0x5f, 0x64, 0x6b, 0x75, 0x7f, 0x6e, 0x69, 0x64, 0x5f, 0x5b, 0x58, 0x56, 0x53, 
	0x51, 0x50, 0x4e, 0x4d, 0x4c, 0x4c, 0x4b, 0x4b, 0x4b, 0x4c, 0x4d, 0x4e, 0x4f, 0x51, 0x53, 0x55, 
	0x57, 0x5a, 0x5e, 0x62, 0x67, 0x6f, 0x7b, 0x87, 0x72, 0x6c, 0x66, 0x61, 0x5d, 0x5a, 0x57, 0x55, 
	0x53, 0x51, 0x4f, 0x4e, 0x4d, 0x4d, 0x4c, 0x4c, 0x4d, 0x4d, 0x4e, 0x4f, 0x51, 0x52, 0x54, 0x56, 
	0x59, 0x5c, 0x5f, 0x63, 0x69, 0x73, 0x81, 0x8f, 0x75, 0x6f, 0x67, 0x62, 0x5e, 0x5b, 0x58, 0x55, 
	0x53, 0x52, 0x50, 0x4f, 0x4e, 0x4d, 0x4d, 0x4d, 0x4d, 0x4e, 0x4f, 0x50, 0x51, 0x53, 0x55, 0x57, 
	0x59, 0x5c, 0x60, 0x64, 0x6b, 0x75, 0x84, 0x94, 0x00, 0x00, 0x00, 0x00, 0x01, 0x00, 0x00, 0x04, 
	0x01, 0x00, 0x00, 0x00, 0x65, 0x61, 0x5d, 0x59, 0x56, 0x53, 0x50, 0x4e, 0x4c, 0x4a, 0x49, 0x48, 
	0x47, 0x47, 0x46, 0x46, 0x46, 0x47, 0x47, 0x48, 0x49, 0x4b, 0x4d, 0x4f, 0x51, 0x54, 0x57, 0x5b, 
	0x60, 0x67, 0x72, 0x7c, 0x63, 0x60, 0x5c, 0x58, 0x55, 0x52, 0x4f, 0x4d, 0x4b, 0x49, 0x48, 0x47, 
	0x46, 0x46, 0x45, 0x45, 0x45, 0x46, 0x46, 0x47, 0x48, 0x4a, 0x4c, 0x4e, 0x50, 0x53, 0x56, 0x5a, 
	0x5e, 0x65, 0x6f, 0x78, 0x61, 0x5e, 0x5a, 0x57, 0x53, 0x50, 0x4e, 0x4c, 0x4a, 0x48, 0x47, 0x46, 
	0x45, 0x45, 0x44, 0x44, 0x44, 0x45, 0x45, 0x46, 0x47, 0x49, 0x4a, 0x4c, 0x4f, 0x51, 0x54, 0x58, 
	0x5c, 0x63, 0x6b, 0x73, 0x60, 0x5d, 0x59, 0x55, 0x52, 0x4f, 0x4d, 0x4a, 0x49, 0x47, 0x46, 0x45, 
	0x44, 0x44, 0x43, 0x43, 0x43, 0x44, 0x44, 0x45, 0x46, 0x48, 0x49, 0x4b, 0x4e, 0x50, 0x53, 0x57, 
	0x5b, 0x61, 0x69, 0x70, 0x5f, 0x5c, 0x58, 0x55, 0x52, 0x4f, 0x4c, 0x4a, 0x48, 0x47, 0x46, 0x45, 
	0x44, 0x44, 0x43, 0x43, 0x43, 0x44, 0x44, 0x45, 0x46, 0x47, 0x49, 0x4b, 0x4d, 0x50, 0x53, 0x56, 
	0x5a, 0x60, 0x67, 0x6d, 0x5f, 0x5c, 0x58, 0x55, 0x52, 0x4f, 0x4c, 0x4a, 0x48, 0x47, 0x46, 0x45, 
	0x44, 0x44, 0x43, 0x43, 0x43, 0x44, 0x44, 0x45, 0x46, 0x47, 0x49, 0x4b, 0x4d, 0x50, 0x53, 0x56, 
	0x5a, 0x5f, 0x66, 0x6c, 0x5f, 0x5c, 0x59, 0x55, 0x52, 0x4f, 0x4c, 0x4a, 0x49, 0x47, 0x46, 0x45, 
	0x45, 0x44, 0x44, 0x44, 0x44, 0x44, 0x45, 0x45, 0x46, 0x47, 0x49, 0x4b, 0x4d, 0x50, 0x53, 0x56, 
	0x5a, 0x5f, 0x65, 0x6b, 0x5f, 0x5d, 0x59, 0x55, 0x52, 0x4f, 0x4d, 0x4a, 0x49, 0x47, 0x46, 0x45, 
	0x45, 0x44, 0x44, 0x44, 0x44, 0x44, 0x45, 0x46, 0x47, 0x48, 0x49, 0x4b, 0x4d, 0x50, 0x53, 0x56, 
	0x5a, 0x5f, 0x65, 0x6a, 0x5f, 0x5c, 0x59, 0x55, 0x52, 0x4f, 0x4c, 0x4a, 0x49, 0x47, 0x46, 0x45, 
	0x45, 0x44, 0x44, 0x44, 0x44, 0x44, 0x45, 0x46, 0x47, 0x48, 0x49, 0x4b, 0x4d, 0x50, 0x53, 0x56, 
	0x5a, 0x5f, 0x65, 0x69, 0x5e, 0x5c, 0x58, 0x54, 0x51, 0x4e, 0x4c, 0x4a, 0x48, 0x47, 0x46, 0x45, 
	0x44, 0x44, 0x44, 0x43, 0x44, 0x44, 0x44, 0x45, 0x46, 0x47, 0x49, 0x4a, 0x4d, 0x4f, 0x52, 0x56, 
	0x59, 0x5e, 0x64, 0x68, 0x5d, 0x5b, 0x57, 0x53, 0x50, 0x4d, 0x4b, 0x49, 0x47, 0x46, 0x45, 0x44, 
	0x43, 0x43, 0x43, 0x43, 0x43, 0x43, 0x44, 0x44, 0x45, 0x46, 0x48, 0x4a, 0x4c, 0x4f, 0x51, 0x55, 
	0x58, 0x5d, 0x62, 0x67, 0x5c, 0x59, 0x56, 0x52, 0x4f, 0x4c, 0x4a, 0x48, 0x46, 0x45, 0x44, 0x43, 
	0x43, 0x42, 0x42, 0x42, 0x42, 0x42, 0x43, 0x43, 0x44, 0x45, 0x47, 0x48, 0x4b, 0x4d, 0x50, 0x54, 
	0x57, 0x5c, 0x61, 0x65, 0x5b, 0x58, 0x54, 0x51, 0x4e, 0x4b, 0x49, 0x47, 0x45, 0x44, 0x43, 0x42, 
	0x42, 0x41, 0x41, 0x41, 0x41, 0x41, 0x42, 0x43, 0x43, 0x45, 0x46, 0x48, 0x4a, 0x4c, 0x4f, 0x53, 
	0x56, 0x5a, 0x5f, 0x63, 0x5a, 0x57, 0x54, 0x50, 0x4d, 0x4b, 0x48, 0x47, 0x45, 0x44, 0x43, 0x42, 
	0x41, 0x41, 0x40, 0x40, 0x40, 0x41, 0x41, 0x42, 0x43, 0x44, 0x45, 0x47, 0x49, 0x4c, 0x4f, 0x52, 
	0x55, 0x5a, 0x5f, 0x63, 0x5a, 0x57, 0x54, 0x50, 0x4d, 0x4b, 0x48, 0x47, 0x45, 0x44, 0x43, 0x42, 
	0x41, 0x41, 0x40, 0x40, 0x40, 0x41, 0x41, 0x42, 0x43, 0x44, 0x45, 0x47, 0x49, 0x4c, 0x4f, 0x52, 
	0x55, 0x5a, 0x5e, 0x62, 0x5b, 0x58, 0x54, 0x51, 0x4e, 0x4b, 0x49, 0x47, 0x45, 0x44, 0x43, 0x42, 
	0x42, 0x41, 0x41, 0x40, 0x41, 0x41, 0x42, 0x43, 0x44, 0x45, 0x46, 0x48, 0x4a, 0x4c, 0x4f, 0x53, 
	0x56, 0x5a, 0x5f, 0x63, 0x5c, 0x59, 0x56, 0x52, 0x4f, 0x4c, 0x4a, 0x48, 0x46, 0x45, 0x44, 0x43, 
	0x43, 0x42, 0x42, 0x41, 0x42, 0x42, 0x43, 0x43, 0x44, 0x46, 0x47, 0x49, 0x4b, 0x4d, 0x50, 0x54, 
	0x57, 0x5c, 0x61, 0x64, 0x5d, 0x5b, 0x57, 0x53, 0x50, 0x4d, 0x4b, 0x49, 0x47, 0x46, 0x45, 0x44, 
	0x44, 0x43, 0x43, 0x43, 0x43, 0x43, 0x44, 0x44, 0x45, 0x47, 0x48, 0x4a, 0x4c, 0x4f, 0x52, 0x55, 
	0x59, 0x5d, 0x62, 0x66, 0x5e, 0x5c, 0x58, 0x54, 0x51, 0x4e, 0x4c, 0x4a, 0x48, 0x47, 0x46, 0x45, 
	0x44, 0x44, 0x44, 0x44, 0x44, 0x44, 0x44, 0x45, 0x46, 0x48, 0x49, 0x4b, 0x4d, 0x50, 0x53, 0x56, 
	0x5a, 0x5e, 0x63, 0x67, 0x5f, 0x5d, 0x59, 0x55, 0x52, 0x4f, 0x4d, 0x4b, 0x49, 0x48, 0x46, 0x46, 
	0x45, 0x45, 0x44, 0x44, 0x44, 0x45, 0x45, 0x46, 0x47, 0x48, 0x4a, 0x4b, 0x4e, 0x51, 0x54, 0x57, 
	0x5b, 0x5f, 0x64, 0x68, 0x60, 0x5d, 0x59, 0x55, 0x52, 0x4f, 0x4d, 0x4b, 0x49, 0x48, 0x46, 0x46, 
	0x45, 0x45, 0x44, 0x44, 0x44, 0x45, 0x45, 0x46, 0x47, 0x48, 0x4a, 0x4c, 0x4e, 0x51, 0x54, 0x57, 
	0x5b, 0x5f, 0x65, 0x69, 0x60, 0x5d, 0x59, 0x55, 0x52, 0x4f, 0x4d, 0x4b, 0x49, 0x47, 0x46, 0x45, 
	0x45, 0x44, 0x44, 0x44, 0x44, 0x44, 0x45, 0x46, 0x47, 0x48, 0x4a, 0x4c, 0x4e, 0x51, 0x54, 0x57, 
	0x5b, 0x5f, 0x65, 0x69, 0x5f, 0x5c, 0x58, 0x55, 0x51, 0x4f, 0x4c, 0x4a, 0x49, 0x47, 0x46, 0x45, 
	0x44, 0x44, 0x44, 0x44, 0x44, 0x44, 0x45, 0x45, 0x47, 0x48, 0x49, 0x4b, 0x4e, 0x50, 0x54, 0x57, 
	0x5b, 0x5f, 0x65, 0x6a, 0x5f, 0x5c, 0x58, 0x55, 0x51, 0x4f, 0x4c, 0x4a, 0x48, 0x47, 0x46, 0x45, 
	0x44, 0x44, 0x44, 0x44, 0x44, 0x44, 0x45, 0x45, 0x46, 0x48, 0x49, 0x4b, 0x4e, 0x50, 0x54, 0x57, 
	0x5b, 0x5f, 0x65, 0x6b, 0x60, 0x5d, 0x59, 0x55, 0x52, 0x4f, 0x4d, 0x4b, 0x49, 0x47, 0x46, 0x45, 
	0x45, 0x44, 0x44, 0x44, 0x44, 0x44, 0x45, 0x46, 0x47, 0x48, 0x4a, 0x4c, 0x4e, 0x51, 0x54, 0x57, 
	0x5b, 0x60, 0x66, 0x6c, 0x61, 0x5e, 0x5a, 0x56, 0x53, 0x50, 0x4e, 0x4c, 0x4a, 0x48, 0x47, 0x46, 
	0x46, 0x45, 0x45, 0x45, 0x45, 0x45, 0x46, 0x47, 0x48, 0x49, 0x4b, 0x4d, 0x4f, 0x52, 0x55, 0x59, 
	0x5c, 0x62, 0x69, 0x6f, 0x63, 0x60, 0x5c, 0x58, 0x55, 0x52, 0x4f, 0x4d, 0x4b, 0x4a, 0x49, 0x48, 
	0x47, 0x46, 0x46, 0x46, 0x46, 0x47, 0x47, 0x48, 0x49, 0x4b, 0x4d, 0x4f, 0x51, 0x54, 0x57, 0x5a, 
	0x5e, 0x64, 0x6c, 0x73, 0x67, 0x63, 0x5e, 0x5a, 0x57, 0x54, 0x52, 0x4f, 0x4d, 0x4c, 0x4a, 0x49, 
	0x49, 0x48, 0x48, 0x48, 0x48, 0x48, 0x49, 0x4a, 0x4b, 0x4d, 0x4f, 0x51, 0x53, 0x56, 0x59, 0x5d, 
	0x61, 0x67, 0x70, 0x79, 0x6a, 0x66, 0x61, 0x5d, 0x59, 0x56, 0x54, 0x51, 0x4f, 0x4e, 0x4c, 0x4b, 
	0x4a, 0x4a, 0x4a, 0x4a, 0x4a, 0x4a, 0x4b, 0x4c, 0x4d, 0x4f, 0x51, 0x53, 0x55, 0x58, 0x5b, 0x5f, 
	0x64, 0x6b, 0x75, 0x7f, 0x6e, 0x69, 0x64, 0x5f, 0x5b, 0x58, 0x56, 0x53, 0x51, 0x50, 0x4e, 0x4d, 
	0x4c, 0x4c, 0x4b, 0x4b, 0x4b, 0x4c, 0x4d, 0x4e, 0x4f, 0x51, 0x53, 0x55, 0x57, 0x5a, 0x5e, 0x62, 
	0x67, 0x6f, 0x7b, 0x87, 0x72, 0x6c, 0x66, 0x61, 0x5d, 0x5a, 0x57, 0x55, 0x53, 0x51, 0x4f, 0x4e, 
	0x4d, 0x4d, 0x4c, 0x4c, 0x4d, 0x4d, 0x4e, 0x4f, 0x51, 0x52, 0x54, 0x56, 0x59, 0x5c, 0x5f, 0x63, 
	0x69, 0x73, 0x81, 0x8f, 0x75, 0x6f, 0x67, 0x62, 0x5e, 0x5b, 0x58, 0x55, 0x53, 0x52, 0x50, 0x4f, 
	0x4e, 0x4d, 0x4d, 0x4d, 0x4d, 0x4e, 0x4f, 0x50, 0x51, 0x53, 0x55, 0x57, 0x59, 0x5c, 0x60, 0x64, 
	0x6b, 0x75, 0x84, 0x94, 0x00, 0x00, 0x00, 0x00, 0x01, 0x00, 0x00, 0x04, 0x01, 0x00, 0x00, 0x00, 
	0x01, 0x01, 0x01, 0x01, 0x01, 0x01, 0x01, 0x01, 0x01, 0x01, 0x01, 0x01, 0x01, 0x01, 0x01, 0x01, 
	0x01, 0x01, 0x01, 0x01, 0x01, 0x01, 0x01, 0x01, 0x01, 0x01, 0x01, 0x01, 0x01, 0x01, 0x01, 0x01, 
	0x01, 0x01, 0x01, 0x01, 0x01, 0x01, 0x01, 0x01, 0x01, 0x01, 0x01, 0x01, 0x01, 0x01, 0x01, 0x01, 
	0x01, 0x01, 0x01, 0x01, 0x01, 0x01, 0x01, 0x01, 0x01, 0x01, 0x01, 0x01, 0x01, 0x01, 0x01, 0x01, 
	0x01, 0x01, 0x01, 0x01, 0x01, 0x01, 0x01, 0x01, 0x01, 0x01, 0x01, 0x01, 0x01, 0x01, 0x01, 0x01, 
	0x01, 0x01, 0x01, 0x01, 0x01, 0x01, 0x01, 0x01, 0x01, 0x01, 0x01, 0x01, 0x01, 0x01, 0x01, 0x01, 
	0x01, 0x01, 0x01, 0x01, 0x01, 0x01, 0x01, 0x01, 0x01, 0x01, 0x01, 0x01, 0x01, 0x01, 0x01, 0x01, 
	0x01, 0x01, 0x01, 0x01, 0x01, 0x01, 0x01, 0x01, 0x01, 0x01, 0x01, 0x01, 0x01, 0x01, 0x01, 0x01, 
	0x01, 0x01, 0x01, 0x01, 0x01, 0x01, 0x01, 0x01, 0x01, 0x01, 0x01, 0x01, 0x01, 0x01, 0x01, 0x01, 
	0x01, 0x01, 0x01, 0x01, 0x01, 0x01, 0x01, 0x01, 0x01, 0x01, 0x01, 0x01, 0x01, 0x01, 0x01, 0x01, 
	0x01, 0x01, 0x01, 0x01, 0x01, 0x01, 0x01, 0x01, 0x01, 0x01, 0x01, 0x01, 0x01, 0x01, 0x01, 0x01, 
	0x01, 0x01, 0x01, 0x01, 0x01, 0x01, 0x01, 0x01, 0x01, 0x01, 0x01, 0x01, 0x01, 0x01, 0x01, 0x01, 
	0x01, 0x01, 0x01, 0x01, 0x01, 0x01, 0x01, 0x01, 0x01, 0x01, 0x01, 0x01, 0x01, 0x01, 0x01, 0x01, 
	0x01, 0x01, 0x01, 0x01, 0x01, 0x01, 0x01, 0x01, 0x01, 0x01, 0x01, 0x01, 0x01, 0x01, 0x01, 0x01, 
	0x01, 0x01, 0x01, 0x01, 0x01, 0x01, 0x01, 0x01, 0x01, 0x01, 0x01, 0x01, 0x01, 0x01, 0x01, 0x01, 
	0x01, 0x01, 0x01, 0x01, 0x01, 0x01, 0x01, 0x01, 0x01, 0x01, 0x01, 0x01, 0x01, 0x01, 0x01, 0x01, 
	0x01, 0x01, 0x01, 0x01, 0x01, 0x01, 0x01, 0x01, 0x01, 0x01, 0x01, 0x01, 0x01, 0x01, 0x01, 0x01, 
	0x01, 0x01, 0x01, 0x01, 0x01, 0x01, 0x01, 0x01, 0x01, 0x01, 0x01, 0x01, 0x01, 0x01, 0x01, 0x01, 
	0x01, 0x01, 0x01, 0x01, 0x01, 0x01, 0x01, 0x01, 0x01, 0x01, 0x01, 0x01, 0x01, 0x01, 0x01, 0x01, 
	0x01, 0x01, 0x01, 0x01, 0x01, 0x01, 0x01, 0x01, 0x01, 0x01, 0x01, 0x01, 0x01, 0x01, 0x01, 0x01, 
	0x01, 0x01, 0x01, 0x01, 0x01, 0x01, 0x01, 0x01, 0x01, 0x01, 0x01, 0x01, 0x01, 0x01, 0x01, 0x01, 
	0x01, 0x01, 0x01, 0x01, 0x01, 0x01, 0x01, 0x01, 0x01, 0x01, 0x01, 0x01, 0x01, 0x01, 0x01, 0x01, 
	0x01, 0x01, 0x01, 0x01, 0x01, 0x01, 0x01, 0x01, 0x01, 0x01, 0x01, 0x01, 0x01, 0x01, 0x01, 0x01, 
	0x01, 0x01, 0x01, 0x01, 0x01, 0x01, 0x01, 0x01, 0x01, 0x01, 0x01, 0x01, 0x01, 0x01, 0x01, 0x01, 
	0x01, 0x01, 0x01, 0x01, 0x01, 0x01, 0x01, 0x01, 0x01, 0x01, 0x01, 0x01, 0x01, 0x01, 0x01, 0x01, 
	0x01, 0x01, 0x01, 0x01, 0x01, 0x01, 0x01, 0x01, 0x01, 0x01, 0x01, 0x01, 0x01, 0x01, 0x01, 0x01, 
	0x01, 0x01, 0x01, 0x01, 0x01, 0x01, 0x01, 0x01, 0x01, 0x01, 0x01, 0x01, 0x01, 0x01, 0x01, 0x01, 
	0x01, 0x01, 0x01, 0x01, 0x01, 0x01, 0x01, 0x01, 0x01, 0x01, 0x01, 0x01, 0x01, 0x01, 0x01, 0x01, 
	0x01, 0x01, 0x01, 0x01, 0x01, 0x01, 0x01, 0x01, 0x01, 0x01, 0x01, 0x01, 0x01, 0x01, 0x01, 0x01, 
	0x01, 0x01, 0x01, 0x01, 0x01, 0x01, 0x01, 0x01, 0x01, 0x01, 0x01, 0x01, 0x01, 0x01, 0x01, 0x01, 
	0x01, 0x01, 0x01, 0x01, 0x01, 0x01, 0x01, 0x01, 0x01, 0x01, 0x01, 0x01, 0x01, 0x01, 0x01, 0x01, 
	0x01, 0x01, 0x01, 0x01, 0x01, 0x01, 0x01, 0x01, 0x01, 0x01, 0x01, 0x01, 0x01, 0x01, 0x01, 0x01, 
	0x01, 0x01, 0x01, 0x01, 0x01, 0x01, 0x01, 0x01, 0x01, 0x01, 0x01, 0x01, 0x01, 0x01, 0x01, 0x01, 
	0x01, 0x01, 0x01, 0x01, 0x01, 0x01, 0x01, 0x01, 0x01, 0x01, 0x01, 0x01, 0x01, 0x01, 0x01, 0x01, 
	0x01, 0x01, 0x01, 0x01, 0x01, 0x01, 0x01, 0x01, 0x01, 0x01, 0x01, 0x01, 0x01, 0x01, 0x01, 0x01, 
	0x01, 0x01, 0x01, 0x01, 0x01, 0x01, 0x01, 0x01, 0x01, 0x01, 0x01, 0x01, 0x01, 0x01, 0x01, 0x01, 
	0x01, 0x01, 0x01, 0x01, 0x01, 0x01, 0x01, 0x01, 0x01, 0x01, 0x01, 0x01, 0x01, 0x01, 0x01, 0x01, 
	0x01, 0x01, 0x01, 0x01, 0x01, 0x01, 0x01, 0x01, 0x01, 0x01, 0x01, 0x01, 0x01, 0x01, 0x01, 0x01, 
	0x01, 0x01, 0x01, 0x01, 0x01, 0x01, 0x01, 0x01, 0x01, 0x01, 0x01, 0x01, 0x01, 0x01, 0x01, 0x01, 
	0x01, 0x01, 0x01, 0x01, 0x01, 0x01, 0x01, 0x01, 0x01, 0x01, 0x01, 0x01, 0x01, 0x01, 0x01, 0x01, 
	0x01, 0x01, 0x01, 0x01, 0x01, 0x01, 0x01, 0x01, 0x01, 0x01, 0x01, 0x01, 0x01, 0x01, 0x01, 0x01, 
	0x01, 0x01, 0x01, 0x01, 0x01, 0x01, 0x01, 0x01, 0x01, 0x01, 0x01, 0x01, 0x01, 0x01, 0x01, 0x01, 
	0x01, 0x01, 0x01, 0x01, 0x01, 0x01, 0x01, 0x01, 0x01, 0x01, 0x01, 0x01, 0x01, 0x01, 0x01, 0x01, 
	0x01, 0x01, 0x01, 0x01, 0x01, 0x01, 0x01, 0x01, 0x01, 0x01, 0x01, 0x01, 0x01, 0x01, 0x01, 0x01, 
	0x01, 0x01, 0x01, 0x01, 0x01, 0x01, 0x01, 0x01, 0x01, 0x01, 0x01, 0x01, 0x01, 0x01, 0x01, 0x01, 
	0x01, 0x01, 0x01, 0x01, 0x01, 0x01, 0x01, 0x01, 0x01, 0x01, 0x01, 0x01, 0x01, 0x01, 0x01, 0x01, 
	0x01, 0x01, 0x01, 0x01, 0x01, 0x01, 0x01, 0x01, 0x01, 0x01, 0x01, 0x01, 0x01, 0x01, 0x01, 0x01, 
	0x01, 0x01, 0x01, 0x01, 0x01, 0x01, 0x01, 0x01, 0x01, 0x01, 0x01, 0x01, 0x01, 0x01, 0x01, 0x01, 
	0x01, 0x01, 0x01, 0x01, 0x01, 0x01, 0x01, 0x01, 0x01, 0x01, 0x01, 0x01, 0x01, 0x01, 0x01, 0x01, 
	0x01, 0x01, 0x01, 0x01, 0x01, 0x01, 0x01, 0x01, 0x01, 0x01, 0x01, 0x01, 0x01, 0x01, 0x01, 0x01, 
	0x01, 0x01, 0x01, 0x01, 0x01, 0x01, 0x01, 0x01, 0x01, 0x01, 0x01, 0x01, 0x01, 0x01, 0x01, 0x01, 
	0x01, 0x01, 0x01, 0x01, 0x01, 0x01, 0x01, 0x01, 0x01, 0x01, 0x01, 0x01, 0x01, 0x01, 0x01, 0x01, 
	0x01, 0x01, 0x01, 0x01, 0x01, 0x01, 0x01, 0x01, 0x01, 0x01, 0x01, 0x01, 0x01, 0x01, 0x01, 0x01, 
	0x01, 0x01, 0x01, 0x01, 0x01, 0x01, 0x01, 0x01, 0x01, 0x01, 0x01, 0x01, 0x01, 0x01, 0x01, 0x01, 
	0x01, 0x01, 0x01, 0x01, 0x01, 0x01, 0x01, 0x01, 0x01, 0x01, 0x01, 0x01, 0x01, 0x01, 0x01, 0x01, 
	0x01, 0x01, 0x01, 0x01, 0x01, 0x01, 0x01, 0x01, 0x01, 0x01, 0x01, 0x01, 0x01, 0x01, 0x01, 0x01, 
	0x01, 0x01, 0x01, 0x01, 0x01, 0x01, 0x01, 0x01, 0x01, 0x01, 0x01, 0x01, 0x01, 0x01, 0x01, 0x01, 
	0x01, 0x01, 0x01, 0x01, 0x01, 0x01, 0x01, 0x01, 0x01, 0x01, 0x01, 0x01, 0x01, 0x01, 0x01, 0x01, 
	0x01, 0x01, 0x01, 0x01, 0x01, 0x01, 0x01, 0x01, 0x01, 0x01, 0x01, 0x01, 0x01, 0x01, 0x01, 0x01, 
	0x01, 0x01, 0x01, 0x01, 0x01, 0x01, 0x01, 0x01, 0x01, 0x01, 0x01, 0x01, 0x01, 0x01, 0x01, 0x01, 
	0x01, 0x01, 0x01, 0x01, 0x01, 0x01, 0x01, 0x01, 0x01, 0x01, 0x01, 0x01, 0x01, 0x01, 0x01, 0x01, 
	0x01, 0x01, 0x01, 0x01, 0x01, 0x01, 0x01, 0x01, 0x01, 0x01, 0x01, 0x01, 0x01, 0x01, 0x01, 0x01, 
	0x01, 0x01, 0x01, 0x01, 0x01, 0x01, 0x01, 0x01, 0x01, 0x01, 0x01, 0x01, 0x01, 0x01, 0x01, 0x01, 
	0x01, 0x01, 0x01, 0x01, 0x01, 0x01, 0x01, 0x01, 0x01, 0x01, 0x01, 0x01, 0x01, 0x01, 0x01, 0x01, 
	0x00, 0x00, 0x00, 0x00, 0x01, 0x00, 0x00, 0x04, 0x01, 0x00, 0x00, 0x00, 0x01, 0x01, 0x01, 0x01, 
	0x01, 0x01, 0x01, 0x01, 0x01, 0x01, 0x01, 0x01, 0x01, 0x01, 0x01, 0x01, 0x01, 0x01, 0x01, 0x01, 
	0x01, 0x01, 0x01, 0x01, 0x01, 0x01, 0x01, 0x01, 0x01, 0x01, 0x01, 0x01, 0x01, 0x01, 0x01, 0x01, 
	0x01, 0x01, 0x01, 0x01, 0x01, 0x01, 0x01, 0x01, 0x01, 0x01, 0x01, 0x01, 0x01, 0x01, 0x01, 0x01, 
	0x01, 0x01, 0x01, 0x01, 0x01, 0x01, 0x01, 0x01, 0x01, 0x01, 0x01, 0x01, 0x01, 0x01, 0x01, 0x01, 
	0x01, 0x01, 0x01, 0x01, 0x01, 0x01, 0x01, 0x01, 0x01, 0x01, 0x01, 0x01, 0x01, 0x01, 0x01, 0x01, 
	0x01, 0x01, 0x01, 0x01, 0x01, 0x01, 0x01, 0x01, 0x01, 0x01, 0x01, 0x01, 0x01, 0x01, 0x01, 0x01, 
	0x01, 0x01, 0x01, 0x01, 0x01, 0x01, 0x01, 0x01, 0x01, 0x01, 0x01, 0x01, 0x01, 0x01, 0x01, 0x01, 
	0x01, 0x01, 0x01, 0x01, 0x01, 0x01, 0x01, 0x01, 0x01, 0x01, 0x01, 0x01, 0x01, 0x01, 0x01, 0x01, 
	0x01, 0x01, 0x01, 0x01, 0x01, 0x01, 0x01, 0x01, 0x01, 0x01, 0x01, 0x01, 0x01, 0x01, 0x01, 0x01, 
	0x01, 0x01, 0x01, 0x01, 0x01, 0x01, 0x01, 0x01, 0x01, 0x01, 0x01, 0x01, 0x01, 0x01, 0x01, 0x01, 
	0x01, 0x01, 0x01, 0x01, 0x01, 0x01, 0x01, 0x01, 0x01, 0x01, 0x01, 0x01, 0x01, 0x01, 0x01, 0x01, 
	0x01, 0x01, 0x01, 0x01, 0x01, 0x01, 0x01, 0x01, 0x01, 0x01, 0x01, 0x01, 0x01, 0x01, 0x01, 0x01, 
	0x01, 0x01, 0x01, 0x01, 0x01, 0x01, 0x01, 0x01, 0x01, 0x01, 0x01, 0x01, 0x01, 0x01, 0x01, 0x01, 
	0x01, 0x01, 0x01, 0x01, 0x01, 0x01, 0x01, 0x01, 0x01, 0x01, 0x01, 0x01, 0x01, 0x01, 0x01, 0x01, 
	0x01, 0x01, 0x01, 0x01, 0x01, 0x01, 0x01, 0x01, 0x01, 0x01, 0x01, 0x01, 0x01, 0x01, 0x01, 0x01, 
	0x01, 0x01, 0x01, 0x01, 0x01, 0x01, 0x01, 0x01, 0x01, 0x01, 0x01, 0x01, 0x01, 0x01, 0x01, 0x01, 
	0x01, 0x01, 0x01, 0x01, 0x01, 0x01, 0x01, 0x01, 0x01, 0x01, 0x01, 0x01, 0x01, 0x01, 0x01, 0x01, 
	0x01, 0x01, 0x01, 0x01, 0x01, 0x01, 0x01, 0x01, 0x01, 0x01, 0x01, 0x01, 0x01, 0x01, 0x01, 0x01, 
	0x01, 0x01, 0x01, 0x01, 0x01, 0x01, 0x01, 0x01, 0x01, 0x01, 0x01, 0x01, 0x01, 0x01, 0x01, 0x01, 
	0x01, 0x01, 0x01, 0x01, 0x01, 0x01, 0x01, 0x01, 0x01, 0x01, 0x01, 0x01, 0x01, 0x01, 0x01, 0x01, 
	0x01, 0x01, 0x01, 0x01, 0x01, 0x01, 0x01, 0x01, 0x01, 0x01, 0x01, 0x01, 0x01, 0x01, 0x01, 0x01, 
	0x01, 0x01, 0x01, 0x01, 0x01, 0x01, 0x01, 0x01, 0x01, 0x01, 0x01, 0x01, 0x01, 0x01, 0x01, 0x01, 
	0x01, 0x01, 0x01, 0x01, 0x01, 0x01, 0x01, 0x01, 0x01, 0x01, 0x01, 0x01, 0x01, 0x01, 0x01, 0x01, 
	0x01, 0x01, 0x01, 0x01, 0x01, 0x01, 0x01, 0x01, 0x01, 0x01, 0x01, 0x01, 0x01, 0x01, 0x01, 0x01, 
	0x01, 0x01, 0x01, 0x01, 0x01, 0x01, 0x01, 0x01, 0x01, 0x01, 0x01, 0x01, 0x01, 0x01, 0x01, 0x01, 
	0x01, 0x01, 0x01, 0x01, 0x01, 0x01, 0x01, 0x01, 0x01, 0x01, 0x01, 0x01, 0x01, 0x01, 0x01, 0x01, 
	0x01, 0x01, 0x01, 0x01, 0x01, 0x01, 0x01, 0x01, 0x01, 0x01, 0x01, 0x01, 0x01, 0x01, 0x01, 0x01, 
	0x01, 0x01, 0x01, 0x01, 0x01, 0x01, 0x01, 0x01, 0x01, 0x01, 0x01, 0x01, 0x01, 0x01, 0x01, 0x01, 
	0x01, 0x01, 0x01, 0x01, 0x01, 0x01, 0x01, 0x01, 0x01, 0x01, 0x01, 0x01, 0x01, 0x01, 0x01, 0x01, 
	0x01, 0x01, 0x01, 0x01, 0x01, 0x01, 0x01, 0x01, 0x01, 0x01, 0x01, 0x01, 0x01, 0x01, 0x01, 0x01, 
	0x01, 0x01, 0x01, 0x01, 0x01, 0x01, 0x01, 0x01, 0x01, 0x01, 0x01, 0x01, 0x01, 0x01, 0x01, 0x01, 
	0x01, 0x01, 0x01, 0x01, 0x01, 0x01, 0x01, 0x01, 0x01, 0x01, 0x01, 0x01, 0x01, 0x01, 0x01, 0x01, 
	0x01, 0x01, 0x01, 0x01, 0x01, 0x01, 0x01, 0x01, 0x01, 0x01, 0x01, 0x01, 0x01, 0x01, 0x01, 0x01, 
	0x01, 0x01, 0x01, 0x01, 0x01, 0x01, 0x01, 0x01, 0x01, 0x01, 0x01, 0x01, 0x01, 0x01, 0x01, 0x01, 
	0x01, 0x01, 0x01, 0x01, 0x01, 0x01, 0x01, 0x01, 0x01, 0x01, 0x01, 0x01, 0x01, 0x01, 0x01, 0x01, 
	0x01, 0x01, 0x01, 0x01, 0x01, 0x01, 0x01, 0x01, 0x01, 0x01, 0x01, 0x01, 0x01, 0x01, 0x01, 0x01, 
	0x01, 0x01, 0x01, 0x01, 0x01, 0x01, 0x01, 0x01, 0x01, 0x01, 0x01, 0x01, 0x01, 0x01, 0x01, 0x01, 
	0x01, 0x01, 0x01, 0x01, 0x01, 0x01, 0x01, 0x01, 0x01, 0x01, 0x01, 0x01, 0x01, 0x01, 0x01, 0x01, 
	0x01, 0x01, 0x01, 0x01, 0x01, 0x01, 0x01, 0x01, 0x01, 0x01, 0x01, 0x01, 0x01, 0x01, 0x01, 0x01, 
	0x01, 0x01, 0x01, 0x01, 0x01, 0x01, 0x01, 0x01, 0x01, 0x01, 0x01, 0x01, 0x01, 0x01, 0x01, 0x01, 
	0x01, 0x01, 0x01, 0x01, 0x01, 0x01, 0x01, 0x01, 0x01, 0x01, 0x01, 0x01, 0x01, 0x01, 0x01, 0x01, 
	0x01, 0x01, 0x01, 0x01, 0x01, 0x01, 0x01, 0x01, 0x01, 0x01, 0x01, 0x01, 0x01, 0x01, 0x01, 0x01, 
	0x01, 0x01, 0x01, 0x01, 0x01, 0x01, 0x01, 0x01, 0x01, 0x01, 0x01, 0x01, 0x01, 0x01, 0x01, 0x01, 
	0x01, 0x01, 0x01, 0x01, 0x01, 0x01, 0x01, 0x01, 0x01, 0x01, 0x01, 0x01, 0x01, 0x01, 0x01, 0x01, 
	0x01, 0x01, 0x01, 0x01, 0x01, 0x01, 0x01, 0x01, 0x01, 0x01, 0x01, 0x01, 0x01, 0x01, 0x01, 0x01, 
	0x01, 0x01, 0x01, 0x01, 0x01, 0x01, 0x01, 0x01, 0x01, 0x01, 0x01, 0x01, 0x01, 0x01, 0x01, 0x01, 
	0x01, 0x01, 0x01, 0x01, 0x01, 0x01, 0x01, 0x01, 0x01, 0x01, 0x01, 0x01, 0x01, 0x01, 0x01, 0x01, 
	0x01, 0x01, 0x01, 0x01, 0x01, 0x01, 0x01, 0x01, 0x01, 0x01, 0x01, 0x01, 0x01, 0x01, 0x01, 0x01, 
	0x01, 0x01, 0x01, 0x01, 0x01, 0x01, 0x01, 0x01, 0x01, 0x01, 0x01, 0x01, 0x01, 0x01, 0x01, 0x01, 
	0x01, 0x01, 0x01, 0x01, 0x01, 0x01, 0x01, 0x01, 0x01, 0x01, 0x01, 0x01, 0x01, 0x01, 0x01, 0x01, 
	0x01, 0x01, 0x01, 0x01, 0x01, 0x01, 0x01, 0x01, 0x01, 0x01, 0x01, 0x01, 0x01, 0x01, 0x01, 0x01, 
	0x01, 0x01, 0x01, 0x01, 0x01, 0x01, 0x01, 0x01, 0x01, 0x01, 0x01, 0x01, 0x01, 0x01, 0x01, 0x01, 
	0x01, 0x01, 0x01, 0x01, 0x01, 0x01, 0x01, 0x01, 0x01, 0x01, 0x01, 0x01, 0x01, 0x01, 0x01, 0x01, 
	0x01, 0x01, 0x01, 0x01, 0x01, 0x01, 0x01, 0x01, 0x01, 0x01, 0x01, 0x01, 0x01, 0x01, 0x01, 0x01, 
	0x01, 0x01, 0x01, 0x01, 0x01, 0x01, 0x01, 0x01, 0x01, 0x01, 0x01, 0x01, 0x01, 0x01, 0x01, 0x01, 
	0x01, 0x01, 0x01, 0x01, 0x01, 0x01, 0x01, 0x01, 0x01, 0x01, 0x01, 0x01, 0x01, 0x01, 0x01, 0x01, 
	0x01, 0x01, 0x01, 0x01, 0x01, 0x01, 0x01, 0x01, 0x01, 0x01, 0x01, 0x01, 0x01, 0x01, 0x01, 0x01, 
	0x01, 0x01, 0x01, 0x01, 0x01, 0x01, 0x01, 0x01, 0x01, 0x01, 0x01, 0x01, 0x01, 0x01, 0x01, 0x01, 
	0x01, 0x01, 0x01, 0x01, 0x01, 0x01, 0x01, 0x01, 0x01, 0x01, 0x01, 0x01, 0x01, 0x01, 0x01, 0x01, 
	0x01, 0x01, 0x01, 0x01, 0x01, 0x01, 0x01, 0x01, 0x01, 0x01, 0x01, 0x01, 0x01, 0x01, 0x01, 0x01, 
	0x01, 0x01, 0x01, 0x01, 0x01, 0x01, 0x01, 0x01, 0x01, 0x01, 0x01, 0x01, 0x01, 0x01, 0x01, 0x01, 
	0x01, 0x01, 0x01, 0x01, 0x01, 0x01, 0x01, 0x01, 0x01, 0x01, 0x01, 0x01, 0x01, 0x01, 0x01, 0x01, 
	0x01, 0x01, 0x01, 0x01, 0x01, 0x01, 0x01, 0x01, 0x01, 0x01, 0x01, 0x01, 0x01, 0x01, 0x01, 0x01, 
	0x01, 0x01, 0x01, 0x01, 0x01, 0x01, 0x01, 0x01, 0x01, 0x01, 0x01, 0x01, 0x00, 0x00, 0x00, 0x00, 
	0x01, 0x00, 0x00, 0x04, 0x01, 0x00, 0x00, 0x00, 0x65, 0x62, 0x5d, 0x59, 0x55, 0x52, 0x4f, 0x4d, 
	0x4b, 0x49, 0x48, 0x47, 0x46, 0x45, 0x45, 0x45, 0x45, 0x45, 0x46, 0x47, 0x48, 0x4a, 0x4c, 0x4e, 
	0x51, 0x53, 0x57, 0x5b, 0x60, 0x68, 0x73, 0x7e, 0x64, 0x61, 0x5c, 0x58, 0x54, 0x51, 0x4e, 0x4c, 
	0x4a, 0x48, 0x47, 0x46, 0x45, 0x45, 0x44, 0x44, 0x45, 0x45, 0x46, 0x46, 0x48, 0x49, 0x4b, 0x4d, 
	0x50, 0x53, 0x56, 0x5a, 0x5f, 0x67, 0x71, 0x7b, 0x63, 0x60, 0x5b, 0x57, 0x53, 0x50, 0x4e, 0x4b, 
	0x49, 0x48, 0x46, 0x45, 0x45, 0x44, 0x44, 0x44, 0x44, 0x44, 0x45, 0x46, 0x47, 0x49, 0x4a, 0x4d, 
	0x4f, 0x52, 0x55, 0x59, 0x5e, 0x65, 0x6e, 0x77, 0x62, 0x5f, 0x5a, 0x56, 0x53, 0x4f, 0x4d, 0x4a, 
	0x48, 0x47, 0x46, 0x45, 0x44, 0x43, 0x43, 0x43, 0x43, 0x44, 0x44, 0x45, 0x46, 0x48, 0x4a, 0x4c, 
	0x4e, 0x51, 0x54, 0x58, 0x5d, 0x63, 0x6c, 0x74, 0x61, 0x5e, 0x59, 0x55, 0x52, 0x4f, 0x4c, 0x4a, 
	0x48, 0x46, 0x45, 0x44, 0x43, 0x43, 0x43, 0x43, 0x43, 0x43, 0x44, 0x45, 0x46, 0x47, 0x49, 0x4b, 
	0x4d, 0x50, 0x53, 0x57, 0x5c, 0x61, 0x69, 0x71, 0x60, 0x5d, 0x58, 0x54, 0x51, 0x4e, 0x4b, 0x49, 
	0x47, 0x46, 0x45, 0x44, 0x43, 0x42, 0x42, 0x42, 0x42, 0x43, 0x43, 0x44, 0x45, 0x46, 0x48, 0x4a, 
	0x4d, 0x4f, 0x53, 0x56, 0x5a, 0x60, 0x67, 0x6e, 0x5f, 0x5c, 0x57, 0x54, 0x50, 0x4d, 0x4b, 0x48, 
	0x47, 0x45, 0x44, 0x43, 0x42, 0x42, 0x42, 0x42, 0x42, 0x42, 0x43, 0x44, 0x45, 0x46, 0x47, 0x49, 
	0x4c, 0x4f, 0x52, 0x55, 0x59, 0x5f, 0x66, 0x6c, 0x5e, 0x5b, 0x57, 0x53, 0x4f, 0x4c, 0x4a, 0x48, 
	0x46, 0x45, 0x43, 0x43, 0x42, 0x42, 0x41, 0x41, 0x41, 0x42, 0x42, 0x43, 0x44, 0x45, 0x47, 0x49, 
	0x4b, 0x4e, 0x51, 0x54, 0x58, 0x5e, 0x64, 0x6a, 0x5d, 0x5a, 0x56, 0x52, 0x4f, 0x4c, 0x49, 0x47, 
	0x45, 0x44, 0x43, 0x42, 0x42, 0x41, 0x41, 0x41, 0x41, 0x41, 0x42, 0x43, 0x44, 0x45, 0x46, 0x48, 
	0x4a, 0x4d, 0x50, 0x54, 0x58, 0x5d, 0x63, 0x68, 0x5c, 0x59, 0x55, 0x52, 0x4e, 0x4b, 0x49, 0x47, 
	0x45, 0x44, 0x43, 0x42, 0x41, 0x41, 0x41, 0x40, 0x41, 0x41, 0x41, 0x42, 0x43, 0x44, 0x46, 0x48, 
	0x4a, 0x4d, 0x50, 0x53, 0x57, 0x5c, 0x62, 0x67, 0x5c, 0x59, 0x55, 0x51, 0x4e, 0x4b, 0x49, 0x46, 
	0x45, 0x43, 0x42, 0x42, 0x41, 0x41, 0x40, 0x40, 0x40, 0x41, 0x41, 0x42, 0x43, 0x44, 0x46, 0x47, 
	0x4a, 0x4c, 0x4f, 0x53, 0x57, 0x5b, 0x61, 0x66, 0x5c, 0x59, 0x55, 0x51, 0x4e, 0x4b, 0x48, 0x46, 
	0x45, 0x43, 0x42, 0x41, 0x41, 0x40, 0x40, 0x40, 0x40, 0x41, 0x41, 0x42, 0x43, 0x44, 0x45, 0x47, 
	0x49, 0x4c, 0x4f, 0x53, 0x57, 0x5b, 0x61, 0x66, 0x5c, 0x59, 0x55, 0x51, 0x4e, 0x4b, 0x48, 0x46, 
	0x45, 0x43, 0x42, 0x41, 0x41, 0x40, 0x40, 0x40, 0x40, 0x40, 0x41, 0x42, 0x43, 0x44, 0x45, 0x47, 
	0x49, 0x4c, 0x4f, 0x53, 0x56, 0x5b, 0x61, 0x65, 0x5c, 0x59, 0x55, 0x51, 0x4e, 0x4b, 0x48, 0x46, 
	0x45, 0x43, 0x42, 0x42, 0x41, 0x40, 0x40, 0x40, 0x40, 0x41, 0x41, 0x42, 0x43, 0x44, 0x45, 0x47, 
	0x4a, 0x4c, 0x4f, 0x53, 0x57, 0x5b, 0x61, 0x65, 0x5c, 0x59, 0x55, 0x51, 0x4e, 0x4b, 0x48, 0x47, 
	0x45, 0x44, 0x43, 0x42, 0x41, 0x41, 0x40, 0x40, 0x40, 0x41, 0x41, 0x42, 0x43, 0x44, 0x46, 0x47, 
	0x4a, 0x4c, 0x4f, 0x53, 0x57, 0x5b, 0x61, 0x65, 0x5c, 0x59, 0x55, 0x51, 0x4e, 0x4b, 0x49, 0x47, 
	0x45, 0x44, 0x43, 0x42, 0x41, 0x41, 0x41, 0x40, 0x41, 0x41, 0x41, 0x42, 0x43, 0x44, 0x46, 0x48, 
	0x4a, 0x4d, 0x50, 0x53, 0x57, 0x5c, 0x61, 0x66, 0x5c, 0x59, 0x55, 0x51, 0x4e, 0x4b, 0x49, 0x47, 
	0x45, 0x44, 0x43, 0x42, 0x42, 0x41, 0x41, 0x41, 0x41, 0x41, 0x42, 0x42, 0x43, 0x45, 0x46, 0x48, 
	0x4a, 0x4d, 0x50, 0x53, 0x57, 0x5c, 0x62, 0x66, 0x5d, 0x5a, 0x56, 0x52, 0x4e, 0x4c, 0x49, 0x47, 
	0x46, 0x44, 0x43, 0x42, 0x42, 0x41, 0x41, 0x41, 0x41, 0x41, 0x42, 0x42, 0x43, 0x45, 0x46, 0x48, 
	0x4a, 0x4d, 0x50, 0x54, 0x58, 0x5c, 0x62, 0x67, 0x5d, 0x5a, 0x56, 0x52, 0x4f, 0x4c, 0x49, 0x47, 
	0x46, 0x44, 0x43, 0x42, 0x42, 0x41, 0x41, 0x41, 0x41, 0x41, 0x42, 0x43, 0x44, 0x45, 0x47, 0x48, 
	0x4b, 0x4d, 0x51, 0x54, 0x58, 0x5d, 0x63, 0x67, 0x5e, 0x5b, 0x56, 0x52, 0x4f, 0x4c, 0x4a, 0x48, 
	0x46, 0x45, 0x44, 0x43, 0x42, 0x42, 0x41, 0x41, 0x41, 0x42, 0x42, 0x43, 0x44, 0x45, 0x47, 0x49, 
	0x4b, 0x4e, 0x51, 0x55, 0x58, 0x5d, 0x63, 0x68, 0x5f, 0x5b, 0x57, 0x53, 0x50, 0x4d, 0x4a, 0x48, 
	0x46, 0x45, 0x44, 0x43, 0x42, 0x42, 0x42, 0x42, 0x42, 0x42, 0x43, 0x43, 0x44, 0x46, 0x47, 0x49, 
	0x4c, 0x4e, 0x52, 0x55, 0x59, 0x5e, 0x64, 0x69, 0x60, 0x5c, 0x58, 0x54, 0x50, 0x4d, 0x4b, 0x49, 
	0x47, 0x46, 0x44, 0x43, 0x43, 0x42, 0x42, 0x42, 0x42, 0x42, 0x43, 0x44, 0x45, 0x46, 0x48, 0x4a, 
	0x4c, 0x4f, 0x52, 0x56, 0x5a, 0x5f, 0x65, 0x6a, 0x60, 0x5d, 0x59, 0x55, 0x51, 0x4e, 0x4c, 0x49, 
	0x48, 0x46, 0x45, 0x44, 0x43, 0x43, 0x43, 0x43, 0x43, 0x43, 0x44, 0x44, 0x46, 0x47, 0x49, 0x4b, 
	0x4d, 0x50, 0x53, 0x57, 0x5b, 0x60, 0x67, 0x6c, 0x61, 0x5e, 0x5a, 0x56, 0x52, 0x4f, 0x4c, 0x4a, 
	0x48, 0x47, 0x46, 0x45, 0x44, 0x44, 0x43, 0x43, 0x43, 0x44, 0x44, 0x45, 0x46, 0x48, 0x4a, 0x4c, 
	0x4e, 0x51, 0x54, 0x58, 0x5c, 0x61, 0x68, 0x6f, 0x63, 0x5f, 0x5b, 0x57, 0x53, 0x50, 0x4e, 0x4b, 
	0x49, 0x48, 0x47, 0x46, 0x45, 0x44, 0x44, 0x44, 0x44, 0x45, 0x45, 0x46, 0x47, 0x49, 0x4b, 0x4d, 
	0x4f, 0x52, 0x55, 0x59, 0x5d, 0x63, 0x6b, 0x71, 0x64, 0x61, 0x5c, 0x58, 0x55, 0x51, 0x4f, 0x4c, 
	0x4a, 0x49, 0x48, 0x47, 0x46, 0x45, 0x45, 0x45, 0x45, 0x46, 0x46, 0x47, 0x48, 0x4a, 0x4c, 0x4e, 
	0x50, 0x53, 0x57, 0x5b, 0x5f, 0x65, 0x6d, 0x74, 0x67, 0x63, 0x5e, 0x5a, 0x56, 0x53, 0x50, 0x4e, 
	0x4c, 0x4a, 0x49, 0x48, 0x47, 0x46, 0x46, 0x46, 0x46, 0x47, 0x47, 0x48, 0x49, 0x4b, 0x4d, 0x4f, 
	0x52, 0x55, 0x58, 0x5c, 0x61, 0x67, 0x70, 0x78, 0x69, 0x65, 0x5f, 0x5b, 0x57, 0x54, 0x51, 0x4f, 
	0x4d, 0x4b, 0x4a, 0x49, 0x48, 0x47, 0x47, 0x47, 0x47, 0x48, 0x48, 0x49, 0x4b, 0x4c, 0x4e, 0x50, 
	0x53, 0x56, 0x5a, 0x5e, 0x63, 0x6a, 0x74, 0x7d, 0x6c, 0x67, 0x61, 0x5d, 0x59, 0x55, 0x53, 0x50, 
	0x4e, 0x4c, 0x4b, 0x4a, 0x49, 0x48, 0x48, 0x48, 0x48, 0x49, 0x4a, 0x4b, 0x4c, 0x4e, 0x50, 0x52, 
	0x55, 0x58, 0x5b, 0x5f, 0x65, 0x6d, 0x78, 0x83, 0x70, 0x6a, 0x63, 0x5e, 0x5a, 0x57, 0x54, 0x51, 
	0x4f, 0x4e, 0x4c, 0x4b, 0x4a, 0x4a, 0x49, 0x49, 0x4a, 0x4a, 0x4b, 0x4c, 0x4d, 0x4f, 0x51, 0x53, 
	0x56, 0x59, 0x5d, 0x61, 0x67, 0x70, 0x7d, 0x8a, 0x74, 0x6d, 0x66, 0x60, 0x5c, 0x58, 0x55, 0x53, 
	0x51, 0x4f, 0x4d, 0x4c, 0x4b, 0x4b, 0x4b, 0x4b, 0x4b, 0x4b, 0x4c, 0x4d, 0x4f, 0x51, 0x53, 0x55, 
	0x58, 0x5b, 0x5f, 0x63, 0x6a, 0x74, 0x84, 0x93, 0x77, 0x70, 0x67, 0x61, 0x5d, 0x5a, 0x57, 0x54, 
	0x52, 0x50, 0x4e, 0x4d, 0x4c, 0x4c, 0x4c, 0x4c, 0x4c, 0x4c, 0x4d, 0x4e, 0x50, 0x52, 0x54, 0x56, 
	0x59, 0x5c, 0x60, 0x65, 0x6c, 0x77, 0x88, 0x99, 0x00, 0x00, 0x00, 0x00, 0x01, 0x00, 0x00, 0x04, 
	0x01, 0x00, 0x00, 0x00, 0x65, 0x62, 0x5d, 0x59, 0x55, 0x52, 0x4f, 0x4d, 0x4b, 0x49, 0x48, 0x47, 
	0x46, 0x45, 0x45, 0x45, 0x45, 0x45, 0x46, 0x47, 0x48, 0x4a, 0x4c, 0x4e, 0x51, 0x53, 0x57, 0x5b, 
	0x60, 0x68, 0x73, 0x7e, 0x64, 0x61, 0x5c, 0x58, 0x54, 0x51, 0x4e, 0x4c, 0x4a, 0x48, 0x47, 0x46, 
	0x45, 0x45, 0x44, 0x44, 0x45, 0x45, 0x46, 0x46, 0x48, 0x49, 0x4b, 0x4d, 0x50, 0x53, 0x56, 0x5a, 
	0x5f, 0x67, 0x71, 0x7b, 0x63, 0x60, 0x5b, 0x57, 0x53, 0x50, 0x4e, 0x4b, 0x49, 0x48, 0x46, 0x45, 
	0x45, 0x44, 0x44, 0x44, 0x44, 0x44, 0x45, 0x46, 0x47, 0x49, 0x4a, 0x4d, 0x4f, 0x52, 0x55, 0x59, 
	0x5e, 0x65, 0x6e, 0x77, 0x62, 0x5f, 0x5a, 0x56, 0x53, 0x4f, 0x4d, 0x4a, 0x48, 0x47, 0x46, 0x45, 
	0x44, 0x43, 0x43, 0x43, 0x43, 0x44, 0x44, 0x45, 0x46, 0x48, 0x4a, 0x4c, 0x4e, 0x51, 0x54, 0x58, 
	0x5d, 0x63, 0x6c, 0x74, 0x61, 0x5e, 0x59, 0x55, 0x52, 0x4f, 0x4c, 0x4a, 0x48, 0x46, 0x45, 0x44, 
	0x43, 0x43, 0x43, 0x43, 0x43, 0x43, 0x44, 0x45, 0x46, 0x47, 0x49, 0x4b, 0x4d, 0x50, 0x53, 0x57, 
	0x5c, 0x61, 0x69, 0x71, 0x60, 0x5d, 0x58, 0x54, 0x51, 0x4e, 0x4b, 0x49, 0x47, 0x46, 0x45, 0x44, 
	0x43, 0x42, 0x42, 0x42, 0x42, 0x43, 0x43, 0x44, 0x45, 0x46, 0x48, 0x4a, 0x4d, 0x4f, 0x53, 0x56, 
	0x5a, 0x60, 0x67, 0x6e, 0x5f, 0x5c, 0x57, 0x54, 0x50, 0x4d, 0x4b, 0x48, 0x47, 0x45, 0x44, 0x43, 
	0x42, 0x42, 0x42, 0x42, 0x42, 0x42, 0x43, 0x44, 0x45, 0x46, 0x47, 0x49, 0x4c, 0x4f, 0x52, 0x55, 
	0x59, 0x5f, 0x66, 0x6c, 0x5e, 0x5b, 0x57, 0x53, 0x4f, 0x4c, 0x4a, 0x48, 0x46, 0x45, 0x43, 0x43, 
	0x42, 0x42, 0x41, 0x41, 0x41, 0x42, 0x42, 0x43, 0x44, 0x45, 0x47, 0x49, 0x4b, 0x4e, 0x51, 0x54, 
	0x58, 0x5e, 0x64, 0x6a, 0x5d, 0x5a, 0x56, 0x52, 0x4f, 0x4c, 0x49, 0x47, 0x45, 0x44, 0x43, 0x42, 
	0x42, 0x41, 0x41, 0x41, 0x41, 0x41, 0x42, 0x43, 0x44, 0x45, 0x46, 0x48, 0x4a, 0x4d, 0x50, 0x54, 
	0x58, 0x5d, 0x63, 0x68, 0x5c, 0x59, 0x55, 0x52, 0x4e, 0x4b, 0x49, 0x47, 0x45, 0x44, 0x43, 0x42, 
	0x41, 0x41, 0x41, 0x40, 0x41, 0x41, 0x41, 0x42, 0x43, 0x44, 0x46, 0x48, 0x4a, 0x4d, 0x50, 0x53, 
	0x57, 0x5c, 0x62, 0x67, 0x5c, 0x59, 0x55, 0x51, 0x4e, 0x4b, 0x49, 0x46, 0x45, 0x43, 0x42, 0x42, 
	0x41, 0x41, 0x40, 0x40, 0x40, 0x41, 0x41, 0x42, 0x43, 0x44, 0x46, 0x47, 0x4a, 0x4c, 0x4f, 0x53, 
	0x57, 0x5b, 0x61, 0x66, 0x5c, 0x59, 0x55, 0x51, 0x4e, 0x4b, 0x48, 0x46, 0x45, 0x43, 0x42, 0x41, 
	0x41, 0x40, 0x40, 0x40, 0x40, 0x41, 0x41, 0x42, 0x43, 0x44, 0x45, 0x47, 0x49, 0x4c, 0x4f, 0x53, 
	0x57, 0x5b, 0x61, 0x66, 0x5c, 0x59, 0x55, 0x51, 0x4e, 0x4b, 0x48, 0x46, 0x45, 0x43, 0x42, 0x41, 
	0x41, 0x40, 0x40, 0x40, 0x40, 0x40, 0x41, 0x42, 0x43, 0x44, 0x45, 0x47, 0x49, 0x4c, 0x4f, 0x53, 
	0x56, 0x5b, 0x61, 0x65, 0x5c, 0x59, 0x55, 0x51, 0x4e, 0x4b, 0x48, 0x46, 0x45, 0x43, 0x42, 0x42, 
	0x41, 0x40, 0x40, 0x40, 0x40, 0x41, 0x41, 0x42, 0x43, 0x44, 0x45, 0x47, 0x4a, 0x4c, 0x4f, 0x53, 
	0x57, 0x5b, 0x61, 0x65, 0x5c, 0x59, 0x55, 0x51, 0x4e, 0x4b, 0x48, 0x47, 0x45, 0x44, 0x43, 0x42, 
	0x41, 0x41, 0x40, 0x40, 0x40, 0x41, 0x41, 0x42, 0x43, 0x44, 0x46, 0x47, 0x4a, 0x4c, 0x4f, 0x53, 
	0x57, 0x5b, 0x61, 0x65, 0x5c, 0x59, 0x55, 0x51, 0x4e, 0x4b, 0x49, 0x47, 0x45, 0x44, 0x43, 0x42, 
	0x41, 0x41, 0x41, 0x40, 0x41, 0x41, 0x41, 0x42, 0x43, 0x44, 0x46, 0x48, 0x4a, 0x4d, 0x50, 0x53, 
	0x57, 0x5c, 0x61, 0x66, 0x5c, 0x59, 0x55, 0x51, 0x4e, 0x4b, 0x49, 0x47, 0x45, 0x44, 0x43, 0x42, 
	0x42, 0x41, 0x41, 0x41, 0x41, 0x41, 0x42, 0x42, 0x43, 0x45, 0x46, 0x48, 0x4a, 0x4d, 0x50, 0x53, 
	0x57, 0x5c, 0x62, 0x66, 0x5d, 0x5a, 0x56, 0x52, 0x4e, 0x4c, 0x49, 0x47, 0x46, 0x44, 0x43, 0x42, 
	0x42, 0x41, 0x41, 0x41, 0x41, 0x41, 0x42, 0x42, 0x43, 0x45, 0x46, 0x48, 0x4a, 0x4d, 0x50, 0x54, 
	0x58, 0x5c, 0x62, 0x67, 0x5d, 0x5a, 0x56, 0x52, 0x4f, 0x4c, 0x49, 0x47, 0x46, 0x44, 0x43, 0x42, 
	0x42, 0x41, 0x41, 0x41, 0x41, 0x41, 0x42, 0x43, 0x44, 0x45, 0x47, 0x48, 0x4b, 0x4d, 0x51, 0x54, 
	0x58, 0x5d, 0x63, 0x67, 0x5e, 0x5b, 0x56, 0x52, 0x4f, 0x4c, 0x4a, 0x48, 0x46, 0x45, 0x44, 0x43, 
	0x42, 0x42, 0x41, 0x41, 0x41, 0x42, 0x42, 0x43, 0x44, 0x45, 0x47, 0x49, 0x4b, 0x4e, 0x51, 0x55, 
	0x58, 0x5d, 0x63, 0x68, 0x5f, 0x5b, 0x57, 0x53, 0x50, 0x4d, 0x4a, 0x48, 0x46, 0x45, 0x44, 0x43, 
	0x42, 0x42, 0x42, 0x42, 0x42, 0x42, 0x43, 0x43, 0x44, 0x46, 0x47, 0x49, 0x4c, 0x4e, 0x52, 0x55, 
	0x59, 0x5e, 0x64, 0x69, 0x60, 0x5c, 0x58, 0x54, 0x50, 0x4d, 0x4b, 0x49, 0x47, 0x46, 0x44, 0x43, 
	0x43, 0x42, 0x42, 0x42, 0x42, 0x42, 0x43, 0x44, 0x45, 0x46, 0x48, 0x4a, 0x4c, 0x4f, 0x52, 0x56, 
	0x5a, 0x5f, 0x65, 0x6a, 0x60, 0x5d, 0x59, 0x55, 0x51, 0x4e, 0x4c, 0x49, 0x48, 0x46, 0x45, 0x44, 
	0x43, 0x43, 0x43, 0x43, 0x43, 0x43, 0x44, 0x44, 0x46, 0x47, 0x49, 0x4b, 0x4d, 0x50, 0x53, 0x57, 
	0x5b, 0x60, 0x67, 0x6c, 0x61, 0x5e, 0x5a, 0x56, 0x52, 0x4f, 0x4c, 0x4a, 0x48, 0x47, 0x46, 0x45, 
	0x44, 0x44, 0x43, 0x43, 0x43, 0x44, 0x44, 0x45, 0x46, 0x48, 0x4a, 0x4c, 0x4e, 0x51, 0x54, 0x58, 
	0x5c, 0x61, 0x68, 0x6f, 0x63, 0x5f, 0x5b, 0x57, 0x53, 0x50, 0x4e, 0x4b, 0x49, 0x48, 0x47, 0x46, 
	0x45, 0x44, 0x44, 0x44, 0x44, 0x45, 0x45, 0x46, 0x47, 0x49, 0x4b, 0x4d, 0x4f, 0x52, 0x55, 0x59, 
	0x5d, 0x63, 0x6b, 0x71, 0x64, 0x61, 0x5c, 0x58, 0x55, 0x51, 0x4f, 0x4c, 0x4a, 0x49, 0x48, 0x47, 
	0x46, 0x45, 0x45, 0x45, 0x45, 0x46, 0x46, 0x47, 0x48, 0x4a, 0x4c, 0x4e, 0x50, 0x53, 0x57, 0x5b, 
	0x5f, 0x65, 0x6d, 0x74, 0x67, 0x63, 0x5e, 0x5a, 0x56, 0x53, 0x50, 0x4e, 0x4c, 0x4a, 0x49, 0x48, 
	0x47, 0x46, 0x46, 0x46, 0x46, 0x47, 0x47, 0x48, 0x49, 0x4b, 0x4d, 0x4f, 0x52, 0x55, 0x58, 0x5c, 
	0x61, 0x67, 0x70, 0x78, 0x69, 0x65, 0x5f, 0x5b, 0x57, 0x54, 0x51, 0x4f, 0x4d, 0x4b, 0x4a, 0x49, 
	0x48, 0x47, 0x47, 0x47, 0x47, 0x48, 0x48, 0x49, 0x4b, 0x4c, 0x4e, 0x50, 0x53, 0x56, 0x5a, 0x5e, 
	0x63, 0x6a, 0x74, 0x7d, 0x6c, 0x67, 0x61, 0x5d, 0x59, 0x55, 0x53, 0x50, 0x4e, 0x4c, 0x4b, 0x4a, 
	0x49, 0x48, 0x48, 0x48, 0x48, 0x49, 0x4a, 0x4b, 0x4c, 0x4e, 0x50, 0x52, 0x55, 0x58, 0x5b, 0x5f, 
	0x65, 0x6d, 0x78, 0x83, 0x70, 0x6a, 0x63, 0x5e, 0x5a, 0x57, 0x54, 0x51, 0x4f, 0x4e, 0x4c, 0x4b, 
	0x4a, 0x4a, 0x49, 0x49, 0x4a, 0x4a, 0x4b, 0x4c, 0x4d, 0x4f, 0x51, 0x53, 0x56, 0x59, 0x5d, 0x61, 
	0x67, 0x70, 0x7d, 0x8a, 0x74, 0x6d, 0x66, 0x60, 0x5c, 0x58, 0x55, 0x53, 0x51, 0x4f, 0x4d, 0x4c, 
	0x4b, 0x4b, 0x4b, 0x4b, 0x4b, 0x4b, 0x4c, 0x4d, 0x4f, 0x51, 0x53, 0x55, 0x58, 0x5b, 0x5f, 0x63, 
	0x6a, 0x74, 0x84, 0x93, 0x77, 0x70, 0x67, 0x61, 0x5d, 0x5a, 0x57, 0x54, 0x52, 0x50, 0x4e, 0x4d, 
	0x4c, 0x4c, 0x4c, 0x4c, 0x4c, 0x4c, 0x4d, 0x4e, 0x50, 0x52, 0x54, 0x56, 0x59, 0x5c, 0x60, 0x65, 
	0x6c, 0x77, 0x88, 0x99, 0x00, 0x00, 0x00, 0x00, 0x01, 0x00, 0x00, 0x04, 0x01, 0x00, 0x00, 0x00, 
	0x01, 0x01, 0x01, 0x01, 0x01, 0x01, 0x01, 0x01, 0x01, 0x01, 0x01, 0x01, 0x01, 0x01, 0x01, 0x01, 
	0x01, 0x01, 0x01, 0x01, 0x01, 0x01, 0x01, 0x01, 0x01, 0x01, 0x01, 0x01, 0x01, 0x01, 0x01, 0x01, 
	0x01, 0x01, 0x01, 0x01, 0x01, 0x01, 0x01, 0x01, 0x01, 0x01, 0x01, 0x01, 0x01, 0x01, 0x01, 0x01, 
	0x01, 0x01, 0x01, 0x01, 0x01, 0x01, 0x01, 0x01, 0x01, 0x01, 0x01, 0x01, 0x01, 0x01, 0x01, 0x01, 
	0x01, 0x01, 0x01, 0x01, 0x01, 0x01, 0x01, 0x01, 0x01, 0x01, 0x01, 0x01, 0x01, 0x01, 0x01, 0x01, 
	0x01, 0x01, 0x01, 0x01, 0x01, 0x01, 0x01, 0x01, 0x01, 0x01, 0x01, 0x01, 0x01, 0x01, 0x01, 0x01, 
	0x01, 0x01, 0x01, 0x01, 0x01, 0x01, 0x01, 0x01, 0x01, 0x01, 0x01, 0x01, 0x01, 0x01, 0x01, 0x01, 
	0x01, 0x01, 0x01, 0x01, 0x01, 0x01, 0x01, 0x01, 0x01, 0x01, 0x01, 0x01, 0x01, 0x01, 0x01, 0x01, 
	0x01, 0x01, 0x01, 0x01, 0x01, 0x01, 0x01, 0x01, 0x01, 0x01, 0x01, 0x01, 0x01, 0x01, 0x01, 0x01, 
	0x01, 0x01, 0x01, 0x01, 0x01, 0x01, 0x01, 0x01, 0x01, 0x01, 0x01, 0x01, 0x01, 0x01, 0x01, 0x01, 
	0x01, 0x01, 0x01, 0x01, 0x01, 0x01, 0x01, 0x01, 0x01, 0x01, 0x01, 0x01, 0x01, 0x01, 0x01, 0x01, 
	0x01, 0x01, 0x01, 0x01, 0x01, 0x01, 0x01, 0x01, 0x01, 0x01, 0x01, 0x01, 0x01, 0x01, 0x01, 0x01, 
	0x01, 0x01, 0x01, 0x01, 0x01, 0x01, 0x01, 0x01, 0x01, 0x01, 0x01, 0x01, 0x01, 0x01, 0x01, 0x01, 
	0x01, 0x01, 0x01, 0x01, 0x01, 0x01, 0x01, 0x01, 0x01, 0x01, 0x01, 0x01, 0x01, 0x01, 0x01, 0x01, 
	0x01, 0x01, 0x01, 0x01, 0x01, 0x01, 0x01, 0x01, 0x01, 0x01, 0x01, 0x01, 0x01, 0x01, 0x01, 0x01, 
	0x01, 0x01, 0x01, 0x01, 0x01, 0x01, 0x01, 0x01, 0x01, 0x01, 0x01, 0x01, 0x01, 0x01, 0x01, 0x01, 
	0x01, 0x01, 0x01, 0x01, 0x01, 0x01, 0x01, 0x01, 0x01, 0x01, 0x01, 0x01, 0x01, 0x01, 0x01, 0x01, 
	0x01, 0x01, 0x01, 0x01, 0x01, 0x01, 0x01, 0x01, 0x01, 0x01, 0x01, 0x01, 0x01, 0x01, 0x01, 0x01, 
	0x01, 0x01, 0x01, 0x01, 0x01, 0x01, 0x01, 0x01, 0x01, 0x01, 0x01, 0x01, 0x01, 0x01, 0x01, 0x01, 
	0x01, 0x01, 0x01, 0x01, 0x01, 0x01, 0x01, 0x01, 0x01, 0x01, 0x01, 0x01, 0x01, 0x01, 0x01, 0x01, 
	0x01, 0x01, 0x01, 0x01, 0x01, 0x01, 0x01, 0x01, 0x01, 0x01, 0x01, 0x01, 0x01, 0x01, 0x01, 0x01, 
	0x01, 0x01, 0x01, 0x01, 0x01, 0x01, 0x01, 0x01, 0x01, 0x01, 0x01, 0x01, 0x01, 0x01, 0x01, 0x01, 
	0x01, 0x01, 0x01, 0x01, 0x01, 0x01, 0x01, 0x01, 0x01, 0x01, 0x01, 0x01, 0x01, 0x01, 0x01, 0x01, 
	0x01, 0x01, 0x01, 0x01, 0x01, 0x01, 0x01, 0x01, 0x01, 0x01, 0x01, 0x01, 0x01, 0x01, 0x01, 0x01, 
	0x01, 0x01, 0x01, 0x01, 0x01, 0x01, 0x01, 0x01, 0x01, 0x01, 0x01, 0x01, 0x01, 0x01, 0x01, 0x01, 
	0x01, 0x01, 0x01, 0x01, 0x01, 0x01, 0x01, 0x01, 0x01, 0x01, 0x01, 0x01, 0x01, 0x01, 0x01, 0x01, 
	0x01, 0x01, 0x01, 0x01, 0x01, 0x01, 0x01, 0x01, 0x01, 0x01, 0x01, 0x01, 0x01, 0x01, 0x01, 0x01, 
	0x01, 0x01, 0x01, 0x01, 0x01, 0x01, 0x01, 0x01, 0x01, 0x01, 0x01, 0x01, 0x01, 0x01, 0x01, 0x01, 
	0x01, 0x01, 0x01, 0x01, 0x01, 0x01, 0x01, 0x01, 0x01, 0x01, 0x01, 0x01, 0x01, 0x01, 0x01, 0x01, 
	0x01, 0x01, 0x01, 0x01, 0x01, 0x01, 0x01, 0x01, 0x01, 0x01, 0x01, 0x01, 0x01, 0x01, 0x01, 0x01, 
	0x01, 0x01, 0x01, 0x01, 0x01, 0x01, 0x01, 0x01, 0x01, 0x01, 0x01, 0x01, 0x01, 0x01, 0x01, 0x01, 
	0x01, 0x01, 0x01, 0x01, 0x01, 0x01, 0x01, 0x01, 0x01, 0x01, 0x01, 0x01, 0x01, 0x01, 0x01, 0x01, 
	0x01, 0x01, 0x01, 0x01, 0x01, 0x01, 0x01, 0x01, 0x01, 0x01, 0x01, 0x01, 0x01, 0x01, 0x01, 0x01, 
	0x01, 0x01, 0x01, 0x01, 0x01, 0x01, 0x01, 0x01, 0x01, 0x01, 0x01, 0x01, 0x01, 0x01, 0x01, 0x01, 
	0x01, 0x01, 0x01, 0x01, 0x01, 0x01, 0x01, 0x01, 0x01, 0x01, 0x01, 0x01, 0x01, 0x01, 0x01, 0x01, 
	0x01, 0x01, 0x01, 0x01, 0x01, 0x01, 0x01, 0x01, 0x01, 0x01, 0x01, 0x01, 0x01, 0x01, 0x01, 0x01, 
	0x01, 0x01, 0x01, 0x01, 0x01, 0x01, 0x01, 0x01, 0x01, 0x01, 0x01, 0x01, 0x01, 0x01, 0x01, 0x01, 
	0x01, 0x01, 0x01, 0x01, 0x01, 0x01, 0x01, 0x01, 0x01, 0x01, 0x01, 0x01, 0x01, 0x01, 0x01, 0x01, 
	0x01, 0x01, 0x01, 0x01, 0x01, 0x01, 0x01, 0x01, 0x01, 0x01, 0x01, 0x01, 0x01, 0x01, 0x01, 0x01, 
	0x01, 0x01, 0x01, 0x01, 0x01, 0x01, 0x01, 0x01, 0x01, 0x01, 0x01, 0x01, 0x01, 0x01, 0x01, 0x01, 
	0x01, 0x01, 0x01, 0x01, 0x01, 0x01, 0x01, 0x01, 0x01, 0x01, 0x01, 0x01, 0x01, 0x01, 0x01, 0x01, 
	0x01, 0x01, 0x01, 0x01, 0x01, 0x01, 0x01, 0x01, 0x01, 0x01, 0x01, 0x01, 0x01, 0x01, 0x01, 0x01, 
	0x01, 0x01, 0x01, 0x01, 0x01, 0x01, 0x01, 0x01, 0x01, 0x01, 0x01, 0x01, 0x01, 0x01, 0x01, 0x01, 
	0x01, 0x01, 0x01, 0x01, 0x01, 0x01, 0x01, 0x01, 0x01, 0x01, 0x01, 0x01, 0x01, 0x01, 0x01, 0x01, 
	0x01, 0x01, 0x01, 0x01, 0x01, 0x01, 0x01, 0x01, 0x01, 0x01, 0x01, 0x01, 0x01, 0x01, 0x01, 0x01, 
	0x01, 0x01, 0x01, 0x01, 0x01, 0x01, 0x01, 0x01, 0x01, 0x01, 0x01, 0x01, 0x01, 0x01, 0x01, 0x01, 
	0x01, 0x01, 0x01, 0x01, 0x01, 0x01, 0x01, 0x01, 0x01, 0x01, 0x01, 0x01, 0x01, 0x01, 0x01, 0x01, 
	0x01, 0x01, 0x01, 0x01, 0x01, 0x01, 0x01, 0x01, 0x01, 0x01, 0x01, 0x01, 0x01, 0x01, 0x01, 0x01, 
	0x01, 0x01, 0x01, 0x01, 0x01, 0x01, 0x01, 0x01, 0x01, 0x01, 0x01, 0x01, 0x01, 0x01, 0x01, 0x01, 
	0x01, 0x01, 0x01, 0x01, 0x01, 0x01, 0x01, 0x01, 0x01, 0x01, 0x01, 0x01, 0x01, 0x01, 0x01, 0x01, 
	0x01, 0x01, 0x01, 0x01, 0x01, 0x01, 0x01, 0x01, 0x01, 0x01, 0x01, 0x01, 0x01, 0x01, 0x01, 0x01, 
	0x01, 0x01, 0x01, 0x01, 0x01, 0x01, 0x01, 0x01, 0x01, 0x01, 0x01, 0x01, 0x01, 0x01, 0x01, 0x01, 
	0x01, 0x01, 0x01, 0x01, 0x01, 0x01, 0x01, 0x01, 0x01, 0x01, 0x01, 0x01, 0x01, 0x01, 0x01, 0x01, 
	0x01, 0x01, 0x01, 0x01, 0x01, 0x01, 0x01, 0x01, 0x01, 0x01, 0x01, 0x01, 0x01, 0x01, 0x01, 0x01, 
	0x01, 0x01, 0x01, 0x01, 0x01, 0x01, 0x01, 0x01, 0x01, 0x01, 0x01, 0x01, 0x01, 0x01, 0x01, 0x01, 
	0x01, 0x01, 0x01, 0x01, 0x01, 0x01, 0x01, 0x01, 0x01, 0x01, 0x01, 0x01, 0x01, 0x01, 0x01, 0x01, 
	0x01, 0x01, 0x01, 0x01, 0x01, 0x01, 0x01, 0x01, 0x01, 0x01, 0x01, 0x01, 0x01, 0x01, 0x01, 0x01, 
	0x01, 0x01, 0x01, 0x01, 0x01, 0x01, 0x01, 0x01, 0x01, 0x01, 0x01, 0x01, 0x01, 0x01, 0x01, 0x01, 
	0x01, 0x01, 0x01, 0x01, 0x01, 0x01, 0x01, 0x01, 0x01, 0x01, 0x01, 0x01, 0x01, 0x01, 0x01, 0x01, 
	0x01, 0x01, 0x01, 0x01, 0x01, 0x01, 0x01, 0x01, 0x01, 0x01, 0x01, 0x01, 0x01, 0x01, 0x01, 0x01, 
	0x01, 0x01, 0x01, 0x01, 0x01, 0x01, 0x01, 0x01, 0x01, 0x01, 0x01, 0x01, 0x01, 0x01, 0x01, 0x01, 
	0x01, 0x01, 0x01, 0x01, 0x01, 0x01, 0x01, 0x01, 0x01, 0x01, 0x01, 0x01, 0x01, 0x01, 0x01, 0x01, 
	0x01, 0x01, 0x01, 0x01, 0x01, 0x01, 0x01, 0x01, 0x01, 0x01, 0x01, 0x01, 0x01, 0x01, 0x01, 0x01, 
	0x01, 0x01, 0x01, 0x01, 0x01, 0x01, 0x01, 0x01, 0x01, 0x01, 0x01, 0x01, 0x01, 0x01, 0x01, 0x01, 
	0x00, 0x00, 0x00, 0x00, 0x01, 0x00, 0x00, 0x04, 0x01, 0x00, 0x00, 0x00, 0x01, 0x01, 0x01, 0x01, 
	0x01, 0x01, 0x01, 0x01, 0x01, 0x01, 0x01, 0x01, 0x01, 0x01, 0x01, 0x01, 0x01, 0x01, 0x01, 0x01, 
	0x01, 0x01, 0x01, 0x01, 0x01, 0x01, 0x01, 0x01, 0x01, 0x01, 0x01, 0x01, 0x01, 0x01, 0x01, 0x01, 
	0x01, 0x01, 0x01, 0x01, 0x01, 0x01, 0x01, 0x01, 0x01, 0x01, 0x01, 0x01, 0x01, 0x01, 0x01, 0x01, 
	0x01, 0x01, 0x01, 0x01, 0x01, 0x01, 0x01, 0x01, 0x01, 0x01, 0x01, 0x01, 0x01, 0x01, 0x01, 0x01, 
	0x01, 0x01, 0x01, 0x01, 0x01, 0x01, 0x01, 0x01, 0x01, 0x01, 0x01, 0x01, 0x01, 0x01, 0x01, 0x01, 
	0x01, 0x01, 0x01, 0x01, 0x01, 0x01, 0x01, 0x01, 0x01, 0x01, 0x01, 0x01, 0x01, 0x01, 0x01, 0x01, 
	0x01, 0x01, 0x01, 0x01, 0x01, 0x01, 0x01, 0x01, 0x01, 0x01, 0x01, 0x01, 0x01, 0x01, 0x01, 0x01, 
	0x01, 0x01, 0x01, 0x01, 0x01, 0x01, 0x01, 0x01, 0x01, 0x01, 0x01, 0x01, 0x01, 0x01, 0x01, 0x01, 
	0x01, 0x01, 0x01, 0x01, 0x01, 0x01, 0x01, 0x01, 0x01, 0x01, 0x01, 0x01, 0x01, 0x01, 0x01, 0x01, 
	0x01, 0x01, 0x01, 0x01, 0x01, 0x01, 0x01, 0x01, 0x01, 0x01, 0x01, 0x01, 0x01, 0x01, 0x01, 0x01, 
	0x01, 0x01, 0x01, 0x01, 0x01, 0x01, 0x01, 0x01, 0x01, 0x01, 0x01, 0x01, 0x01, 0x01, 0x01, 0x01, 
	0x01, 0x01, 0x01, 0x01, 0x01, 0x01, 0x01, 0x01, 0x01, 0x01, 0x01, 0x01, 0x01, 0x01, 0x01, 0x01, 
	0x01, 0x01, 0x01, 0x01, 0x01, 0x01, 0x01, 0x01, 0x01, 0x01, 0x01, 0x01, 0x01, 0x01, 0x01, 0x01, 
	0x01, 0x01, 0x01, 0x01, 0x01, 0x01, 0x01, 0x01, 0x01, 0x01, 0x01, 0x01, 0x01, 0x01, 0x01, 0x01, 
	0x01, 0x01, 0x01, 0x01, 0x01, 0x01, 0x01, 0x01, 0x01, 0x01, 0x01, 0x01, 0x01, 0x01, 0x01, 0x01, 
	0x01, 0x01, 0x01, 0x01, 0x01, 0x01, 0x01, 0x01, 0x01, 0x01, 0x01, 0x01, 0x01, 0x01, 0x01, 0x01, 
	0x01, 0x01, 0x01, 0x01, 0x01, 0x01, 0x01, 0x01, 0x01, 0x01, 0x01, 0x01, 0x01, 0x01, 0x01, 0x01, 
	0x01, 0x01, 0x01, 0x01, 0x01, 0x01, 0x01, 0x01, 0x01, 0x01, 0x01, 0x01, 0x01, 0x01, 0x01, 0x01, 
	0x01, 0x01, 0x01, 0x01, 0x01, 0x01, 0x01, 0x01, 0x01, 0x01, 0x01, 0x01, 0x01, 0x01, 0x01, 0x01, 
	0x01, 0x01, 0x01, 0x01, 0x01, 0x01, 0x01, 0x01, 0x01, 0x01, 0x01, 0x01, 0x01, 0x01, 0x01, 0x01, 
	0x01, 0x01, 0x01, 0x01, 0x01, 0x01, 0x01, 0x01, 0x01, 0x01, 0x01, 0x01, 0x01, 0x01, 0x01, 0x01, 
	0x01, 0x01, 0x01, 0x01, 0x01, 0x01, 0x01, 0x01, 0x01, 0x01, 0x01, 0x01, 0x01, 0x01, 0x01, 0x01, 
	0x01, 0x01, 0x01, 0x01, 0x01, 0x01, 0x01, 0x01, 0x01, 0x01, 0x01, 0x01, 0x01, 0x01, 0x01, 0x01, 
	0x01, 0x01, 0x01, 0x01, 0x01, 0x01, 0x01, 0x01, 0x01, 0x01, 0x01, 0x01, 0x01, 0x01, 0x01, 0x01, 
	0x01, 0x01, 0x01, 0x01, 0x01, 0x01, 0x01, 0x01, 0x01, 0x01, 0x01, 0x01, 0x01, 0x01, 0x01, 0x01, 
	0x01, 0x01, 0x01, 0x01, 0x01, 0x01, 0x01, 0x01, 0x01, 0x01, 0x01, 0x01, 0x01, 0x01, 0x01, 0x01, 
	0x01, 0x01, 0x01, 0x01, 0x01, 0x01, 0x01, 0x01, 0x01, 0x01, 0x01, 0x01, 0x01, 0x01, 0x01, 0x01, 
	0x01, 0x01, 0x01, 0x01, 0x01, 0x01, 0x01, 0x01, 0x01, 0x01, 0x01, 0x01, 0x01, 0x01, 0x01, 0x01, 
	0x01, 0x01, 0x01, 0x01, 0x01, 0x01, 0x01, 0x01, 0x01, 0x01, 0x01, 0x01, 0x01, 0x01, 0x01, 0x01, 
	0x01, 0x01, 0x01, 0x01, 0x01, 0x01, 0x01, 0x01, 0x01, 0x01, 0x01, 0x01, 0x01, 0x01, 0x01, 0x01, 
	0x01, 0x01, 0x01, 0x01, 0x01, 0x01, 0x01, 0x01, 0x01, 0x01, 0x01, 0x01, 0x01, 0x01, 0x01, 0x01, 
	0x01, 0x01, 0x01, 0x01, 0x01, 0x01, 0x01, 0x01, 0x01, 0x01, 0x01, 0x01, 0x01, 0x01, 0x01, 0x01, 
	0x01, 0x01, 0x01, 0x01, 0x01, 0x01, 0x01, 0x01, 0x01, 0x01, 0x01, 0x01, 0x01, 0x01, 0x01, 0x01, 
	0x01, 0x01, 0x01, 0x01, 0x01, 0x01, 0x01, 0x01, 0x01, 0x01, 0x01, 0x01, 0x01, 0x01, 0x01, 0x01, 
	0x01, 0x01, 0x01, 0x01, 0x01, 0x01, 0x01, 0x01, 0x01, 0x01, 0x01, 0x01, 0x01, 0x01, 0x01, 0x01, 
	0x01, 0x01, 0x01, 0x01, 0x01, 0x01, 0x01, 0x01, 0x01, 0x01, 0x01, 0x01, 0x01, 0x01, 0x01, 0x01, 
	0x01, 0x01, 0x01, 0x01, 0x01, 0x01, 0x01, 0x01, 0x01, 0x01, 0x01, 0x01, 0x01, 0x01, 0x01, 0x01, 
	0x01, 0x01, 0x01, 0x01, 0x01, 0x01, 0x01, 0x01, 0x01, 0x01, 0x01, 0x01, 0x01, 0x01, 0x01, 0x01, 
	0x01, 0x01, 0x01, 0x01, 0x01, 0x01, 0x01, 0x01, 0x01, 0x01, 0x01, 0x01, 0x01, 0x01, 0x01, 0x01, 
	0x01, 0x01, 0x01, 0x01, 0x01, 0x01, 0x01, 0x01, 0x01, 0x01, 0x01, 0x01, 0x01, 0x01, 0x01, 0x01, 
	0x01, 0x01, 0x01, 0x01, 0x01, 0x01, 0x01, 0x01, 0x01, 0x01, 0x01, 0x01, 0x01, 0x01, 0x01, 0x01, 
	0x01, 0x01, 0x01, 0x01, 0x01, 0x01, 0x01, 0x01, 0x01, 0x01, 0x01, 0x01, 0x01, 0x01, 0x01, 0x01, 
	0x01, 0x01, 0x01, 0x01, 0x01, 0x01, 0x01, 0x01, 0x01, 0x01, 0x01, 0x01, 0x01, 0x01, 0x01, 0x01, 
	0x01, 0x01, 0x01, 0x01, 0x01, 0x01, 0x01, 0x01, 0x01, 0x01, 0x01, 0x01, 0x01, 0x01, 0x01, 0x01, 
	0x01, 0x01, 0x01, 0x01, 0x01, 0x01, 0x01, 0x01, 0x01, 0x01, 0x01, 0x01, 0x01, 0x01, 0x01, 0x01, 
	0x01, 0x01, 0x01, 0x01, 0x01, 0x01, 0x01, 0x01, 0x01, 0x01, 0x01, 0x01, 0x01, 0x01, 0x01, 0x01, 
	0x01, 0x01, 0x01, 0x01, 0x01, 0x01, 0x01, 0x01, 0x01, 0x01, 0x01, 0x01, 0x01, 0x01, 0x01, 0x01, 
	0x01, 0x01, 0x01, 0x01, 0x01, 0x01, 0x01, 0x01, 0x01, 0x01, 0x01, 0x01, 0x01, 0x01, 0x01, 0x01, 
	0x01, 0x01, 0x01, 0x01, 0x01, 0x01, 0x01, 0x01, 0x01, 0x01, 0x01, 0x01, 0x01, 0x01, 0x01, 0x01, 
	0x01, 0x01, 0x01, 0x01, 0x01, 0x01, 0x01, 0x01, 0x01, 0x01, 0x01, 0x01, 0x01, 0x01, 0x01, 0x01, 
	0x01, 0x01, 0x01, 0x01, 0x01, 0x01, 0x01, 0x01, 0x01, 0x01, 0x01, 0x01, 0x01, 0x01, 0x01, 0x01, 
	0x01, 0x01, 0x01, 0x01, 0x01, 0x01, 0x01, 0x01, 0x01, 0x01, 0x01, 0x01, 0x01, 0x01, 0x01, 0x01, 
	0x01, 0x01, 0x01, 0x01, 0x01, 0x01, 0x01, 0x01, 0x01, 0x01, 0x01, 0x01, 0x01, 0x01, 0x01, 0x01, 
	0x01, 0x01, 0x01, 0x01, 0x01, 0x01, 0x01, 0x01, 0x01, 0x01, 0x01, 0x01, 0x01, 0x01, 0x01, 0x01, 
	0x01, 0x01, 0x01, 0x01, 0x01, 0x01, 0x01, 0x01, 0x01, 0x01, 0x01, 0x01, 0x01, 0x01, 0x01, 0x01, 
	0x01, 0x01, 0x01, 0x01, 0x01, 0x01, 0x01, 0x01, 0x01, 0x01, 0x01, 0x01, 0x01, 0x01, 0x01, 0x01, 
	0x01, 0x01, 0x01, 0x01, 0x01, 0x01, 0x01, 0x01, 0x01, 0x01, 0x01, 0x01, 0x01, 0x01, 0x01, 0x01, 
	0x01, 0x01, 0x01, 0x01, 0x01, 0x01, 0x01, 0x01, 0x01, 0x01, 0x01, 0x01, 0x01, 0x01, 0x01, 0x01, 
	0x01, 0x01, 0x01, 0x01, 0x01, 0x01, 0x01, 0x01, 0x01, 0x01, 0x01, 0x01, 0x01, 0x01, 0x01, 0x01, 
	0x01, 0x01, 0x01, 0x01, 0x01, 0x01, 0x01, 0x01, 0x01, 0x01, 0x01, 0x01, 0x01, 0x01, 0x01, 0x01, 
	0x01, 0x01, 0x01, 0x01, 0x01, 0x01, 0x01, 0x01, 0x01, 0x01, 0x01, 0x01, 0x01, 0x01, 0x01, 0x01, 
	0x01, 0x01, 0x01, 0x01, 0x01, 0x01, 0x01, 0x01, 0x01, 0x01, 0x01, 0x01, 0x01, 0x01, 0x01, 0x01, 
	0x01, 0x01, 0x01, 0x01, 0x01, 0x01, 0x01, 0x01, 0x01, 0x01, 0x01, 0x01, 0x01, 0x01, 0x01, 0x01, 
	0x01, 0x01, 0x01, 0x01, 0x01, 0x01, 0x01, 0x01, 0x01, 0x01, 0x01, 0x01, 0x00, 0x00, 0x00, 0x00, 
	0x01, 0x00, 0x00, 0x04, 0x01, 0x00, 0x00, 0x00, 0x62, 0x5f, 0x5b, 0x57, 0x54, 0x51, 0x4e, 0x4c, 
	0x4a, 0x48, 0x47, 0x46, 0x45, 0x45, 0x44, 0x44, 0x45, 0x45, 0x46, 0x47, 0x48, 0x49, 0x4b, 0x4d, 
	0x50, 0x52, 0x55, 0x59, 0x5e, 0x65, 0x70, 0x79, 0x61, 0x5e, 0x5a, 0x56, 0x53, 0x50, 0x4d, 0x4b, 
	0x49, 0x48, 0x47, 0x46, 0x45, 0x44, 0x44, 0x44, 0x44, 0x45, 0x45, 0x46, 0x47, 0x49, 0x4a, 0x4d, 
	0x4f, 0x52, 0x55, 0x58, 0x5d, 0x64, 0x6e, 0x77, 0x60, 0x5d, 0x59, 0x55, 0x52, 0x4f, 0x4d, 0x4a, 
	0x49, 0x47, 0x46, 0x45, 0x44, 0x44, 0x44, 0x44, 0x44, 0x44, 0x45, 0x46, 0x47, 0x48, 0x4a, 0x4c, 
	0x4e, 0x51, 0x54, 0x57, 0x5c, 0x62, 0x6b, 0x73, 0x5f, 0x5c, 0x58, 0x54, 0x51, 0x4e, 0x4c, 0x4a, 
	0x48, 0x47, 0x45, 0x45, 0x44, 0x43, 0x43, 0x43, 0x43, 0x44, 0x44, 0x45, 0x46, 0x47, 0x49, 0x4b, 
	0x4d, 0x50, 0x53, 0x56, 0x5b, 0x61, 0x69, 0x70, 0x5e, 0x5b, 0x57, 0x54, 0x50, 0x4e, 0x4b, 0x49, 
	0x47, 0x46, 0x45, 0x44, 0x43, 0x43, 0x43, 0x42, 0x43, 0x43, 0x44, 0x44, 0x45, 0x47, 0x48, 0x4a, 
	0x4d, 0x4f, 0x52, 0x56, 0x5a, 0x5f, 0x66, 0x6d, 0x5d, 0x5a, 0x56, 0x53, 0x50, 0x4d, 0x4a, 0x48, 
	0x47, 0x45, 0x44, 0x44, 0x43, 0x42, 0x42, 0x42, 0x42, 0x43, 0x43, 0x44, 0x45, 0x46, 0x48, 0x4a, 
	0x4c, 0x4e, 0x51, 0x55, 0x59, 0x5e, 0x64, 0x6b, 0x5c, 0x59, 0x56, 0x52, 0x4f, 0x4c, 0x4a, 0x48, 
	0x46, 0x45, 0x44, 0x43, 0x42, 0x42, 0x42, 0x42, 0x42, 0x42, 0x43, 0x43, 0x44, 0x45, 0x47, 0x49, 
	0x4b, 0x4e, 0x51, 0x54, 0x58, 0x5d, 0x63, 0x68, 0x5b, 0x59, 0x55, 0x51, 0x4e, 0x4c, 0x49, 0x47, 
	0x46, 0x44, 0x43, 0x43, 0x42, 0x42, 0x41, 0x41, 0x41, 0x42, 0x42, 0x43, 0x44, 0x45, 0x46, 0x48, 
	0x4a, 0x4d, 0x50, 0x53, 0x57, 0x5c, 0x61, 0x67, 0x5b, 0x58, 0x54, 0x51, 0x4e, 0x4b, 0x49, 0x47, 
	0x45, 0x44, 0x43, 0x42, 0x42, 0x41, 0x41, 0x41, 0x41, 0x41, 0x42, 0x42, 0x43, 0x44, 0x46, 0x48, 
	0x4a, 0x4c, 0x4f, 0x53, 0x56, 0x5b, 0x60, 0x65, 0x5a, 0x57, 0x54, 0x50, 0x4d, 0x4b, 0x48, 0x46, 
	0x45, 0x44, 0x43, 0x42, 0x41, 0x41, 0x41, 0x40, 0x41, 0x41, 0x41, 0x42, 0x43, 0x44, 0x45, 0x47, 
	0x49, 0x4c, 0x4f, 0x52, 0x56, 0x5a, 0x60, 0x64, 0x5a, 0x57, 0x53, 0x50, 0x4d, 0x4a, 0x48, 0x46, 
	0x44, 0x43, 0x42, 0x42, 0x41, 0x41, 0x40, 0x40, 0x40, 0x41, 0x41, 0x42, 0x43, 0x44, 0x45, 0x47, 
	0x49, 0x4c, 0x4e, 0x52, 0x55, 0x5a, 0x5f, 0x63, 0x59, 0x57, 0x53, 0x50, 0x4d, 0x4a, 0x48, 0x46, 
	0x44, 0x43, 0x42, 0x41, 0x41, 0x40, 0x40, 0x40, 0x40, 0x41, 0x41, 0x42, 0x43, 0x44, 0x45, 0x47, 
	0x49, 0x4b, 0x4e, 0x51, 0x55, 0x59, 0x5f, 0x63, 0x59, 0x57, 0x53, 0x50, 0x4d, 0x4a, 0x48, 0x46, 
	0x44, 0x43, 0x42, 0x41, 0x41, 0x40, 0x40, 0x40, 0x40, 0x41, 0x41, 0x42, 0x43, 0x44, 0x45, 0x47, 
	0x49, 0x4b, 0x4e, 0x51, 0x55, 0x59, 0x5e, 0x62, 0x59, 0x57, 0x53, 0x50, 0x4d, 0x4a, 0x48, 0x46, 
	0x44, 0x43, 0x42, 0x41, 0x41, 0x40, 0x40, 0x40, 0x40, 0x41, 0x41, 0x42, 0x43, 0x44, 0x45, 0x47, 
	0x49, 0x4b, 0x4e, 0x51, 0x55, 0x59, 0x5e, 0x62, 0x59, 0x57, 0x53, 0x50, 0x4d, 0x4a, 0x48, 0x46, 
	0x44, 0x43, 0x42, 0x42, 0x41, 0x41, 0x40, 0x40, 0x40, 0x41, 0x41, 0x42, 0x43, 0x44, 0x45, 0x47, 
	0x49, 0x4b, 0x4e, 0x51, 0x55, 0x59, 0x5e, 0x62, 0x59, 0x57, 0x53, 0x50, 0x4d, 0x4a, 0x48, 0x46, 
	0x45, 0x43, 0x42, 0x42, 0x41, 0x41, 0x40, 0x40, 0x40, 0x41, 0x41, 0x42, 0x43, 0x44, 0x45, 0x47, 
	0x49, 0x4c, 0x4e, 0x52, 0x55, 0x5a, 0x5f, 0x63, 0x5a, 0x57, 0x54, 0x50, 0x4d, 0x4a, 0x48, 0x46, 
	0x45, 0x43, 0x43, 0x42, 0x41, 0x41, 0x40, 0x40, 0x40, 0x41, 0x41, 0x42, 0x43, 0x44, 0x45, 0x47, 
	0x49, 0x4c, 0x4f, 0x52, 0x56, 0x5a, 0x5f, 0x63, 0x5a, 0x57, 0x54, 0x50, 0x4d, 0x4b, 0x48, 0x46, 
	0x45, 0x44, 0x43, 0x42, 0x41, 0x41, 0x41, 0x41, 0x41, 0x41, 0x41, 0x42, 0x43, 0x44, 0x46, 0x47, 
	0x4a, 0x4c, 0x4f, 0x52, 0x56, 0x5a, 0x5f, 0x64, 0x5a, 0x58, 0x54, 0x51, 0x4e, 0x4b, 0x49, 0x47, 
	0x45, 0x44, 0x43, 0x42, 0x41, 0x41, 0x41, 0x41, 0x41, 0x41, 0x42, 0x42, 0x43, 0x44, 0x46, 0x48, 
	0x4a, 0x4c, 0x4f, 0x53, 0x56, 0x5b, 0x60, 0x64, 0x5b, 0x58, 0x54, 0x51, 0x4e, 0x4b, 0x49, 0x47, 
	0x45, 0x44, 0x43, 0x42, 0x42, 0x41, 0x41, 0x41, 0x41, 0x41, 0x42, 0x42, 0x43, 0x45, 0x46, 0x48, 
	0x4a, 0x4d, 0x50, 0x53, 0x57, 0x5b, 0x60, 0x65, 0x5c, 0x59, 0x55, 0x51, 0x4e, 0x4c, 0x49, 0x47, 
	0x46, 0x44, 0x43, 0x43, 0x42, 0x42, 0x41, 0x41, 0x41, 0x41, 0x42, 0x43, 0x44, 0x45, 0x46, 0x48, 
	0x4b, 0x4d, 0x50, 0x53, 0x57, 0x5c, 0x61, 0x66, 0x5d, 0x5a, 0x56, 0x52, 0x4f, 0x4c, 0x4a, 0x48, 
	0x46, 0x45, 0x44, 0x43, 0x42, 0x42, 0x42, 0x42, 0x42, 0x42, 0x42, 0x43, 0x44, 0x45, 0x47, 0x49, 
	0x4b, 0x4e, 0x51, 0x54, 0x58, 0x5c, 0x62, 0x67, 0x5d, 0x5a, 0x56, 0x53, 0x50, 0x4d, 0x4b, 0x48, 
	0x47, 0x45, 0x44, 0x43, 0x43, 0x42, 0x42, 0x42, 0x42, 0x42, 0x43, 0x44, 0x45, 0x46, 0x48, 0x4a, 
	0x4c, 0x4e, 0x52, 0x55, 0x59, 0x5d, 0x63, 0x68, 0x5e, 0x5b, 0x57, 0x54, 0x51, 0x4e, 0x4b, 0x49, 
	0x47, 0x46, 0x45, 0x44, 0x43, 0x43, 0x43, 0x43, 0x43, 0x43, 0x44, 0x44, 0x45, 0x47, 0x48, 0x4a, 
	0x4d, 0x4f, 0x52, 0x56, 0x5a, 0x5f, 0x65, 0x6a, 0x5f, 0x5c, 0x58, 0x55, 0x52, 0x4f, 0x4c, 0x4a, 
	0x48, 0x47, 0x46, 0x45, 0x44, 0x44, 0x43, 0x43, 0x43, 0x44, 0x44, 0x45, 0x46, 0x48, 0x49, 0x4b, 
	0x4e, 0x50, 0x54, 0x57, 0x5b, 0x60, 0x67, 0x6d, 0x61, 0x5e, 0x5a, 0x56, 0x53, 0x50, 0x4d, 0x4b, 
	0x49, 0x48, 0x47, 0x46, 0x45, 0x45, 0x44, 0x44, 0x44, 0x45, 0x45, 0x46, 0x47, 0x49, 0x4a, 0x4c, 
	0x4f, 0x52, 0x55, 0x58, 0x5c, 0x62, 0x69, 0x70, 0x63, 0x5f, 0x5b, 0x57, 0x54, 0x51, 0x4e, 0x4c, 
	0x4a, 0x49, 0x47, 0x47, 0x46, 0x45, 0x45, 0x45, 0x45, 0x45, 0x46, 0x47, 0x48, 0x4a, 0x4b, 0x4d, 
	0x50, 0x53, 0x56, 0x5a, 0x5e, 0x64, 0x6c, 0x73, 0x65, 0x61, 0x5c, 0x58, 0x55, 0x52, 0x50, 0x4d, 
	0x4b, 0x4a, 0x48, 0x47, 0x47, 0x46, 0x46, 0x46, 0x46, 0x46, 0x47, 0x48, 0x49, 0x4b, 0x4d, 0x4f, 
	0x51, 0x54, 0x57, 0x5b, 0x60, 0x66, 0x6f, 0x78, 0x68, 0x63, 0x5e, 0x5a, 0x56, 0x53, 0x51, 0x4e, 
	0x4c, 0x4b, 0x49, 0x48, 0x48, 0x47, 0x47, 0x47, 0x47, 0x47, 0x48, 0x49, 0x4a, 0x4c, 0x4e, 0x50, 
	0x52, 0x55, 0x59, 0x5c, 0x61, 0x69, 0x73, 0x7d, 0x6b, 0x66, 0x60, 0x5b, 0x58, 0x55, 0x52, 0x50, 
	0x4e, 0x4c, 0x4b, 0x4a, 0x49, 0x48, 0x48, 0x48, 0x48, 0x49, 0x49, 0x4a, 0x4c, 0x4d, 0x4f, 0x51, 
	0x54, 0x57, 0x5a, 0x5e, 0x64, 0x6c, 0x78, 0x84, 0x6f, 0x69, 0x62, 0x5d, 0x59, 0x56, 0x54, 0x51, 
	0x4f, 0x4d, 0x4c, 0x4b, 0x4a, 0x4a, 0x49, 0x49, 0x49, 0x4a, 0x4b, 0x4c, 0x4d, 0x4f, 0x51, 0x53, 
	0x55, 0x58, 0x5c, 0x60, 0x66, 0x70, 0x7e, 0x8c, 0x72, 0x6b, 0x64, 0x5e, 0x5a, 0x57, 0x55, 0x52, 
	0x50, 0x4e, 0x4d, 0x4c, 0x4b, 0x4a, 0x4a, 0x4a, 0x4a, 0x4b, 0x4b, 0x4d, 0x4e, 0x50, 0x52, 0x54, 
	0x56, 0x59, 0x5d, 0x62, 0x68, 0x73, 0x83, 0x93, 0x00, 0x00, 0x00, 0x00, 0x01, 0x00, 0x00, 0x04, 
	0x01, 0x00, 0x00, 0x00, 0x62, 0x5f, 0x5b, 0x57, 0x54, 0x51, 0x4e, 0x4c, 0x4a, 0x48, 0x47, 0x46, 
	0x45, 0x45, 0x44, 0x44, 0x45, 0x45, 0x46, 0x47, 0x48, 0x49, 0x4b, 0x4d, 0x50, 0x52, 0x55, 0x59, 
	0x5e, 0x65, 0x70, 0x79, 0x61, 0x5e, 0x5a, 0x56, 0x53, 0x50, 0x4d, 0x4b, 0x49, 0x48, 0x47, 0x46, 
	0x45, 0x44, 0x44, 0x44, 0x44, 0x45, 0x45, 0x46, 0x47, 0x49, 0x4a, 0x4d, 0x4f, 0x52, 0x55, 0x58, 
	0x5d, 0x64, 0x6e, 0x77, 0x60, 0x5d, 0x59, 0x55, 0x52, 0x4f, 0x4d, 0x4a, 0x49, 0x47, 0x46, 0x45, 
	0x44, 0x44, 0x44, 0x44, 0x44, 0x44, 0x45, 0x46, 0x47, 0x48, 0x4a, 0x4c, 0x4e, 0x51, 0x54, 0x57, 
	0x5c, 0x62, 0x6b, 0x73, 0x5f, 0x5c, 0x58, 0x54, 0x51, 0x4e, 0x4c, 0x4a, 0x48, 0x47, 0x45, 0x45, 
	0x44, 0x43, 0x43, 0x43, 0x43, 0x44, 0x44, 0x45, 0x46, 0x47, 0x49, 0x4b, 0x4d, 0x50, 0x53, 0x56, 
	0x5b, 0x61, 0x69, 0x70, 0x5e, 0x5b, 0x57, 0x54, 0x50, 0x4e, 0x4b, 0x49, 0x47, 0x46, 0x45, 0x44, 
	0x43, 0x43, 0x43, 0x42, 0x43, 0x43, 0x44, 0x44, 0x45, 0x47, 0x48, 0x4a, 0x4d, 0x4f, 0x52, 0x56, 
	0x5a, 0x5f, 0x66, 0x6d, 0x5d, 0x5a, 0x56, 0x53, 0x50, 0x4d, 0x4a, 0x48, 0x47, 0x45, 0x44, 0x44, 
	0x43, 0x42, 0x42, 0x42, 0x42, 0x43, 0x43, 0x44, 0x45, 0x46, 0x48, 0x4a, 0x4c, 0x4e, 0x51, 0x55, 
	0x59, 0x5e, 0x64, 0x6b, 0x5c, 0x59, 0x56, 0x52, 0x4f, 0x4c, 0x4a, 0x48, 0x46, 0x45, 0x44, 0x43, 
	0x42, 0x42, 0x42, 0x42, 0x42, 0x42, 0x43, 0x43, 0x44, 0x45, 0x47, 0x49, 0x4b, 0x4e, 0x51, 0x54, 
	0x58, 0x5d, 0x63, 0x68, 0x5b, 0x59, 0x55, 0x51, 0x4e, 0x4c, 0x49, 0x47, 0x46, 0x44, 0x43, 0x43, 
	0x42, 0x42, 0x41, 0x41, 0x41, 0x42, 0x42, 0x43, 0x44, 0x45, 0x46, 0x48, 0x4a, 0x4d, 0x50, 0x53, 
	0x57, 0x5c, 0x61, 0x67, 0x5b, 0x58, 0x54, 0x51, 0x4e, 0x4b, 0x49, 0x47, 0x45, 0x44, 0x43, 0x42, 
	0x42, 0x41, 0x41, 0x41, 0x41, 0x41, 0x42, 0x42, 0x43, 0x44, 0x46, 0x48, 0x4a, 0x4c, 0x4f, 0x53, 
	0x56, 0x5b, 0x60, 0x65, 0x5a, 0x57, 0x54, 0x50, 0x4d, 0x4b, 0x48, 0x46, 0x45, 0x44, 0x43, 0x42, 
	0x41, 0x41, 0x41, 0x40, 0x41, 0x41, 0x41, 0x42, 0x43, 0x44, 0x45, 0x47, 0x49, 0x4c, 0x4f, 0x52, 
	0x56, 0x5a, 0x60, 0x64, 0x5a, 0x57, 0x53, 0x50, 0x4d, 0x4a, 0x48, 0x46, 0x44, 0x43, 0x42, 0x42, 
	0x41, 0x41, 0x40, 0x40, 0x40, 0x41, 0x41, 0x42, 0x43, 0x44, 0x45, 0x47, 0x49, 0x4c, 0x4e, 0x52, 
	0x55, 0x5a, 0x5f, 0x63, 0x59, 0x57, 0x53, 0x50, 0x4d, 0x4a, 0x48, 0x46, 0x44, 0x43, 0x42, 0x41, 
	0x41, 0x40, 0x40, 0x40, 0x40, 0x41, 0x41, 0x42, 0x43, 0x44, 0x45, 0x47, 0x49, 0x4b, 0x4e, 0x51, 
	0x55, 0x59, 0x5f, 0x63, 0x59, 0x57, 0x53, 0x50, 0x4d, 0x4a, 0x48, 0x46, 0x44, 0x43, 0x42, 0x41, 
	0x41, 0x40, 0x40, 0x40, 0x40, 0x41, 0x41, 0x42, 0x43, 0x44, 0x45, 0x47, 0x49, 0x4b, 0x4e, 0x51, 
	0x55, 0x59, 0x5e, 0x62, 0x59, 0x57, 0x53, 0x50, 0x4d, 0x4a, 0x48, 0x46, 0x44, 0x43, 0x42, 0x41, 
	0x41, 0x40, 0x40, 0x40, 0x40, 0x41, 0x41, 0x42, 0x43, 0x44, 0x45, 0x47, 0x49, 0x4b, 0x4e, 0x51, 
	0x55, 0x59, 0x5e, 0x62, 0x59, 0x57, 0x53, 0x50, 0x4d, 0x4a, 0x48, 0x46, 0x44, 0x43, 0x42, 0x42, 
	0x41, 0x41, 0x40, 0x40, 0x40, 0x41, 0x41, 0x42, 0x43, 0x44, 0x45, 0x47, 0x49, 0x4b, 0x4e, 0x51, 
	0x55, 0x59, 0x5e, 0x62, 0x59, 0x57, 0x53, 0x50, 0x4d, 0x4a, 0x48, 0x46, 0x45, 0x43, 0x42, 0x42, 
	0x41, 0x41, 0x40, 0x40, 0x40, 0x41, 0x41, 0x42, 0x43, 0x44, 0x45, 0x47, 0x49, 0x4c, 0x4e, 0x52, 
	0x55, 0x5a, 0x5f, 0x63, 0x5a, 0x57, 0x54, 0x50, 0x4d, 0x4a, 0x48, 0x46, 0x45, 0x43, 0x43, 0x42, 
	0x41, 0x41, 0x40, 0x40, 0x40, 0x41, 0x41, 0x42, 0x43, 0x44, 0x45, 0x47, 0x49, 0x4c, 0x4f, 0x52, 
	0x56, 0x5a, 0x5f, 0x63, 0x5a, 0x57, 0x54, 0x50, 0x4d, 0x4b, 0x48, 0x46, 0x45, 0x44, 0x43, 0x42, 
	0x41, 0x41, 0x41, 0x41, 0x41, 0x41, 0x41, 0x42, 0x43, 0x44, 0x46, 0x47, 0x4a, 0x4c, 0x4f, 0x52, 
	0x56, 0x5a, 0x5f, 0x64, 0x5a, 0x58, 0x54, 0x51, 0x4e, 0x4b, 0x49, 0x47, 0x45, 0x44, 0x43, 0x42, 
	0x41, 0x41, 0x41, 0x41, 0x41, 0x41, 0x42, 0x42, 0x43, 0x44, 0x46, 0x48, 0x4a, 0x4c, 0x4f, 0x53, 
	0x56, 0x5b, 0x60, 0x64, 0x5b, 0x58, 0x54, 0x51, 0x4e, 0x4b, 0x49, 0x47, 0x45, 0x44, 0x43, 0x42, 
	0x42, 0x41, 0x41, 0x41, 0x41, 0x41, 0x42, 0x42, 0x43, 0x45, 0x46, 0x48, 0x4a, 0x4d, 0x50, 0x53, 
	0x57, 0x5b, 0x60, 0x65, 0x5c, 0x59, 0x55, 0x51, 0x4e, 0x4c, 0x49, 0x47, 0x46, 0x44, 0x43, 0x43, 
	0x42, 0x42, 0x41, 0x41, 0x41, 0x41, 0x42, 0x43, 0x44, 0x45, 0x46, 0x48, 0x4b, 0x4d, 0x50, 0x53, 
	0x57, 0x5c, 0x61, 0x66, 0x5d, 0x5a, 0x56, 0x52, 0x4f, 0x4c, 0x4a, 0x48, 0x46, 0x45, 0x44, 0x43, 
	0x42, 0x42, 0x42, 0x42, 0x42, 0x42, 0x42, 0x43, 0x44, 0x45, 0x47, 0x49, 0x4b, 0x4e, 0x51, 0x54, 
	0x58, 0x5c, 0x62, 0x67, 0x5d, 0x5a, 0x56, 0x53, 0x50, 0x4d, 0x4b, 0x48, 0x47, 0x45, 0x44, 0x43, 
	0x43, 0x42, 0x42, 0x42, 0x42, 0x42, 0x43, 0x44, 0x45, 0x46, 0x48, 0x4a, 0x4c, 0x4e, 0x52, 0x55, 
	0x59, 0x5d, 0x63, 0x68, 0x5e, 0x5b, 0x57, 0x54, 0x51, 0x4e, 0x4b, 0x49, 0x47, 0x46, 0x45, 0x44, 
	0x43, 0x43, 0x43, 0x43, 0x43, 0x43, 0x44, 0x44, 0x45, 0x47, 0x48, 0x4a, 0x4d, 0x4f, 0x52, 0x56, 
	0x5a, 0x5f, 0x65, 0x6a, 0x5f, 0x5c, 0x58, 0x55, 0x52, 0x4f, 0x4c, 0x4a, 0x48, 0x47, 0x46, 0x45, 
	0x44, 0x44, 0x43, 0x43, 0x43, 0x44, 0x44, 0x45, 0x46, 0x48, 0x49, 0x4b, 0x4e, 0x50, 0x54, 0x57, 
	0x5b, 0x60, 0x67, 0x6d, 0x61, 0x5e, 0x5a, 0x56, 0x53, 0x50, 0x4d, 0x4b, 0x49, 0x48, 0x47, 0x46, 
	0x45, 0x45, 0x44, 0x44, 0x44, 0x45, 0x45, 0x46, 0x47, 0x49, 0x4a, 0x4c, 0x4f, 0x52, 0x55, 0x58, 
	0x5c, 0x62, 0x69, 0x70, 0x63, 0x5f, 0x5b, 0x57, 0x54, 0x51, 0x4e, 0x4c, 0x4a, 0x49, 0x47, 0x47, 
	0x46, 0x45, 0x45, 0x45, 0x45, 0x45, 0x46, 0x47, 0x48, 0x4a, 0x4b, 0x4d, 0x50, 0x53, 0x56, 0x5a, 
	0x5e, 0x64, 0x6c, 0x73, 0x65, 0x61, 0x5c, 0x58, 0x55, 0x52, 0x50, 0x4d, 0x4b, 0x4a, 0x48, 0x47, 
	0x47, 0x46, 0x46, 0x46, 0x46, 0x46, 0x47, 0x48, 0x49, 0x4b, 0x4d, 0x4f, 0x51, 0x54, 0x57, 0x5b, 
	0x60, 0x66, 0x6f, 0x78, 0x68, 0x63, 0x5e, 0x5a, 0x56, 0x53, 0x51, 0x4e, 0x4c, 0x4b, 0x49, 0x48, 
	0x48, 0x47, 0x47, 0x47, 0x47, 0x47, 0x48, 0x49, 0x4a, 0x4c, 0x4e, 0x50, 0x52, 0x55, 0x59, 0x5c, 
	0x61, 0x69, 0x73, 0x7d, 0x6b, 0x66, 0x60, 0x5b, 0x58, 0x55, 0x52, 0x50, 0x4e, 0x4c, 0x4b, 0x4a, 
	0x49, 0x48, 0x48, 0x48, 0x48, 0x49, 0x49, 0x4a, 0x4c, 0x4d, 0x4f, 0x51, 0x54, 0x57, 0x5a, 0x5e, 
	0x64, 0x6c, 0x78, 0x84, 0x6f, 0x69, 0x62, 0x5d, 0x59, 0x56, 0x54, 0x51, 0x4f, 0x4d, 0x4c, 0x4b, 
	0x4a, 0x4a, 0x49, 0x49, 0x49, 0x4a, 0x4b, 0x4c, 0x4d, 0x4f, 0x51, 0x53, 0x55, 0x58, 0x5c, 0x60, 
	0x66, 0x70, 0x7e, 0x8c, 0x72, 0x6b, 0x64, 0x5e, 0x5a, 0x57, 0x55, 0x52, 0x50, 0x4e, 0x4d, 0x4c, 
	0x4b, 0x4a, 0x4a, 0x4a, 0x4a, 0x4b, 0x4b, 0x4d, 0x4e, 0x50, 0x52, 0x54, 0x56, 0x59, 0x5d, 0x62, 
	0x68, 0x73, 0x83, 0x93, 0x00, 0x00, 0x00, 0x00, 0x01, 0x00, 0x00, 0x04, 0x01, 0x00, 0x00, 0x00, 
	0x01, 0x01, 0x01, 0x01, 0x01, 0x01, 0x01, 0x01, 0x01, 0x01, 0x01, 0x01, 0x01, 0x01, 0x01, 0x01, 
	0x01, 0x01, 0x01, 0x01, 0x01, 0x01, 0x01, 0x01, 0x01, 0x01, 0x01, 0x01, 0x01, 0x01, 0x01, 0x01, 
	0x01, 0x01, 0x01, 0x01, 0x01, 0x01, 0x01, 0x01, 0x01, 0x01, 0x01, 0x01, 0x01, 0x01, 0x01, 0x01, 
	0x01, 0x01, 0x01, 0x01, 0x01, 0x01, 0x01, 0x01, 0x01, 0x01, 0x01, 0x01, 0x01, 0x01, 0x01, 0x01, 
	0x01, 0x01, 0x01, 0x01, 0x01, 0x01, 0x01, 0x01, 0x01, 0x01, 0x01, 0x01, 0x01, 0x01, 0x01, 0x01, 
	0x01, 0x01, 0x01, 0x01, 0x01, 0x01, 0x01, 0x01, 0x01, 0x01, 0x01, 0x01, 0x01, 0x01, 0x01, 0x01, 
	0x01, 0x01, 0x01, 0x01, 0x01, 0x01, 0x01, 0x01, 0x01, 0x01, 0x01, 0x01, 0x01, 0x01, 0x01, 0x01, 
	0x01, 0x01, 0x01, 0x01, 0x01, 0x01, 0x01, 0x01, 0x01, 0x01, 0x01, 0x01, 0x01, 0x01, 0x01, 0x01, 
	0x01, 0x01, 0x01, 0x01, 0x01, 0x01, 0x01, 0x01, 0x01, 0x01, 0x01, 0x01, 0x01, 0x01, 0x01, 0x01, 
	0x01, 0x01, 0x01, 0x01, 0x01, 0x01, 0x01, 0x01, 0x01, 0x01, 0x01, 0x01, 0x01, 0x01, 0x01, 0x01, 
	0x01, 0x01, 0x01, 0x01, 0x01, 0x01, 0x01, 0x01, 0x01, 0x01, 0x01, 0x01, 0x01, 0x01, 0x01, 0x01, 
	0x01, 0x01, 0x01, 0x01, 0x01, 0x01, 0x01, 0x01, 0x01, 0x01, 0x01, 0x01, 0x01, 0x01, 0x01, 0x01, 
	0x01, 0x01, 0x01, 0x01, 0x01, 0x01, 0x01, 0x01, 0x01, 0x01, 0x01, 0x01, 0x01, 0x01, 0x01, 0x01, 
	0x01, 0x01, 0x01, 0x01, 0x01, 0x01, 0x01, 0x01, 0x01, 0x01, 0x01, 0x01, 0x01, 0x01, 0x01, 0x01, 
	0x01, 0x01, 0x01, 0x01, 0x01, 0x01, 0x01, 0x01, 0x01, 0x01, 0x01, 0x01, 0x01, 0x01, 0x01, 0x01, 
	0x01, 0x01, 0x01, 0x01, 0x01, 0x01, 0x01, 0x01, 0x01, 0x01, 0x01, 0x01, 0x01, 0x01, 0x01, 0x01, 
	0x01, 0x01, 0x01, 0x01, 0x01, 0x01, 0x01, 0x01, 0x01, 0x01, 0x01, 0x01, 0x01, 0x01, 0x01, 0x01, 
	0x01, 0x01, 0x01, 0x01, 0x01, 0x01, 0x01, 0x01, 0x01, 0x01, 0x01, 0x01, 0x01, 0x01, 0x01, 0x01, 
	0x01, 0x01, 0x01, 0x01, 0x01, 0x01, 0x01, 0x01, 0x01, 0x01, 0x01, 0x01, 0x01, 0x01, 0x01, 0x01, 
	0x01, 0x01, 0x01, 0x01, 0x01, 0x01, 0x01, 0x01, 0x01, 0x01, 0x01, 0x01, 0x01, 0x01, 0x01, 0x01, 
	0x01, 0x01, 0x01, 0x01, 0x01, 0x01, 0x01, 0x01, 0x01, 0x01, 0x01, 0x01, 0x01, 0x01, 0x01, 0x01, 
	0x01, 0x01, 0x01, 0x01, 0x01, 0x01, 0x01, 0x01, 0x01, 0x01, 0x01, 0x01, 0x01, 0x01, 0x01, 0x01, 
	0x01, 0x01, 0x01, 0x01, 0x01, 0x01, 0x01, 0x01, 0x01, 0x01, 0x01, 0x01, 0x01, 0x01, 0x01, 0x01, 
	0x01, 0x01, 0x01, 0x01, 0x01, 0x01, 0x01, 0x01, 0x01, 0x01, 0x01, 0x01, 0x01, 0x01, 0x01, 0x01, 
	0x01, 0x01, 0x01, 0x01, 0x01, 0x01, 0x01, 0x01, 0x01, 0x01, 0x01, 0x01, 0x01, 0x01, 0x01, 0x01, 
	0x01, 0x01, 0x01, 0x01, 0x01, 0x01, 0x01, 0x01, 0x01, 0x01, 0x01, 0x01, 0x01, 0x01, 0x01, 0x01, 
	0x01, 0x01, 0x01, 0x01, 0x01, 0x01, 0x01, 0x01, 0x01, 0x01, 0x01, 0x01, 0x01, 0x01, 0x01, 0x01, 
	0x01, 0x01, 0x01, 0x01, 0x01, 0x01, 0x01, 0x01, 0x01, 0x01, 0x01, 0x01, 0x01, 0x01, 0x01, 0x01, 
	0x01, 0x01, 0x01, 0x01, 0x01, 0x01, 0x01, 0x01, 0x01, 0x01, 0x01, 0x01, 0x01, 0x01, 0x01, 0x01, 
	0x01, 0x01, 0x01, 0x01, 0x01, 0x01, 0x01, 0x01, 0x01, 0x01, 0x01, 0x01, 0x01, 0x01, 0x01, 0x01, 
	0x01, 0x01, 0x01, 0x01, 0x01, 0x01, 0x01, 0x01, 0x01, 0x01, 0x01, 0x01, 0x01, 0x01, 0x01, 0x01, 
	0x01, 0x01, 0x01, 0x01, 0x01, 0x01, 0x01, 0x01, 0x01, 0x01, 0x01, 0x01, 0x01, 0x01, 0x01, 0x01, 
	0x01, 0x01, 0x01, 0x01, 0x01, 0x01, 0x01, 0x01, 0x01, 0x01, 0x01, 0x01, 0x01, 0x01, 0x01, 0x01, 
	0x01, 0x01, 0x01, 0x01, 0x01, 0x01, 0x01, 0x01, 0x01, 0x01, 0x01, 0x01, 0x01, 0x01, 0x01, 0x01, 
	0x01, 0x01, 0x01, 0x01, 0x01, 0x01, 0x01, 0x01, 0x01, 0x01, 0x01, 0x01, 0x01, 0x01, 0x01, 0x01, 
	0x01, 0x01, 0x01, 0x01, 0x01, 0x01, 0x01, 0x01, 0x01, 0x01, 0x01, 0x01, 0x01, 0x01, 0x01, 0x01, 
	0x01, 0x01, 0x01, 0x01, 0x01, 0x01, 0x01, 0x01, 0x01, 0x01, 0x01, 0x01, 0x01, 0x01, 0x01, 0x01, 
	0x01, 0x01, 0x01, 0x01, 0x01, 0x01, 0x01, 0x01, 0x01, 0x01, 0x01, 0x01, 0x01, 0x01, 0x01, 0x01, 
	0x01, 0x01, 0x01, 0x01, 0x01, 0x01, 0x01, 0x01, 0x01, 0x01, 0x01, 0x01, 0x01, 0x01, 0x01, 0x01, 
	0x01, 0x01, 0x01, 0x01, 0x01, 0x01, 0x01, 0x01, 0x01, 0x01, 0x01, 0x01, 0x01, 0x01, 0x01, 0x01, 
	0x01, 0x01, 0x01, 0x01, 0x01, 0x01, 0x01, 0x01, 0x01, 0x01, 0x01, 0x01, 0x01, 0x01, 0x01, 0x01, 
	0x01, 0x01, 0x01, 0x01, 0x01, 0x01, 0x01, 0x01, 0x01, 0x01, 0x01, 0x01, 0x01, 0x01, 0x01, 0x01, 
	0x01, 0x01, 0x01, 0x01, 0x01, 0x01, 0x01, 0x01, 0x01, 0x01, 0x01, 0x01, 0x01, 0x01, 0x01, 0x01, 
	0x01, 0x01, 0x01, 0x01, 0x01, 0x01, 0x01, 0x01, 0x01, 0x01, 0x01, 0x01, 0x01, 0x01, 0x01, 0x01, 
	0x01, 0x01, 0x01, 0x01, 0x01, 0x01, 0x01, 0x01, 0x01, 0x01, 0x01, 0x01, 0x01, 0x01, 0x01, 0x01, 
	0x01, 0x01, 0x01, 0x01, 0x01, 0x01, 0x01, 0x01, 0x01, 0x01, 0x01, 0x01, 0x01, 0x01, 0x01, 0x01, 
	0x01, 0x01, 0x01, 0x01, 0x01, 0x01, 0x01, 0x01, 0x01, 0x01, 0x01, 0x01, 0x01, 0x01, 0x01, 0x01, 
	0x01, 0x01, 0x01, 0x01, 0x01, 0x01, 0x01, 0x01, 0x01, 0x01, 0x01, 0x01, 0x01, 0x01, 0x01, 0x01, 
	0x01, 0x01, 0x01, 0x01, 0x01, 0x01, 0x01, 0x01, 0x01, 0x01, 0x01, 0x01, 0x01, 0x01, 0x01, 0x01, 
	0x01, 0x01, 0x01, 0x01, 0x01, 0x01, 0x01, 0x01, 0x01, 0x01, 0x01, 0x01, 0x01, 0x01, 0x01, 0x01, 
	0x01, 0x01, 0x01, 0x01, 0x01, 0x01, 0x01, 0x01, 0x01, 0x01, 0x01, 0x01, 0x01, 0x01, 0x01, 0x01, 
	0x01, 0x01, 0x01, 0x01, 0x01, 0x01, 0x01, 0x01, 0x01, 0x01, 0x01, 0x01, 0x01, 0x01, 0x01, 0x01, 
	0x01, 0x01, 0x01, 0x01, 0x01, 0x01, 0x01, 0x01, 0x01, 0x01, 0x01, 0x01, 0x01, 0x01, 0x01, 0x01, 
	0x01, 0x01, 0x01, 0x01, 0x01, 0x01, 0x01, 0x01, 0x01, 0x01, 0x01, 0x01, 0x01, 0x01, 0x01, 0x01, 
	0x01, 0x01, 0x01, 0x01, 0x01, 0x01, 0x01, 0x01, 0x01, 0x01, 0x01, 0x01, 0x01, 0x01, 0x01, 0x01, 
	0x01, 0x01, 0x01, 0x01, 0x01, 0x01, 0x01, 0x01, 0x01, 0x01, 0x01, 0x01, 0x01, 0x01, 0x01, 0x01, 
	0x01, 0x01, 0x01, 0x01, 0x01, 0x01, 0x01, 0x01, 0x01, 0x01, 0x01, 0x01, 0x01, 0x01, 0x01, 0x01, 
	0x01, 0x01, 0x01, 0x01, 0x01, 0x01, 0x01, 0x01, 0x01, 0x01, 0x01, 0x01, 0x01, 0x01, 0x01, 0x01, 
	0x01, 0x01, 0x01, 0x01, 0x01, 0x01, 0x01, 0x01, 0x01, 0x01, 0x01, 0x01, 0x01, 0x01, 0x01, 0x01, 
	0x01, 0x01, 0x01, 0x01, 0x01, 0x01, 0x01, 0x01, 0x01, 0x01, 0x01, 0x01, 0x01, 0x01, 0x01, 0x01, 
	0x01, 0x01, 0x01, 0x01, 0x01, 0x01, 0x01, 0x01, 0x01, 0x01, 0x01, 0x01, 0x01, 0x01, 0x01, 0x01, 
	0x01, 0x01, 0x01, 0x01, 0x01, 0x01, 0x01, 0x01, 0x01, 0x01, 0x01, 0x01, 0x01, 0x01, 0x01, 0x01, 
	0x01, 0x01, 0x01, 0x01, 0x01, 0x01, 0x01, 0x01, 0x01, 0x01, 0x01, 0x01, 0x01, 0x01, 0x01, 0x01, 
	0x01, 0x01, 0x01, 0x01, 0x01, 0x01, 0x01, 0x01, 0x01, 0x01, 0x01, 0x01, 0x01, 0x01, 0x01, 0x01, 
	0x00, 0x00, 0x00, 0x00, 0x01, 0x00, 0x00, 0x04, 0x01, 0x00, 0x00, 0x00, 0x01, 0x01, 0x01, 0x01, 
	0x01, 0x01, 0x01, 0x01, 0x01, 0x01, 0x01, 0x01, 0x01, 0x01, 0x01, 0x01, 0x01, 0x01, 0x01, 0x01, 
	0x01, 0x01, 0x01, 0x01, 0x01, 0x01, 0x01, 0x01, 0x01, 0x01, 0x01, 0x01, 0x01, 0x01, 0x01, 0x01, 
	0x01, 0x01, 0x01, 0x01, 0x01, 0x01, 0x01, 0x01, 0x01, 0x01, 0x01, 0x01, 0x01, 0x01, 0x01, 0x01, 
	0x01, 0x01, 0x01, 0x01, 0x01, 0x01, 0x01, 0x01, 0x01, 0x01, 0x01, 0x01, 0x01, 0x01, 0x01, 0x01, 
	0x01, 0x01, 0x01, 0x01, 0x01, 0x01, 0x01, 0x01, 0x01, 0x01, 0x01, 0x01, 0x01, 0x01, 0x01, 0x01, 
	0x01, 0x01, 0x01, 0x01, 0x01, 0x01, 0x01, 0x01, 0x01, 0x01, 0x01, 0x01, 0x01, 0x01, 0x01, 0x01, 
	0x01, 0x01, 0x01, 0x01, 0x01, 0x01, 0x01, 0x01, 0x01, 0x01, 0x01, 0x01, 0x01, 0x01, 0x01, 0x01, 
	0x01, 0x01, 0x01, 0x01, 0x01, 0x01, 0x01, 0x01, 0x01, 0x01, 0x01, 0x01, 0x01, 0x01, 0x01, 0x01, 
	0x01, 0x01, 0x01, 0x01, 0x01, 0x01, 0x01, 0x01, 0x01, 0x01, 0x01, 0x01, 0x01, 0x01, 0x01, 0x01, 
	0x01, 0x01, 0x01, 0x01, 0x01, 0x01, 0x01, 0x01, 0x01, 0x01, 0x01, 0x01, 0x01, 0x01, 0x01, 0x01, 
	0x01, 0x01, 0x01, 0x01, 0x01, 0x01, 0x01, 0x01, 0x01, 0x01, 0x01, 0x01, 0x01, 0x01, 0x01, 0x01, 
	0x01, 0x01, 0x01, 0x01, 0x01, 0x01, 0x01, 0x01, 0x01, 0x01, 0x01, 0x01, 0x01, 0x01, 0x01, 0x01, 
	0x01, 0x01, 0x01, 0x01, 0x01, 0x01, 0x01, 0x01, 0x01, 0x01, 0x01, 0x01, 0x01, 0x01, 0x01, 0x01, 
	0x01, 0x01, 0x01, 0x01, 0x01, 0x01, 0x01, 0x01, 0x01, 0x01, 0x01, 0x01, 0x01, 0x01, 0x01, 0x01, 
	0x01, 0x01, 0x01, 0x01, 0x01, 0x01, 0x01, 0x01, 0x01, 0x01, 0x01, 0x01, 0x01, 0x01, 0x01, 0x01, 
	0x01, 0x01, 0x01, 0x01, 0x01, 0x01, 0x01, 0x01, 0x01, 0x01, 0x01, 0x01, 0x01, 0x01, 0x01, 0x01, 
	0x01, 0x01, 0x01, 0x01, 0x01, 0x01, 0x01, 0x01, 0x01, 0x01, 0x01, 0x01, 0x01, 0x01, 0x01, 0x01, 
	0x01, 0x01, 0x01, 0x01, 0x01, 0x01, 0x01, 0x01, 0x01, 0x01, 0x01, 0x01, 0x01, 0x01, 0x01, 0x01, 
	0x01, 0x01, 0x01, 0x01, 0x01, 0x01, 0x01, 0x01, 0x01, 0x01, 0x01, 0x01, 0x01, 0x01, 0x01, 0x01, 
	0x01, 0x01, 0x01, 0x01, 0x01, 0x01, 0x01, 0x01, 0x01, 0x01, 0x01, 0x01, 0x01, 0x01, 0x01, 0x01, 
	0x01, 0x01, 0x01, 0x01, 0x01, 0x01, 0x01, 0x01, 0x01, 0x01, 0x01, 0x01, 0x01, 0x01, 0x01, 0x01, 
	0x01, 0x01, 0x01, 0x01, 0x01, 0x01, 0x01, 0x01, 0x01, 0x01, 0x01, 0x01, 0x01, 0x01, 0x01, 0x01, 
	0x01, 0x01, 0x01, 0x01, 0x01, 0x01, 0x01, 0x01, 0x01, 0x01, 0x01, 0x01, 0x01, 0x01, 0x01, 0x01, 
	0x01, 0x01, 0x01, 0x01, 0x01, 0x01, 0x01, 0x01, 0x01, 0x01, 0x01, 0x01, 0x01, 0x01, 0x01, 0x01, 
	0x01, 0x01, 0x01, 0x01, 0x01, 0x01, 0x01, 0x01, 0x01, 0x01, 0x01, 0x01, 0x01, 0x01, 0x01, 0x01, 
	0x01, 0x01, 0x01, 0x01, 0x01, 0x01, 0x01, 0x01, 0x01, 0x01, 0x01, 0x01, 0x01, 0x01, 0x01, 0x01, 
	0x01, 0x01, 0x01, 0x01, 0x01, 0x01, 0x01, 0x01, 0x01, 0x01, 0x01, 0x01, 0x01, 0x01, 0x01, 0x01, 
	0x01, 0x01, 0x01, 0x01, 0x01, 0x01, 0x01, 0x01, 0x01, 0x01, 0x01, 0x01, 0x01, 0x01, 0x01, 0x01, 
	0x01, 0x01, 0x01, 0x01, 0x01, 0x01, 0x01, 0x01, 0x01, 0x01, 0x01, 0x01, 0x01, 0x01, 0x01, 0x01, 
	0x01, 0x01, 0x01, 0x01, 0x01, 0x01, 0x01, 0x01, 0x01, 0x01, 0x01, 0x01, 0x01, 0x01, 0x01, 0x01, 
	0x01, 0x01, 0x01, 0x01, 0x01, 0x01, 0x01, 0x01, 0x01, 0x01, 0x01, 0x01, 0x01, 0x01, 0x01, 0x01, 
	0x01, 0x01, 0x01, 0x01, 0x01, 0x01, 0x01, 0x01, 0x01, 0x01, 0x01, 0x01, 0x01, 0x01, 0x01, 0x01, 
	0x01, 0x01, 0x01, 0x01, 0x01, 0x01, 0x01, 0x01, 0x01, 0x01, 0x01, 0x01, 0x01, 0x01, 0x01, 0x01, 
	0x01, 0x01, 0x01, 0x01, 0x01, 0x01, 0x01, 0x01, 0x01, 0x01, 0x01, 0x01, 0x01, 0x01, 0x01, 0x01, 
	0x01, 0x01, 0x01, 0x01, 0x01, 0x01, 0x01, 0x01, 0x01, 0x01, 0x01, 0x01, 0x01, 0x01, 0x01, 0x01, 
	0x01, 0x01, 0x01, 0x01, 0x01, 0x01, 0x01, 0x01, 0x01, 0x01, 0x01, 0x01, 0x01, 0x01, 0x01, 0x01, 
	0x01, 0x01, 0x01, 0x01, 0x01, 0x01, 0x01, 0x01, 0x01, 0x01, 0x01, 0x01, 0x01, 0x01, 0x01, 0x01, 
	0x01, 0x01, 0x01, 0x01, 0x01, 0x01, 0x01, 0x01, 0x01, 0x01, 0x01, 0x01, 0x01, 0x01, 0x01, 0x01, 
	0x01, 0x01, 0x01, 0x01, 0x01, 0x01, 0x01, 0x01, 0x01, 0x01, 0x01, 0x01, 0x01, 0x01, 0x01, 0x01, 
	0x01, 0x01, 0x01, 0x01, 0x01, 0x01, 0x01, 0x01, 0x01, 0x01, 0x01, 0x01, 0x01, 0x01, 0x01, 0x01, 
	0x01, 0x01, 0x01, 0x01, 0x01, 0x01, 0x01, 0x01, 0x01, 0x01, 0x01, 0x01, 0x01, 0x01, 0x01, 0x01, 
	0x01, 0x01, 0x01, 0x01, 0x01, 0x01, 0x01, 0x01, 0x01, 0x01, 0x01, 0x01, 0x01, 0x01, 0x01, 0x01, 
	0x01, 0x01, 0x01, 0x01, 0x01, 0x01, 0x01, 0x01, 0x01, 0x01, 0x01, 0x01, 0x01, 0x01, 0x01, 0x01, 
	0x01, 0x01, 0x01, 0x01, 0x01, 0x01, 0x01, 0x01, 0x01, 0x01, 0x01, 0x01, 0x01, 0x01, 0x01, 0x01, 
	0x01, 0x01, 0x01, 0x01, 0x01, 0x01, 0x01, 0x01, 0x01, 0x01, 0x01, 0x01, 0x01, 0x01, 0x01, 0x01, 
	0x01, 0x01, 0x01, 0x01, 0x01, 0x01, 0x01, 0x01, 0x01, 0x01, 0x01, 0x01, 0x01, 0x01, 0x01, 0x01, 
	0x01, 0x01, 0x01, 0x01, 0x01, 0x01, 0x01, 0x01, 0x01, 0x01, 0x01, 0x01, 0x01, 0x01, 0x01, 0x01, 
	0x01, 0x01, 0x01, 0x01, 0x01, 0x01, 0x01, 0x01, 0x01, 0x01, 0x01, 0x01, 0x01, 0x01, 0x01, 0x01, 
	0x01, 0x01, 0x01, 0x01, 0x01, 0x01, 0x01, 0x01, 0x01, 0x01, 0x01, 0x01, 0x01, 0x01, 0x01, 0x01, 
	0x01, 0x01, 0x01, 0x01, 0x01, 0x01, 0x01, 0x01, 0x01, 0x01, 0x01, 0x01, 0x01, 0x01, 0x01, 0x01, 
	0x01, 0x01, 0x01, 0x01, 0x01, 0x01, 0x01, 0x01, 0x01, 0x01, 0x01, 0x01, 0x01, 0x01, 0x01, 0x01, 
	0x01, 0x01, 0x01, 0x01, 0x01, 0x01, 0x01, 0x01, 0x01, 0x01, 0x01, 0x01, 0x01, 0x01, 0x01, 0x01, 
	0x01, 0x01, 0x01, 0x01, 0x01, 0x01, 0x01, 0x01, 0x01, 0x01, 0x01, 0x01, 0x01, 0x01, 0x01, 0x01, 
	0x01, 0x01, 0x01, 0x01, 0x01, 0x01, 0x01, 0x01, 0x01, 0x01, 0x01, 0x01, 0x01, 0x01, 0x01, 0x01, 
	0x01, 0x01, 0x01, 0x01, 0x01, 0x01, 0x01, 0x01, 0x01, 0x01, 0x01, 0x01, 0x01, 0x01, 0x01, 0x01, 
	0x01, 0x01, 0x01, 0x01, 0x01, 0x01, 0x01, 0x01, 0x01, 0x01, 0x01, 0x01, 0x01, 0x01, 0x01, 0x01, 
	0x01, 0x01, 0x01, 0x01, 0x01, 0x01, 0x01, 0x01, 0x01, 0x01, 0x01, 0x01, 0x01, 0x01, 0x01, 0x01, 
	0x01, 0x01, 0x01, 0x01, 0x01, 0x01, 0x01, 0x01, 0x01, 0x01, 0x01, 0x01, 0x01, 0x01, 0x01, 0x01, 
	0x01, 0x01, 0x01, 0x01, 0x01, 0x01, 0x01, 0x01, 0x01, 0x01, 0x01, 0x01, 0x01, 0x01, 0x01, 0x01, 
	0x01, 0x01, 0x01, 0x01, 0x01, 0x01, 0x01, 0x01, 0x01, 0x01, 0x01, 0x01, 0x01, 0x01, 0x01, 0x01, 
	0x01, 0x01, 0x01, 0x01, 0x01, 0x01, 0x01, 0x01, 0x01, 0x01, 0x01, 0x01, 0x01, 0x01, 0x01, 0x01, 
	0x01, 0x01, 0x01, 0x01, 0x01, 0x01, 0x01, 0x01, 0x01, 0x01, 0x01, 0x01, 0x01, 0x01, 0x01, 0x01, 
	0x01, 0x01, 0x01, 0x01, 0x01, 0x01, 0x01, 0x01, 0x01, 0x01, 0x01, 0x01, 0x01, 0x01, 0x01, 0x01, 
	0x01, 0x01, 0x01, 0x01, 0x01, 0x01, 0x01, 0x01, 0x01, 0x01, 0x01, 0x01, 0x00, 0x00, 0x00, 0x00, 
	0x01, 0x00, 0x00, 0x04, 0x01, 0x00, 0x00, 0x00, 0x61, 0x5e, 0x5a, 0x57, 0x53, 0x50, 0x4e, 0x4c, 
	0x4a, 0x48, 0x47, 0x46, 0x45, 0x45, 0x44, 0x44, 0x44, 0x45, 0x45, 0x46, 0x47, 0x49, 0x4a, 0x4c, 
	0x4f, 0x51, 0x54, 0x58, 0x5c, 0x63, 0x6d, 0x76, 0x61, 0x5e, 0x5a, 0x56, 0x53, 0x50, 0x4d, 0x4b, 
	0x49, 0x48, 0x47, 0x46, 0x45, 0x44, 0x44, 0x44, 0x44, 0x44, 0x45, 0x46, 0x47, 0x48, 0x4a, 0x4c, 
	0x4e, 0x51, 0x53, 0x57, 0x5b, 0x62, 0x6b, 0x74, 0x60, 0x5d, 0x59, 0x55, 0x52, 0x4f, 0x4d, 0x4a, 
	0x49, 0x47, 0x46, 0x45, 0x45, 0x44, 0x44, 0x43, 0x44, 0x44, 0x45, 0x45, 0x46, 0x48, 0x49, 0x4b, 
	0x4d, 0x50, 0x53, 0x56, 0x5a, 0x60, 0x69, 0x70, 0x5f, 0x5c, 0x58, 0x54, 0x51, 0x4e, 0x4c, 0x4a, 
	0x48, 0x47, 0x45, 0x45, 0x44, 0x43, 0x43, 0x43, 0x43, 0x43, 0x44, 0x45, 0x46, 0x47, 0x48, 0x4a, 
	0x4d, 0x4f, 0x52, 0x55, 0x59, 0x5f, 0x67, 0x6d, 0x5e, 0x5b, 0x57, 0x54, 0x50, 0x4e, 0x4b, 0x49, 
	0x47, 0x46, 0x45, 0x44, 0x43, 0x43, 0x43, 0x42, 0x43, 0x43, 0x43, 0x44, 0x45, 0x46, 0x48, 0x4a, 
	0x4c, 0x4e, 0x51, 0x54, 0x58, 0x5d, 0x64, 0x6b, 0x5d, 0x5a, 0x56, 0x53, 0x50, 0x4d, 0x4a, 0x48, 
	0x47, 0x45, 0x44, 0x44, 0x43, 0x42, 0x42, 0x42, 0x42, 0x42, 0x43, 0x44, 0x44, 0x46, 0x47, 0x49, 
	0x4b, 0x4d, 0x50, 0x53, 0x57, 0x5c, 0x62, 0x68, 0x5c, 0x59, 0x55, 0x52, 0x4f, 0x4c, 0x4a, 0x48, 
	0x46, 0x45, 0x44, 0x43, 0x42, 0x42, 0x42, 0x42, 0x42, 0x42, 0x42, 0x43, 0x44, 0x45, 0x46, 0x48, 
	0x4a, 0x4d, 0x50, 0x53, 0x56, 0x5b, 0x61, 0x66, 0x5b, 0x58, 0x55, 0x51, 0x4e, 0x4b, 0x49, 0x47, 
	0x46, 0x44, 0x43, 0x43, 0x42, 0x42, 0x41, 0x41, 0x41, 0x41, 0x42, 0x43, 0x43, 0x44, 0x46, 0x47, 
	0x4a, 0x4c, 0x4f, 0x52, 0x55, 0x5a, 0x5f, 0x64, 0x5a, 0x57, 0x54, 0x51, 0x4e, 0x4b, 0x48, 0x47, 
	0x45, 0x44, 0x43, 0x42, 0x42, 0x41, 0x41, 0x41, 0x41, 0x41, 0x41, 0x42, 0x43, 0x44, 0x45, 0x47, 
	0x49, 0x4b, 0x4e, 0x51, 0x55, 0x59, 0x5e, 0x63, 0x59, 0x57, 0x53, 0x50, 0x4d, 0x4a, 0x48, 0x46, 
	0x45, 0x43, 0x43, 0x42, 0x41, 0x41, 0x41, 0x40, 0x40, 0x41, 0x41, 0x42, 0x43, 0x44, 0x45, 0x46, 
	0x49, 0x4b, 0x4e, 0x51, 0x54, 0x58, 0x5e, 0x62, 0x59, 0x56, 0x53, 0x50, 0x4d, 0x4a, 0x48, 0x46, 
	0x44, 0x43, 0x42, 0x42, 0x41, 0x41, 0x40, 0x40, 0x40, 0x41, 0x41, 0x42, 0x42, 0x43, 0x45, 0x46, 
	0x48, 0x4b, 0x4d, 0x50, 0x54, 0x58, 0x5d, 0x61, 0x59, 0x56, 0x53, 0x4f, 0x4c, 0x4a, 0x48, 0x46, 
	0x44, 0x43, 0x42, 0x41, 0x41, 0x40, 0x40, 0x40, 0x40, 0x40, 0x41, 0x41, 0x42, 0x43, 0x44, 0x46, 
	0x48, 0x4a, 0x4d, 0x50, 0x54, 0x58, 0x5d, 0x61, 0x59, 0x56, 0x53, 0x4f, 0x4c, 0x4a, 0x48, 0x46, 
	0x44, 0x43, 0x42, 0x41, 0x41, 0x40, 0x40, 0x40, 0x40, 0x40, 0x41, 0x41, 0x42, 0x43, 0x44, 0x46, 
	0x48, 0x4a, 0x4d, 0x50, 0x54, 0x58, 0x5d, 0x61, 0x59, 0x56, 0x53, 0x4f, 0x4c, 0x4a, 0x48, 0x46, 
	0x44, 0x43, 0x42, 0x41, 0x41, 0x40, 0x40, 0x40, 0x40, 0x40, 0x41, 0x41, 0x42, 0x43, 0x44, 0x46, 
	0x48, 0x4a, 0x4d, 0x50, 0x54, 0x58, 0x5d, 0x61, 0x59, 0x56, 0x53, 0x4f, 0x4c, 0x4a, 0x48, 0x46, 
	0x44, 0x43, 0x42, 0x42, 0x41, 0x41, 0x40, 0x40, 0x40, 0x40, 0x41, 0x41, 0x42, 0x43, 0x45, 0x46, 
	0x48, 0x4b, 0x4d, 0x50, 0x54, 0x58, 0x5d, 0x61, 0x59, 0x56, 0x53, 0x4f, 0x4d, 0x4a, 0x48, 0x46, 
	0x45, 0x43, 0x42, 0x42, 0x41, 0x41, 0x40, 0x40, 0x40, 0x40, 0x41, 0x42, 0x42, 0x43, 0x45, 0x46, 
	0x48, 0x4b, 0x4d, 0x50, 0x54, 0x58, 0x5d, 0x61, 0x59, 0x57, 0x53, 0x50, 0x4d, 0x4a, 0x48, 0x46, 
	0x45, 0x43, 0x42, 0x42, 0x41, 0x41, 0x40, 0x40, 0x40, 0x41, 0x41, 0x42, 0x43, 0x44, 0x45, 0x46, 
	0x48, 0x4b, 0x4e, 0x51, 0x54, 0x58, 0x5d, 0x61, 0x59, 0x57, 0x53, 0x50, 0x4d, 0x4a, 0x48, 0x46, 
	0x45, 0x44, 0x43, 0x42, 0x41, 0x41, 0x41, 0x40, 0x40, 0x41, 0x41, 0x42, 0x43, 0x44, 0x45, 0x47, 
	0x49, 0x4b, 0x4e, 0x51, 0x54, 0x59, 0x5e, 0x62, 0x5a, 0x57, 0x53, 0x50, 0x4d, 0x4b, 0x48, 0x46, 
	0x45, 0x44, 0x43, 0x42, 0x41, 0x41, 0x41, 0x41, 0x41, 0x41, 0x41, 0x42, 0x43, 0x44, 0x45, 0x47, 
	0x49, 0x4b, 0x4e, 0x51, 0x55, 0x59, 0x5e, 0x62, 0x5a, 0x57, 0x54, 0x50, 0x4d, 0x4b, 0x49, 0x47, 
	0x45, 0x44, 0x43, 0x42, 0x41, 0x41, 0x41, 0x41, 0x41, 0x41, 0x41, 0x42, 0x43, 0x44, 0x45, 0x47, 
	0x49, 0x4c, 0x4f, 0x52, 0x55, 0x59, 0x5e, 0x63, 0x5b, 0x58, 0x54, 0x51, 0x4e, 0x4b, 0x49, 0x47, 
	0x45, 0x44, 0x43, 0x42, 0x42, 0x41, 0x41, 0x41, 0x41, 0x41, 0x42, 0x42, 0x43, 0x44, 0x46, 0x48, 
	0x4a, 0x4c, 0x4f, 0x52, 0x56, 0x5a, 0x5f, 0x63, 0x5c, 0x59, 0x55, 0x51, 0x4e, 0x4c, 0x49, 0x48, 
	0x46, 0x45, 0x44, 0x43, 0x42, 0x42, 0x41, 0x41, 0x41, 0x42, 0x42, 0x43, 0x44, 0x45, 0x46, 0x48, 
	0x4a, 0x4d, 0x50, 0x53, 0x56, 0x5b, 0x60, 0x65, 0x5c, 0x59, 0x56, 0x52, 0x4f, 0x4c, 0x4a, 0x48, 
	0x47, 0x45, 0x44, 0x43, 0x43, 0x42, 0x42, 0x42, 0x42, 0x42, 0x43, 0x43, 0x44, 0x46, 0x47, 0x49, 
	0x4b, 0x4d, 0x50, 0x53, 0x57, 0x5b, 0x61, 0x66, 0x5d, 0x5a, 0x56, 0x53, 0x50, 0x4d, 0x4b, 0x49, 
	0x47, 0x46, 0x45, 0x44, 0x43, 0x43, 0x43, 0x43, 0x43, 0x43, 0x43, 0x44, 0x45, 0x46, 0x48, 0x4a, 
	0x4c, 0x4e, 0x51, 0x54, 0x58, 0x5d, 0x63, 0x68, 0x5e, 0x5b, 0x58, 0x54, 0x51, 0x4e, 0x4c, 0x4a, 
	0x48, 0x47, 0x46, 0x45, 0x44, 0x43, 0x43, 0x43, 0x43, 0x44, 0x44, 0x45, 0x46, 0x47, 0x49, 0x4b, 
	0x4d, 0x4f, 0x52, 0x56, 0x59, 0x5e, 0x64, 0x6a, 0x60, 0x5d, 0x59, 0x55, 0x52, 0x4f, 0x4d, 0x4b, 
	0x49, 0x47, 0x46, 0x45, 0x45, 0x44, 0x44, 0x44, 0x44, 0x44, 0x45, 0x46, 0x47, 0x48, 0x4a, 0x4b, 
	0x4e, 0x50, 0x53, 0x57, 0x5a, 0x5f, 0x67, 0x6d, 0x61, 0x5e, 0x5a, 0x56, 0x53, 0x50, 0x4e, 0x4c, 
	0x4a, 0x48, 0x47, 0x46, 0x45, 0x45, 0x45, 0x45, 0x45, 0x45, 0x46, 0x46, 0x48, 0x49, 0x4b, 0x4d, 
	0x4f, 0x51, 0x54, 0x58, 0x5c, 0x61, 0x69, 0x70, 0x63, 0x60, 0x5b, 0x57, 0x54, 0x51, 0x4f, 0x4d, 
	0x4b, 0x49, 0x48, 0x47, 0x46, 0x46, 0x45, 0x45, 0x46, 0x46, 0x47, 0x47, 0x48, 0x4a, 0x4c, 0x4e, 
	0x50, 0x53, 0x56, 0x59, 0x5d, 0x63, 0x6c, 0x75, 0x66, 0x62, 0x5d, 0x59, 0x55, 0x52, 0x50, 0x4e, 
	0x4c, 0x4a, 0x49, 0x48, 0x47, 0x47, 0x46, 0x46, 0x46, 0x47, 0x47, 0x48, 0x49, 0x4b, 0x4d, 0x4f, 
	0x51, 0x54, 0x57, 0x5b, 0x5f, 0x66, 0x70, 0x7a, 0x69, 0x64, 0x5e, 0x5a, 0x57, 0x54, 0x51, 0x4f, 
	0x4d, 0x4b, 0x4a, 0x49, 0x48, 0x48, 0x47, 0x47, 0x47, 0x48, 0x48, 0x49, 0x4b, 0x4c, 0x4e, 0x50, 
	0x52, 0x55, 0x58, 0x5c, 0x61, 0x69, 0x74, 0x80, 0x6c, 0x67, 0x60, 0x5b, 0x58, 0x55, 0x52, 0x50, 
	0x4e, 0x4c, 0x4b, 0x4a, 0x49, 0x49, 0x48, 0x48, 0x48, 0x49, 0x4a, 0x4a, 0x4c, 0x4d, 0x4f, 0x51, 
	0x53, 0x56, 0x59, 0x5d, 0x63, 0x6c, 0x7a, 0x87, 0x6f, 0x69, 0x62, 0x5c, 0x59, 0x56, 0x53, 0x51, 
	0x4f, 0x4d, 0x4c, 0x4b, 0x4a, 0x49, 0x49, 0x49, 0x49, 0x4a, 0x4a, 0x4b, 0x4c, 0x4e, 0x50, 0x52, 
	0x54, 0x57, 0x5a, 0x5e, 0x65, 0x6e, 0x7d, 0x8d, 0x00, 0x00, 0x00, 0x00, 0x01, 0x00, 0x00, 0x04, 
	0x01, 0x00, 0x00, 0x00, 0x61, 0x5e, 0x5a, 0x57, 0x53, 0x50, 0x4e, 0x4c, 0x4a, 0x48, 0x47, 0x46, 
	0x45, 0x45, 0x44, 0x44, 0x44, 0x45, 0x45, 0x46, 0x47, 0x49, 0x4a, 0x4c, 0x4f, 0x51, 0x54, 0x58, 
	0x5c, 0x63, 0x6d, 0x76, 0x61, 0x5e, 0x5a, 0x56, 0x53, 0x50, 0x4d, 0x4b, 0x49, 0x48, 0x47, 0x46, 
	0x45, 0x44, 0x44, 0x44, 0x44, 0x44, 0x45, 0x46, 0x47, 0x48, 0x4a, 0x4c, 0x4e, 0x51, 0x53, 0x57, 
	0x5b, 0x62, 0x6b, 0x74, 0x60, 0x5d, 0x59, 0x55, 0x52, 0x4f, 0x4d, 0x4a, 0x49, 0x47, 0x46, 0x45, 
	0x45, 0x44, 0x44, 0x43, 0x44, 0x44, 0x45, 0x45, 0x46, 0x48, 0x49, 0x4b, 0x4d, 0x50, 0x53, 0x56, 
	0x5a, 0x60, 0x69, 0x70, 0x5f, 0x5c, 0x58, 0x54, 0x51, 0x4e, 0x4c, 0x4a, 0x48, 0x47, 0x45, 0x45, 
	0x44, 0x43, 0x43, 0x43, 0x43, 0x43, 0x44, 0x45, 0x46, 0x47, 0x48, 0x4a, 0x4d, 0x4f, 0x52, 0x55, 
	0x59, 0x5f, 0x67, 0x6d, 0x5e, 0x5b, 0x57, 0x54, 0x50, 0x4e, 0x4b, 0x49, 0x47, 0x46, 0x45, 0x44, 
	0x43, 0x43, 0x43, 0x42, 0x43, 0x43, 0x43, 0x44, 0x45, 0x46, 0x48, 0x4a, 0x4c, 0x4e, 0x51, 0x54, 
	0x58, 0x5d, 0x64, 0x6b, 0x5d, 0x5a, 0x56, 0x53, 0x50, 0x4d, 0x4a, 0x48, 0x47, 0x45, 0x44, 0x44, 
	0x43, 0x42, 0x42, 0x42, 0x42, 0x42, 0x43, 0x44, 0x44, 0x46, 0x47, 0x49, 0x4b, 0x4d, 0x50, 0x53, 
	0x57, 0x5c, 0x62, 0x68, 0x5c, 0x59, 0x55, 0x52, 0x4f, 0x4c, 0x4a, 0x48, 0x46, 0x45, 0x44, 0x43, 
	0x42, 0x42, 0x42, 0x42, 0x42, 0x42, 0x42, 0x43, 0x44, 0x45, 0x46, 0x48, 0x4a, 0x4d, 0x50, 0x53, 
	0x56, 0x5b, 0x61, 0x66, 0x5b, 0x58, 0x55, 0x51, 0x4e, 0x4b, 0x49, 0x47, 0x46, 0x44, 0x43, 0x43, 
	0x42, 0x42, 0x41, 0x41, 0x41, 0x41, 0x42, 0x43, 0x43, 0x44, 0x46, 0x47, 0x4a, 0x4c, 0x4f, 0x52, 
	0x55, 0x5a, 0x5f, 0x64, 0x5a, 0x57, 0x54, 0x51, 0x4e, 0x4b, 0x48, 0x47, 0x45, 0x44, 0x43, 0x42, 
	0x42, 0x41, 0x41, 0x41, 0x41, 0x41, 0x41, 0x42, 0x43, 0x44, 0x45, 0x47, 0x49, 0x4b, 0x4e, 0x51, 
	0x55, 0x59, 0x5e, 0x63, 0x59, 0x57, 0x53, 0x50, 0x4d, 0x4a, 0x48, 0x46, 0x45, 0x43, 0x43, 0x42, 
	0x41, 0x41, 0x41, 0x40, 0x40, 0x41, 0x41, 0x42, 0x43, 0x44, 0x45, 0x46, 0x49, 0x4b, 0x4e, 0x51, 
	0x54, 0x58, 0x5e, 0x62, 0x59, 0x56, 0x53, 0x50, 0x4d, 0x4a, 0x48, 0x46, 0x44, 0x43, 0x42, 0x42, 
	0x41, 0x41, 0x40, 0x40, 0x40, 0x41, 0x41, 0x42, 0x42, 0x43, 0x45, 0x46, 0x48, 0x4b, 0x4d, 0x50, 
	0x54, 0x58, 0x5d, 0x61, 0x59, 0x56, 0x53, 0x4f, 0x4c, 0x4a, 0x48, 0x46, 0x44, 0x43, 0x42, 0x41, 
	0x41, 0x40, 0x40, 0x40, 0x40, 0x40, 0x41, 0x41, 0x42, 0x43, 0x44, 0x46, 0x48, 0x4a, 0x4d, 0x50, 
	0x54, 0x58, 0x5d, 0x61, 0x59, 0x56, 0x53, 0x4f, 0x4c, 0x4a, 0x48, 0x46, 0x44, 0x43, 0x42, 0x41, 
	0x41, 0x40, 0x40, 0x40, 0x40, 0x40, 0x41, 0x41, 0x42, 0x43, 0x44, 0x46, 0x48, 0x4a, 0x4d, 0x50, 
	0x54, 0x58, 0x5d, 0x61, 0x59, 0x56, 0x53, 0x4f, 0x4c, 0x4a, 0x48, 0x46, 0x44, 0x43, 0x42, 0x41, 
	0x41, 0x40, 0x40, 0x40, 0x40, 0x40, 0x41, 0x41, 0x42, 0x43, 0x44, 0x46, 0x48, 0x4a, 0x4d, 0x50, 
	0x54, 0x58, 0x5d, 0x61, 0x59, 0x56, 0x53, 0x4f, 0x4c, 0x4a, 0x48, 0x46, 0x44, 0x43, 0x42, 0x42, 
	0x41, 0x41, 0x40, 0x40, 0x40, 0x40, 0x41, 0x41, 0x42, 0x43, 0x45, 0x46, 0x48, 0x4b, 0x4d, 0x50, 
	0x54, 0x58, 0x5d, 0x61, 0x59, 0x56, 0x53, 0x4f, 0x4d, 0x4a, 0x48, 0x46, 0x45, 0x43, 0x42, 0x42, 
	0x41, 0x41, 0x40, 0x40, 0x40, 0x40, 0x41, 0x42, 0x42, 0x43, 0x45, 0x46, 0x48, 0x4b, 0x4d, 0x50, 
	0x54, 0x58, 0x5d, 0x61, 0x59, 0x57, 0x53, 0x50, 0x4d, 0x4a, 0x48, 0x46, 0x45, 0x43, 0x42, 0x42, 
	0x41, 0x41, 0x40, 0x40, 0x40, 0x41, 0x41, 0x42, 0x43, 0x44, 0x45, 0x46, 0x48, 0x4b, 0x4e, 0x51, 
	0x54, 0x58, 0x5d, 0x61, 0x59, 0x57, 0x53, 0x50, 0x4d, 0x4a, 0x48, 0x46, 0x45, 0x44, 0x43, 0x42, 
	0x41, 0x41, 0x41, 0x40, 0x40, 0x41, 0x41, 0x42, 0x43, 0x44, 0x45, 0x47, 0x49, 0x4b, 0x4e, 0x51, 
	0x54, 0x59, 0x5e, 0x62, 0x5a, 0x57, 0x53, 0x50, 0x4d, 0x4b, 0x48, 0x46, 0x45, 0x44, 0x43, 0x42, 
	0x41, 0x41, 0x41, 0x41, 0x41, 0x41, 0x41, 0x42, 0x43, 0x44, 0x45, 0x47, 0x49, 0x4b, 0x4e, 0x51, 
	0x55, 0x59, 0x5e, 0x62, 0x5a, 0x57, 0x54, 0x50, 0x4d, 0x4b, 0x49, 0x47, 0x45, 0x44, 0x43, 0x42, 
	0x41, 0x41, 0x41, 0x41, 0x41, 0x41, 0x41, 0x42, 0x43, 0x44, 0x45, 0x47, 0x49, 0x4c, 0x4f, 0x52, 
	0x55, 0x59, 0x5e, 0x63, 0x5b, 0x58, 0x54, 0x51, 0x4e, 0x4b, 0x49, 0x47, 0x45, 0x44, 0x43, 0x42, 
	0x42, 0x41, 0x41, 0x41, 0x41, 0x41, 0x42, 0x42, 0x43, 0x44, 0x46, 0x48, 0x4a, 0x4c, 0x4f, 0x52, 
	0x56, 0x5a, 0x5f, 0x63, 0x5c, 0x59, 0x55, 0x51, 0x4e, 0x4c, 0x49, 0x48, 0x46, 0x45, 0x44, 0x43, 
	0x42, 0x42, 0x41, 0x41, 0x41, 0x42, 0x42, 0x43, 0x44, 0x45, 0x46, 0x48, 0x4a, 0x4d, 0x50, 0x53, 
	0x56, 0x5b, 0x60, 0x65, 0x5c, 0x59, 0x56, 0x52, 0x4f, 0x4c, 0x4a, 0x48, 0x47, 0x45, 0x44, 0x43, 
	0x43, 0x42, 0x42, 0x42, 0x42, 0x42, 0x43, 0x43, 0x44, 0x46, 0x47, 0x49, 0x4b, 0x4d, 0x50, 0x53, 
	0x57, 0x5b, 0x61, 0x66, 0x5d, 0x5a, 0x56, 0x53, 0x50, 0x4d, 0x4b, 0x49, 0x47, 0x46, 0x45, 0x44, 
	0x43, 0x43, 0x43, 0x43, 0x43, 0x43, 0x43, 0x44, 0x45, 0x46, 0x48, 0x4a, 0x4c, 0x4e, 0x51, 0x54, 
	0x58, 0x5d, 0x63, 0x68, 0x5e, 0x5b, 0x58, 0x54, 0x51, 0x4e, 0x4c, 0x4a, 0x48, 0x47, 0x46, 0x45, 
	0x44, 0x43, 0x43, 0x43, 0x43, 0x44, 0x44, 0x45, 0x46, 0x47, 0x49, 0x4b, 0x4d, 0x4f, 0x52, 0x56, 
	0x59, 0x5e, 0x64, 0x6a, 0x60, 0x5d, 0x59, 0x55, 0x52, 0x4f, 0x4d, 0x4b, 0x49, 0x47, 0x46, 0x45, 
	0x45, 0x44, 0x44, 0x44, 0x44, 0x44, 0x45, 0x46, 0x47, 0x48, 0x4a, 0x4b, 0x4e, 0x50, 0x53, 0x57, 
	0x5a, 0x5f, 0x67, 0x6d, 0x61, 0x5e, 0x5a, 0x56, 0x53, 0x50, 0x4e, 0x4c, 0x4a, 0x48, 0x47, 0x46, 
	0x45, 0x45, 0x45, 0x45, 0x45, 0x45, 0x46, 0x46, 0x48, 0x49, 0x4b, 0x4d, 0x4f, 0x51, 0x54, 0x58, 
	0x5c, 0x61, 0x69, 0x70, 0x63, 0x60, 0x5b, 0x57, 0x54, 0x51, 0x4f, 0x4d, 0x4b, 0x49, 0x48, 0x47, 
	0x46, 0x46, 0x45, 0x45, 0x46, 0x46, 0x47, 0x47, 0x48, 0x4a, 0x4c, 0x4e, 0x50, 0x53, 0x56, 0x59, 
	0x5d, 0x63, 0x6c, 0x75, 0x66, 0x62, 0x5d, 0x59, 0x55, 0x52, 0x50, 0x4e, 0x4c, 0x4a, 0x49, 0x48, 
	0x47, 0x47, 0x46, 0x46, 0x46, 0x47, 0x47, 0x48, 0x49, 0x4b, 0x4d, 0x4f, 0x51, 0x54, 0x57, 0x5b, 
	0x5f, 0x66, 0x70, 0x7a, 0x69, 0x64, 0x5e, 0x5a, 0x57, 0x54, 0x51, 0x4f, 0x4d, 0x4b, 0x4a, 0x49, 
	0x48, 0x48, 0x47, 0x47, 0x47, 0x48, 0x48, 0x49, 0x4b, 0x4c, 0x4e, 0x50, 0x52, 0x55, 0x58, 0x5c, 
	0x61, 0x69, 0x74, 0x80, 0x6c, 0x67, 0x60, 0x5b, 0x58, 0x55, 0x52, 0x50, 0x4e, 0x4c, 0x4b, 0x4a, 
	0x49, 0x49, 0x48, 0x48, 0x48, 0x49, 0x4a, 0x4a, 0x4c, 0x4d, 0x4f, 0x51, 0x53, 0x56, 0x59, 0x5d, 
	0x63, 0x6c, 0x7a, 0x87, 0x6f, 0x69, 0x62, 0x5c, 0x59, 0x56, 0x53, 0x51, 0x4f, 0x4d, 0x4c, 0x4b, 
	0x4a, 0x49, 0x49, 0x49, 0x49, 0x4a, 0x4a, 0x4b, 0x4c, 0x4e, 0x50, 0x52, 0x54, 0x57, 0x5a, 0x5e, 
	0x65, 0x6e, 0x7d, 0x8d, 0x00, 0x00, 0x00, 0x00, 0x01, 0x00, 0x00, 0x04, 0x01, 0x00, 0x00, 0x00, 
	0x01, 0x01, 0x01, 0x01, 0x01, 0x01, 0x01, 0x01, 0x01, 0x01, 0x01, 0x01, 0x01, 0x01, 0x01, 0x01, 
	0x01, 0x01, 0x01, 0x01, 0x01, 0x01, 0x01, 0x01, 0x01, 0x01, 0x01, 0x01, 0x01, 0x01, 0x01, 0x01, 
	0x01, 0x01, 0x01, 0x01, 0x01, 0x01, 0x01, 0x01, 0x01, 0x01, 0x01, 0x01, 0x01, 0x01, 0x01, 0x01, 
	0x01, 0x01, 0x01, 0x01, 0x01, 0x01, 0x01, 0x01, 0x01, 0x01, 0x01, 0x01, 0x01, 0x01, 0x01, 0x01, 
	0x01, 0x01, 0x01, 0x01, 0x01, 0x01, 0x01, 0x01, 0x01, 0x01, 0x01, 0x01, 0x01, 0x01, 0x01, 0x01, 
	0x01, 0x01, 0x01, 0x01, 0x01, 0x01, 0x01, 0x01, 0x01, 0x01, 0x01, 0x01, 0x01, 0x01, 0x01, 0x01, 
	0x01, 0x01, 0x01, 0x01, 0x01, 0x01, 0x01, 0x01, 0x01, 0x01, 0x01, 0x01, 0x01, 0x01, 0x01, 0x01, 
	0x01, 0x01, 0x01, 0x01, 0x01, 0x01, 0x01, 0x01, 0x01, 0x01, 0x01, 0x01, 0x01, 0x01, 0x01, 0x01, 
	0x01, 0x01, 0x01, 0x01, 0x01, 0x01, 0x01, 0x01, 0x01, 0x01, 0x01, 0x01, 0x01, 0x01, 0x01, 0x01, 
	0x01, 0x01, 0x01, 0x01, 0x01, 0x01, 0x01, 0x01, 0x01, 0x01, 0x01, 0x01, 0x01, 0x01, 0x01, 0x01, 
	0x01, 0x01, 0x01, 0x01, 0x01, 0x01, 0x01, 0x01, 0x01, 0x01, 0x01, 0x01, 0x01, 0x01, 0x01, 0x01, 
	0x01, 0x01, 0x01, 0x01, 0x01, 0x01, 0x01, 0x01, 0x01, 0x01, 0x01, 0x01, 0x01, 0x01, 0x01, 0x01, 
	0x01, 0x01, 0x01, 0x01, 0x01, 0x01, 0x01, 0x01, 0x01, 0x01, 0x01, 0x01, 0x01, 0x01, 0x01, 0x01, 
	0x01, 0x01, 0x01, 0x01, 0x01, 0x01, 0x01, 0x01, 0x01, 0x01, 0x01, 0x01, 0x01, 0x01, 0x01, 0x01, 
	0x01, 0x01, 0x01, 0x01, 0x01, 0x01, 0x01, 0x01, 0x01, 0x01, 0x01, 0x01, 0x01, 0x01, 0x01, 0x01, 
	0x01, 0x01, 0x01, 0x01, 0x01, 0x01, 0x01, 0x01, 0x01, 0x01, 0x01, 0x01, 0x01, 0x01, 0x01, 0x01, 
	0x01, 0x01, 0x01, 0x01, 0x01, 0x01, 0x01, 0x01, 0x01, 0x01, 0x01, 0x01, 0x01, 0x01, 0x01, 0x01, 
	0x01, 0x01, 0x01, 0x01, 0x01, 0x01, 0x01, 0x01, 0x01, 0x01, 0x01, 0x01, 0x01, 0x01, 0x01, 0x01, 
	0x01, 0x01, 0x01, 0x01, 0x01, 0x01, 0x01, 0x01, 0x01, 0x01, 0x01, 0x01, 0x01, 0x01, 0x01, 0x01, 
	0x01, 0x01, 0x01, 0x01, 0x01, 0x01, 0x01, 0x01, 0x01, 0x01, 0x01, 0x01, 0x01, 0x01, 0x01, 0x01, 
	0x01, 0x01, 0x01, 0x01, 0x01, 0x01, 0x01, 0x01, 0x01, 0x01, 0x01, 0x01, 0x01, 0x01, 0x01, 0x01, 
	0x01, 0x01, 0x01, 0x01, 0x01, 0x01, 0x01, 0x01, 0x01, 0x01, 0x01, 0x01, 0x01, 0x01, 0x01, 0x01, 
	0x01, 0x01, 0x01, 0x01, 0x01, 0x01, 0x01, 0x01, 0x01, 0x01, 0x01, 0x01, 0x01, 0x01, 0x01, 0x01, 
	0x01, 0x01, 0x01, 0x01, 0x01, 0x01, 0x01, 0x01, 0x01, 0x01, 0x01, 0x01, 0x01, 0x01, 0x01, 0x01, 
	0x01, 0x01, 0x01, 0x01, 0x01, 0x01, 0x01, 0x01, 0x01, 0x01, 0x01, 0x01, 0x01, 0x01, 0x01, 0x01, 
	0x01, 0x01, 0x01, 0x01, 0x01, 0x01, 0x01, 0x01, 0x01, 0x01, 0x01, 0x01, 0x01, 0x01, 0x01, 0x01, 
	0x01, 0x01, 0x01, 0x01, 0x01, 0x01, 0x01, 0x01, 0x01, 0x01, 0x01, 0x01, 0x01, 0x01, 0x01, 0x01, 
	0x01, 0x01, 0x01, 0x01, 0x01, 0x01, 0x01, 0x01, 0x01, 0x01, 0x01, 0x01, 0x01, 0x01, 0x01, 0x01, 
	0x01, 0x01, 0x01, 0x01, 0x01, 0x01, 0x01, 0x01, 0x01, 0x01, 0x01, 0x01, 0x01, 0x01, 0x01, 0x01, 
	0x01, 0x01, 0x01, 0x01, 0x01, 0x01, 0x01, 0x01, 0x01, 0x01, 0x01, 0x01, 0x01, 0x01, 0x01, 0x01, 
	0x01, 0x01, 0x01, 0x01, 0x01, 0x01, 0x01, 0x01, 0x01, 0x01, 0x01, 0x01, 0x01, 0x01, 0x01, 0x01, 
	0x01, 0x01, 0x01, 0x01, 0x01, 0x01, 0x01, 0x01, 0x01, 0x01, 0x01, 0x01, 0x01, 0x01, 0x01, 0x01, 
	0x01, 0x01, 0x01, 0x01, 0x01, 0x01, 0x01, 0x01, 0x01, 0x01, 0x01, 0x01, 0x01, 0x01, 0x01, 0x01, 
	0x01, 0x01, 0x01, 0x01, 0x01, 0x01, 0x01, 0x01, 0x01, 0x01, 0x01, 0x01, 0x01, 0x01, 0x01, 0x01, 
	0x01, 0x01, 0x01, 0x01, 0x01, 0x01, 0x01, 0x01, 0x01, 0x01, 0x01, 0x01, 0x01, 0x01, 0x01, 0x01, 
	0x01, 0x01, 0x01, 0x01, 0x01, 0x01, 0x01, 0x01, 0x01, 0x01, 0x01, 0x01, 0x01, 0x01, 0x01, 0x01, 
	0x01, 0x01, 0x01, 0x01, 0x01, 0x01, 0x01, 0x01, 0x01, 0x01, 0x01, 0x01, 0x01, 0x01, 0x01, 0x01, 
	0x01, 0x01, 0x01, 0x01, 0x01, 0x01, 0x01, 0x01, 0x01, 0x01, 0x01, 0x01, 0x01, 0x01, 0x01, 0x01, 
	0x01, 0x01, 0x01, 0x01, 0x01, 0x01, 0x01, 0x01, 0x01, 0x01, 0x01, 0x01, 0x01, 0x01, 0x01, 0x01, 
	0x01, 0x01, 0x01, 0x01, 0x01, 0x01, 0x01, 0x01, 0x01, 0x01, 0x01, 0x01, 0x01, 0x01, 0x01, 0x01, 
	0x01, 0x01, 0x01, 0x01, 0x01, 0x01, 0x01, 0x01, 0x01, 0x01, 0x01, 0x01, 0x01, 0x01, 0x01, 0x01, 
	0x01, 0x01, 0x01, 0x01, 0x01, 0x01, 0x01, 0x01, 0x01, 0x01, 0x01, 0x01, 0x01, 0x01, 0x01, 0x01, 
	0x01, 0x01, 0x01, 0x01, 0x01, 0x01, 0x01, 0x01, 0x01, 0x01, 0x01, 0x01, 0x01, 0x01, 0x01, 0x01, 
	0x01, 0x01, 0x01, 0x01, 0x01, 0x01, 0x01, 0x01, 0x01, 0x01, 0x01, 0x01, 0x01, 0x01, 0x01, 0x01, 
	0x01, 0x01, 0x01, 0x01, 0x01, 0x01, 0x01, 0x01, 0x01, 0x01, 0x01, 0x01, 0x01, 0x01, 0x01, 0x01, 
	0x01, 0x01, 0x01, 0x01, 0x01, 0x01, 0x01, 0x01, 0x01, 0x01, 0x01, 0x01, 0x01, 0x01, 0x01, 0x01, 
	0x01, 0x01, 0x01, 0x01, 0x01, 0x01, 0x01, 0x01, 0x01, 0x01, 0x01, 0x01, 0x01, 0x01, 0x01, 0x01, 
	0x01, 0x01, 0x01, 0x01, 0x01, 0x01, 0x01, 0x01, 0x01, 0x01, 0x01, 0x01, 0x01, 0x01, 0x01, 0x01, 
	0x01, 0x01, 0x01, 0x01, 0x01, 0x01, 0x01, 0x01, 0x01, 0x01, 0x01, 0x01, 0x01, 0x01, 0x01, 0x01, 
	0x01, 0x01, 0x01, 0x01, 0x01, 0x01, 0x01, 0x01, 0x01, 0x01, 0x01, 0x01, 0x01, 0x01, 0x01, 0x01, 
	0x01, 0x01, 0x01, 0x01, 0x01, 0x01, 0x01, 0x01, 0x01, 0x01, 0x01, 0x01, 0x01, 0x01, 0x01, 0x01, 
	0x01, 0x01, 0x01, 0x01, 0x01, 0x01, 0x01, 0x01, 0x01, 0x01, 0x01, 0x01, 0x01, 0x01, 0x01, 0x01, 
	0x01, 0x01, 0x01, 0x01, 0x01, 0x01, 0x01, 0x01, 0x01, 0x01, 0x01, 0x01, 0x01, 0x01, 0x01, 0x01, 
	0x01, 0x01, 0x01, 0x01, 0x01, 0x01, 0x01, 0x01, 0x01, 0x01, 0x01, 0x01, 0x01, 0x01, 0x01, 0x01, 
	0x01, 0x01, 0x01, 0x01, 0x01, 0x01, 0x01, 0x01, 0x01, 0x01, 0x01, 0x01, 0x01, 0x01, 0x01, 0x01, 
	0x01, 0x01, 0x01, 0x01, 0x01, 0x01, 0x01, 0x01, 0x01, 0x01, 0x01, 0x01, 0x01, 0x01, 0x01, 0x01, 
	0x01, 0x01, 0x01, 0x01, 0x01, 0x01, 0x01, 0x01, 0x01, 0x01, 0x01, 0x01, 0x01, 0x01, 0x01, 0x01, 
	0x01, 0x01, 0x01, 0x01, 0x01, 0x01, 0x01, 0x01, 0x01, 0x01, 0x01, 0x01, 0x01, 0x01, 0x01, 0x01, 
	0x01, 0x01, 0x01, 0x01, 0x01, 0x01, 0x01, 0x01, 0x01, 0x01, 0x01, 0x01, 0x01, 0x01, 0x01, 0x01, 
	0x01, 0x01, 0x01, 0x01, 0x01, 0x01, 0x01, 0x01, 0x01, 0x01, 0x01, 0x01, 0x01, 0x01, 0x01, 0x01, 
	0x01, 0x01, 0x01, 0x01, 0x01, 0x01, 0x01, 0x01, 0x01, 0x01, 0x01, 0x01, 0x01, 0x01, 0x01, 0x01, 
	0x01, 0x01, 0x01, 0x01, 0x01, 0x01, 0x01, 0x01, 0x01, 0x01, 0x01, 0x01, 0x01, 0x01, 0x01, 0x01, 
	0x01, 0x01, 0x01, 0x01, 0x01, 0x01, 0x01, 0x01, 0x01, 0x01, 0x01, 0x01, 0x01, 0x01, 0x01, 0x01, 
	0x01, 0x01, 0x01, 0x01, 0x01, 0x01, 0x01, 0x01, 0x01, 0x01, 0x01, 0x01, 0x01, 0x01, 0x01, 0x01, 
	0x00, 0x00, 0x00, 0x00, 0x01, 0x00, 0x00, 0x04, 0x01, 0x00, 0x00, 0x00, 0x01, 0x01, 0x01, 0x01, 
	0x01, 0x01, 0x01, 0x01, 0x01, 0x01, 0x01, 0x01, 0x01, 0x01, 0x01, 0x01, 0x01, 0x01, 0x01, 0x01, 
	0x01, 0x01, 0x01, 0x01, 0x01, 0x01, 0x01, 0x01, 0x01, 0x01, 0x01, 0x01, 0x01, 0x01, 0x01, 0x01, 
	0x01, 0x01, 0x01, 0x01, 0x01, 0x01, 0x01, 0x01, 0x01, 0x01, 0x01, 0x01, 0x01, 0x01, 0x01, 0x01, 
	0x01, 0x01, 0x01, 0x01, 0x01, 0x01, 0x01, 0x01, 0x01, 0x01, 0x01, 0x01, 0x01, 0x01, 0x01, 0x01, 
	0x01, 0x01, 0x01, 0x01, 0x01, 0x01, 0x01, 0x01, 0x01, 0x01, 0x01, 0x01, 0x01, 0x01, 0x01, 0x01, 
	0x01, 0x01, 0x01, 0x01, 0x01, 0x01, 0x01, 0x01, 0x01, 0x01, 0x01, 0x01, 0x01, 0x01, 0x01, 0x01, 
	0x01, 0x01, 0x01, 0x01, 0x01, 0x01, 0x01, 0x01, 0x01, 0x01, 0x01, 0x01, 0x01, 0x01, 0x01, 0x01, 
	0x01, 0x01, 0x01, 0x01, 0x01, 0x01, 0x01, 0x01, 0x01, 0x01, 0x01, 0x01, 0x01, 0x01, 0x01, 0x01, 
	0x01, 0x01, 0x01, 0x01, 0x01, 0x01, 0x01, 0x01, 0x01, 0x01, 0x01, 0x01, 0x01, 0x01, 0x01, 0x01, 
	0x01, 0x01, 0x01, 0x01, 0x01, 0x01, 0x01, 0x01, 0x01, 0x01, 0x01, 0x01, 0x01, 0x01, 0x01, 0x01, 
	0x01, 0x01, 0x01, 0x01, 0x01, 0x01, 0x01, 0x01, 0x01, 0x01, 0x01, 0x01, 0x01, 0x01, 0x01, 0x01, 
	0x01, 0x01, 0x01, 0x01, 0x01, 0x01, 0x01, 0x01, 0x01, 0x01, 0x01, 0x01, 0x01, 0x01, 0x01, 0x01, 
	0x01, 0x01, 0x01, 0x01, 0x01, 0x01, 0x01, 0x01, 0x01, 0x01, 0x01, 0x01, 0x01, 0x01, 0x01, 0x01, 
	0x01, 0x01, 0x01, 0x01, 0x01, 0x01, 0x01, 0x01, 0x01, 0x01, 0x01, 0x01, 0x01, 0x01, 0x01, 0x01, 
	0x01, 0x01, 0x01, 0x01, 0x01, 0x01, 0x01, 0x01, 0x01, 0x01, 0x01, 0x01, 0x01, 0x01, 0x01, 0x01, 
	0x01, 0x01, 0x01, 0x01, 0x01, 0x01, 0x01, 0x01, 0x01, 0x01, 0x01, 0x01, 0x01, 0x01, 0x01, 0x01, 
	0x01, 0x01, 0x01, 0x01, 0x01, 0x01, 0x01, 0x01, 0x01, 0x01, 0x01, 0x01, 0x01, 0x01, 0x01, 0x01, 
	0x01, 0x01, 0x01, 0x01, 0x01, 0x01, 0x01, 0x01, 0x01, 0x01, 0x01, 0x01, 0x01, 0x01, 0x01, 0x01, 
	0x01, 0x01, 0x01, 0x01, 0x01, 0x01, 0x01, 0x01, 0x01, 0x01, 0x01, 0x01, 0x01, 0x01, 0x01, 0x01, 
	0x01, 0x01, 0x01, 0x01, 0x01, 0x01, 0x01, 0x01, 0x01, 0x01, 0x01, 0x01, 0x01, 0x01, 0x01, 0x01, 
	0x01, 0x01, 0x01, 0x01, 0x01, 0x01, 0x01, 0x01, 0x01, 0x01, 0x01, 0x01, 0x01, 0x01, 0x01, 0x01, 
	0x01, 0x01, 0x01, 0x01, 0x01, 0x01, 0x01, 0x01, 0x01, 0x01, 0x01, 0x01, 0x01, 0x01, 0x01, 0x01, 
	0x01, 0x01, 0x01, 0x01, 0x01, 0x01, 0x01, 0x01, 0x01, 0x01, 0x01, 0x01, 0x01, 0x01, 0x01, 0x01, 
	0x01, 0x01, 0x01, 0x01, 0x01, 0x01, 0x01, 0x01, 0x01, 0x01, 0x01, 0x01, 0x01, 0x01, 0x01, 0x01, 
	0x01, 0x01, 0x01, 0x01, 0x01, 0x01, 0x01, 0x01, 0x01, 0x01, 0x01, 0x01, 0x01, 0x01, 0x01, 0x01, 
	0x01, 0x01, 0x01, 0x01, 0x01, 0x01, 0x01, 0x01, 0x01, 0x01, 0x01, 0x01, 0x01, 0x01, 0x01, 0x01, 
	0x01, 0x01, 0x01, 0x01, 0x01, 0x01, 0x01, 0x01, 0x01, 0x01, 0x01, 0x01, 0x01, 0x01, 0x01, 0x01, 
	0x01, 0x01, 0x01, 0x01, 0x01, 0x01, 0x01, 0x01, 0x01, 0x01, 0x01, 0x01, 0x01, 0x01, 0x01, 0x01, 
	0x01, 0x01, 0x01, 0x01, 0x01, 0x01, 0x01, 0x01, 0x01, 0x01, 0x01, 0x01, 0x01, 0x01, 0x01, 0x01, 
	0x01, 0x01, 0x01, 0x01, 0x01, 0x01, 0x01, 0x01, 0x01, 0x01, 0x01, 0x01, 0x01, 0x01, 0x01, 0x01, 
	0x01, 0x01, 0x01, 0x01, 0x01, 0x01, 0x01, 0x01, 0x01, 0x01, 0x01, 0x01, 0x01, 0x01, 0x01, 0x01, 
	0x01, 0x01, 0x01, 0x01, 0x01, 0x01, 0x01, 0x01, 0x01, 0x01, 0x01, 0x01, 0x01, 0x01, 0x01, 0x01, 
	0x01, 0x01, 0x01, 0x01, 0x01, 0x01, 0x01, 0x01, 0x01, 0x01, 0x01, 0x01, 0x01, 0x01, 0x01, 0x01, 
	0x01, 0x01, 0x01, 0x01, 0x01, 0x01, 0x01, 0x01, 0x01, 0x01, 0x01, 0x01, 0x01, 0x01, 0x01, 0x01, 
	0x01, 0x01, 0x01, 0x01, 0x01, 0x01, 0x01, 0x01, 0x01, 0x01, 0x01, 0x01, 0x01, 0x01, 0x01, 0x01, 
	0x01, 0x01, 0x01, 0x01, 0x01, 0x01, 0x01, 0x01, 0x01, 0x01, 0x01, 0x01, 0x01, 0x01, 0x01, 0x01, 
	0x01, 0x01, 0x01, 0x01, 0x01, 0x01, 0x01, 0x01, 0x01, 0x01, 0x01, 0x01, 0x01, 0x01, 0x01, 0x01, 
	0x01, 0x01, 0x01, 0x01, 0x01, 0x01, 0x01, 0x01, 0x01, 0x01, 0x01, 0x01, 0x01, 0x01, 0x01, 0x01, 
	0x01, 0x01, 0x01, 0x01, 0x01, 0x01, 0x01, 0x01, 0x01, 0x01, 0x01, 0x01, 0x01, 0x01, 0x01, 0x01, 
	0x01, 0x01, 0x01, 0x01, 0x01, 0x01, 0x01, 0x01, 0x01, 0x01, 0x01, 0x01, 0x01, 0x01, 0x01, 0x01, 
	0x01, 0x01, 0x01, 0x01, 0x01, 0x01, 0x01, 0x01, 0x01, 0x01, 0x01, 0x01, 0x01, 0x01, 0x01, 0x01, 
	0x01, 0x01, 0x01, 0x01, 0x01, 0x01, 0x01, 0x01, 0x01, 0x01, 0x01, 0x01, 0x01, 0x01, 0x01, 0x01, 
	0x01, 0x01, 0x01, 0x01, 0x01, 0x01, 0x01, 0x01, 0x01, 0x01, 0x01, 0x01, 0x01, 0x01, 0x01, 0x01, 
	0x01, 0x01, 0x01, 0x01, 0x01, 0x01, 0x01, 0x01, 0x01, 0x01, 0x01, 0x01, 0x01, 0x01, 0x01, 0x01, 
	0x01, 0x01, 0x01, 0x01, 0x01, 0x01, 0x01, 0x01, 0x01, 0x01, 0x01, 0x01, 0x01, 0x01, 0x01, 0x01, 
	0x01, 0x01, 0x01, 0x01, 0x01, 0x01, 0x01, 0x01, 0x01, 0x01, 0x01, 0x01, 0x01, 0x01, 0x01, 0x01, 
	0x01, 0x01, 0x01, 0x01, 0x01, 0x01, 0x01, 0x01, 0x01, 0x01, 0x01, 0x01, 0x01, 0x01, 0x01, 0x01, 
	0x01, 0x01, 0x01, 0x01, 0x01, 0x01, 0x01, 0x01, 0x01, 0x01, 0x01, 0x01, 0x01, 0x01, 0x01, 0x01, 
	0x01, 0x01, 0x01, 0x01, 0x01, 0x01, 0x01, 0x01, 0x01, 0x01, 0x01, 0x01, 0x01, 0x01, 0x01, 0x01, 
	0x01, 0x01, 0x01, 0x01, 0x01, 0x01, 0x01, 0x01, 0x01, 0x01, 0x01, 0x01, 0x01, 0x01, 0x01, 0x01, 
	0x01, 0x01, 0x01, 0x01, 0x01, 0x01, 0x01, 0x01, 0x01, 0x01, 0x01, 0x01, 0x01, 0x01, 0x01, 0x01, 
	0x01, 0x01, 0x01, 0x01, 0x01, 0x01, 0x01, 0x01, 0x01, 0x01, 0x01, 0x01, 0x01, 0x01, 0x01, 0x01, 
	0x01, 0x01, 0x01, 0x01, 0x01, 0x01, 0x01, 0x01, 0x01, 0x01, 0x01, 0x01, 0x01, 0x01, 0x01, 0x01, 
	0x01, 0x01, 0x01, 0x01, 0x01, 0x01, 0x01, 0x01, 0x01, 0x01, 0x01, 0x01, 0x01, 0x01, 0x01, 0x01, 
	0x01, 0x01, 0x01, 0x01, 0x01, 0x01, 0x01, 0x01, 0x01, 0x01, 0x01, 0x01, 0x01, 0x01, 0x01, 0x01, 
	0x01, 0x01, 0x01, 0x01, 0x01, 0x01, 0x01, 0x01, 0x01, 0x01, 0x01, 0x01, 0x01, 0x01, 0x01, 0x01, 
	0x01, 0x01, 0x01, 0x01, 0x01, 0x01, 0x01, 0x01, 0x01, 0x01, 0x01, 0x01, 0x01, 0x01, 0x01, 0x01, 
	0x01, 0x01, 0x01, 0x01, 0x01, 0x01, 0x01, 0x01, 0x01, 0x01, 0x01, 0x01, 0x01, 0x01, 0x01, 0x01, 
	0x01, 0x01, 0x01, 0x01, 0x01, 0x01, 0x01, 0x01, 0x01, 0x01, 0x01, 0x01, 0x01, 0x01, 0x01, 0x01, 
	0x01, 0x01, 0x01, 0x01, 0x01, 0x01, 0x01, 0x01, 0x01, 0x01, 0x01, 0x01, 0x01, 0x01, 0x01, 0x01, 
	0x01, 0x01, 0x01, 0x01, 0x01, 0x01, 0x01, 0x01, 0x01, 0x01, 0x01, 0x01, 0x01, 0x01, 0x01, 0x01, 
	0x01, 0x01, 0x01, 0x01, 0x01, 0x01, 0x01, 0x01, 0x01, 0x01, 0x01, 0x01, 0x01, 0x01, 0x01, 0x01, 
	0x01, 0x01, 0x01, 0x01, 0x01, 0x01, 0x01, 0x01, 0x01, 0x01, 0x01, 0x01, 0x01, 0x01, 0x01, 0x01, 
	0x01, 0x01, 0x01, 0x01, 0x01, 0x01, 0x01, 0x01, 0x01, 0x01, 0x01, 0x01, 0x00, 0x00, 0x00, 0x00, 
	0x01, 0x00, 0x00, 0x04, 0x01, 0x00, 0x00, 0x00, 0x6b, 0x67, 0x62, 0x5d, 0x59, 0x55, 0x52, 0x4f, 
	0x4d, 0x4b, 0x4a, 0x49, 0x48, 0x47, 0x47, 0x47, 0x47, 0x47, 0x48, 0x49, 0x4a, 0x4c, 0x4e, 0x50, 
	0x53, 0x57, 0x5a, 0x5f, 0x64, 0x6d, 0x78, 0x83, 0x69, 0x65, 0x60, 0x5c, 0x58, 0x54, 0x51, 0x4e, 
	0x4c, 0x4a, 0x49, 0x48, 0x47, 0x46, 0x46, 0x46, 0x46, 0x46, 0x47, 0x48, 0x49, 0x4b, 0x4d, 0x4f, 
	0x52, 0x55, 0x59, 0x5d, 0x63, 0x6b, 0x76, 0x80, 0x67, 0x63, 0x5e, 0x5a, 0x56, 0x53, 0x4f, 0x4d, 
	0x4b, 0x49, 0x48, 0x46, 0x46, 0x45, 0x45, 0x45, 0x45, 0x45, 0x46, 0x47, 0x48, 0x4a, 0x4c, 0x4e, 
	0x51, 0x54, 0x57, 0x5c, 0x61, 0x68, 0x72, 0x7b, 0x65, 0x61, 0x5d, 0x58, 0x54, 0x51, 0x4e, 0x4b, 
	0x49, 0x48, 0x46, 0x45, 0x44, 0x44, 0x44, 0x43, 0x44, 0x44, 0x45, 0x46, 0x47, 0x48, 0x4a, 0x4d, 
	0x4f, 0x52, 0x56, 0x5a, 0x5f, 0x65, 0x6e, 0x77, 0x63, 0x60, 0x5b, 0x57, 0x53, 0x50, 0x4d, 0x4a, 
	0x48, 0x47, 0x45, 0x44, 0x43, 0x43, 0x43, 0x43, 0x43, 0x43, 0x44, 0x45, 0x46, 0x47, 0x49, 0x4b, 
	0x4e, 0x51, 0x55, 0x58, 0x5d, 0x63, 0x6c, 0x73, 0x62, 0x5f, 0x5a, 0x56, 0x52, 0x4f, 0x4c, 0x49, 
	0x47, 0x46, 0x45, 0x44, 0x43, 0x42, 0x42, 0x42, 0x42, 0x42, 0x43, 0x44, 0x45, 0x46, 0x48, 0x4b, 
	0x4d, 0x50, 0x54, 0x57, 0x5c, 0x62, 0x69, 0x70, 0x61, 0x5e, 0x5a, 0x55, 0x51, 0x4e, 0x4b, 0x49, 
	0x47, 0x46, 0x44, 0x43, 0x43, 0x42, 0x42, 0x42, 0x42, 0x42, 0x43, 0x44, 0x45, 0x46, 0x48, 0x4a, 
	0x4d, 0x50, 0x53, 0x57, 0x5b, 0x61, 0x68, 0x6e, 0x61, 0x5e, 0x59, 0x55, 0x51, 0x4e, 0x4b, 0x49, 
	0x47, 0x45, 0x44, 0x43, 0x43, 0x42, 0x42, 0x42, 0x42, 0x42, 0x43, 0x44, 0x45, 0x46, 0x48, 0x4a, 
	0x4c, 0x4f, 0x53, 0x57, 0x5b, 0x60, 0x67, 0x6d, 0x61, 0x5e, 0x59, 0x55, 0x51, 0x4e, 0x4b, 0x49, 
	0x47, 0x45, 0x44, 0x43, 0x43, 0x42, 0x42, 0x42, 0x42, 0x42, 0x43, 0x44, 0x45, 0x46, 0x48, 0x4a, 
	0x4c, 0x4f, 0x53, 0x56, 0x5b, 0x60, 0x67, 0x6c, 0x61, 0x5e, 0x59, 0x55, 0x51, 0x4e, 0x4b, 0x49, 
	0x47, 0x45, 0x44, 0x43, 0x43, 0x42, 0x42, 0x42, 0x42, 0x42, 0x43, 0x44, 0x45, 0x46, 0x48, 0x4a, 
	0x4c, 0x4f, 0x53, 0x56, 0x5b, 0x60, 0x66, 0x6c, 0x61, 0x5d, 0x59, 0x55, 0x51, 0x4e, 0x4b, 0x49, 
	0x47, 0x45, 0x44, 0x43, 0x43, 0x42, 0x42, 0x41, 0x42, 0x42, 0x43, 0x43, 0x45, 0x46, 0x47, 0x4a, 
	0x4c, 0x4f, 0x52, 0x56, 0x5a, 0x60, 0x66, 0x6b, 0x60, 0x5d, 0x58, 0x54, 0x51, 0x4d, 0x4b, 0x48, 
	0x46, 0x45, 0x44, 0x43, 0x42, 0x42, 0x41, 0x41, 0x41, 0x42, 0x42, 0x43, 0x44, 0x46, 0x47, 0x49, 
	0x4c, 0x4f, 0x52, 0x56, 0x5a, 0x5f, 0x65, 0x6a, 0x5f, 0x5c, 0x58, 0x54, 0x50, 0x4d, 0x4a, 0x48, 
	0x46, 0x45, 0x43, 0x42, 0x42, 0x41, 0x41, 0x41, 0x41, 0x41, 0x42, 0x43, 0x44, 0x45, 0x47, 0x49, 
	0x4b, 0x4e, 0x51, 0x55, 0x59, 0x5f, 0x65, 0x69, 0x5f, 0x5b, 0x57, 0x53, 0x4f, 0x4c, 0x4a, 0x47, 
	0x46, 0x44, 0x43, 0x42, 0x41, 0x41, 0x40, 0x40, 0x40, 0x41, 0x41, 0x42, 0x43, 0x45, 0x46, 0x48, 
	0x4b, 0x4e, 0x51, 0x55, 0x59, 0x5e, 0x64, 0x69, 0x5e, 0x5b, 0x57, 0x53, 0x4f, 0x4c, 0x49, 0x47, 
	0x45, 0x44, 0x43, 0x42, 0x41, 0x41, 0x40, 0x40, 0x40, 0x41, 0x41, 0x42, 0x43, 0x44, 0x46, 0x48, 
	0x4a, 0x4d, 0x50, 0x54, 0x58, 0x5d, 0x63, 0x68, 0x5e, 0x5b, 0x57, 0x52, 0x4f, 0x4c, 0x49, 0x47, 
	0x45, 0x44, 0x43, 0x42, 0x41, 0x40, 0x40, 0x40, 0x40, 0x40, 0x41, 0x42, 0x43, 0x44, 0x46, 0x48, 
	0x4a, 0x4d, 0x50, 0x54, 0x58, 0x5d, 0x63, 0x68, 0x5e, 0x5b, 0x57, 0x53, 0x4f, 0x4c, 0x49, 0x47, 
	0x45, 0x44, 0x43, 0x42, 0x41, 0x41, 0x40, 0x40, 0x40, 0x41, 0x41, 0x42, 0x43, 0x44, 0x46, 0x48, 
	0x4a, 0x4d, 0x51, 0x54, 0x59, 0x5e, 0x64, 0x68, 0x5f, 0x5c, 0x57, 0x53, 0x50, 0x4d, 0x4a, 0x48, 
	0x46, 0x44, 0x43, 0x42, 0x42, 0x41, 0x41, 0x41, 0x41, 0x41, 0x42, 0x43, 0x44, 0x45, 0x47, 0x49, 
	0x4b, 0x4e, 0x51, 0x55, 0x5a, 0x5f, 0x65, 0x69, 0x60, 0x5d, 0x58, 0x54, 0x51, 0x4e, 0x4b, 0x49, 
	0x47, 0x45, 0x44, 0x43, 0x42, 0x42, 0x42, 0x41, 0x41, 0x42, 0x42, 0x43, 0x44, 0x46, 0x47, 0x49, 
	0x4c, 0x4f, 0x52, 0x56, 0x5b, 0x60, 0x66, 0x6b, 0x62, 0x5e, 0x5a, 0x55, 0x52, 0x4f, 0x4c, 0x49, 
	0x48, 0x46, 0x45, 0x44, 0x43, 0x43, 0x42, 0x42, 0x42, 0x43, 0x43, 0x44, 0x45, 0x47, 0x48, 0x4a, 
	0x4d, 0x50, 0x53, 0x57, 0x5c, 0x61, 0x67, 0x6c, 0x63, 0x60, 0x5b, 0x56, 0x53, 0x4f, 0x4d, 0x4a, 
	0x48, 0x47, 0x46, 0x45, 0x44, 0x43, 0x43, 0x43, 0x43, 0x43, 0x44, 0x45, 0x46, 0x47, 0x49, 0x4b, 
	0x4e, 0x51, 0x54, 0x58, 0x5d, 0x62, 0x68, 0x6e, 0x64, 0x61, 0x5c, 0x57, 0x54, 0x50, 0x4d, 0x4b, 
	0x49, 0x47, 0x46, 0x45, 0x44, 0x44, 0x44, 0x43, 0x44, 0x44, 0x45, 0x45, 0x47, 0x48, 0x4a, 0x4c, 
	0x4f, 0x52, 0x55, 0x59, 0x5e, 0x63, 0x6a, 0x6f, 0x65, 0x61, 0x5c, 0x58, 0x54, 0x51, 0x4e, 0x4c, 
	0x49, 0x48, 0x47, 0x46, 0x45, 0x44, 0x44, 0x44, 0x44, 0x44, 0x45, 0x46, 0x47, 0x49, 0x4b, 0x4d, 
	0x4f, 0x52, 0x56, 0x5a, 0x5f, 0x64, 0x6b, 0x71, 0x65, 0x62, 0x5d, 0x58, 0x55, 0x51, 0x4e, 0x4c, 
	0x4a, 0x48, 0x47, 0x46, 0x45, 0x45, 0x44, 0x44, 0x44, 0x45, 0x45, 0x46, 0x48, 0x49, 0x4b, 0x4d, 
	0x50, 0x53, 0x57, 0x5b, 0x5f, 0x65, 0x6c, 0x73, 0x66, 0x62, 0x5d, 0x59, 0x55, 0x52, 0x4f, 0x4c, 
	0x4a, 0x49, 0x47, 0x46, 0x46, 0x45, 0x45, 0x44, 0x45, 0x45, 0x46, 0x47, 0x48, 0x4a, 0x4c, 0x4e, 
	0x51, 0x54, 0x57, 0x5b, 0x60, 0x66, 0x6e, 0x74, 0x67, 0x63, 0x5e, 0x5a, 0x56, 0x53, 0x50, 0x4d, 
	0x4b, 0x49, 0x48, 0x47, 0x46, 0x45, 0x45, 0x45, 0x45, 0x46, 0x46, 0x47, 0x49, 0x4a, 0x4c, 0x4f, 
	0x51, 0x55, 0x58, 0x5c, 0x61, 0x67, 0x70, 0x77, 0x69, 0x65, 0x60, 0x5b, 0x57, 0x54, 0x51, 0x4e, 
	0x4c, 0x4a, 0x49, 0x48, 0x47, 0x46, 0x46, 0x46, 0x46, 0x46, 0x47, 0x48, 0x4a, 0x4b, 0x4d, 0x50, 
	0x52, 0x56, 0x59, 0x5e, 0x63, 0x69, 0x72, 0x7b, 0x6c, 0x67, 0x62, 0x5d, 0x59, 0x55, 0x52, 0x50, 
	0x4d, 0x4c, 0x4a, 0x49, 0x48, 0x48, 0x47, 0x47, 0x47, 0x48, 0x49, 0x4a, 0x4b, 0x4d, 0x4f, 0x51, 
	0x54, 0x57, 0x5b, 0x5f, 0x65, 0x6c, 0x76, 0x80, 0x6f, 0x6a, 0x64, 0x5f, 0x5b, 0x57, 0x54, 0x52, 
	0x4f, 0x4d, 0x4c, 0x4b, 0x4a, 0x49, 0x49, 0x49, 0x49, 0x49, 0x4a, 0x4b, 0x4d, 0x4f, 0x51, 0x53, 
	0x56, 0x5a, 0x5d, 0x62, 0x68, 0x70, 0x7c, 0x86, 0x74, 0x6e, 0x67, 0x62, 0x5e, 0x5a, 0x57, 0x54, 
	0x51, 0x4f, 0x4e, 0x4d, 0x4c, 0x4b, 0x4b, 0x4b, 0x4b, 0x4b, 0x4c, 0x4d, 0x4f, 0x51, 0x53, 0x56, 
	0x59, 0x5c, 0x60, 0x65, 0x6b, 0x74, 0x82, 0x8f, 0x79, 0x72, 0x6b, 0x65, 0x60, 0x5c, 0x59, 0x56, 
	0x54, 0x52, 0x50, 0x4f, 0x4e, 0x4d, 0x4d, 0x4d, 0x4d, 0x4e, 0x4e, 0x50, 0x51, 0x53, 0x55, 0x58, 
	0x5b, 0x5e, 0x63, 0x68, 0x6f, 0x79, 0x89, 0x99, 0x7d, 0x76, 0x6d, 0x67, 0x62, 0x5e, 0x5b, 0x58, 
	0x55, 0x53, 0x51, 0x50, 0x4f, 0x4e, 0x4e, 0x4e, 0x4e, 0x4f, 0x50, 0x51, 0x53, 0x55, 0x57, 0x5a, 
	0x5d, 0x60, 0x64, 0x6a, 0x71, 0x7d, 0x8f, 0xa1, 0x00, 0x00, 0x00, 0x00, 0x01, 0x00, 0x00, 0x04, 
	0x01, 0x00, 0x00, 0x00, 0x6b, 0x67, 0x62, 0x5d, 0x59, 0x55, 0x52, 0x4f, 0x4d, 0x4b, 0x4a, 0x49, 
	0x48, 0x47, 0x47, 0x47, 0x47, 0x47, 0x48, 0x49, 0x4a, 0x4c, 0x4e, 0x50, 0x53, 0x57, 0x5a, 0x5f, 
	0x64, 0x6d, 0x78, 0x83, 0x69, 0x65, 0x60, 0x5c, 0x58, 0x54, 0x51, 0x4e, 0x4c, 0x4a, 0x49, 0x48, 
	0x47, 0x46, 0x46, 0x46, 0x46, 0x46, 0x47, 0x48, 0x49, 0x4b, 0x4d, 0x4f, 0x52, 0x55, 0x59, 0x5d, 
	0x63, 0x6b, 0x76, 0x80, 0x67, 0x63, 0x5e, 0x5a, 0x56, 0x53, 0x4f, 0x4d, 0x4b, 0x49, 0x48, 0x46, 
	0x46, 0x45, 0x45, 0x45, 0x45, 0x45, 0x46, 0x47, 0x48, 0x4a, 0x4c, 0x4e, 0x51, 0x54, 0x57, 0x5c, 
	0x61, 0x68, 0x72, 0x7b, 0x65, 0x61, 0x5d, 0x58, 0x54, 0x51, 0x4e, 0x4b, 0x49, 0x48, 0x46, 0x45, 
	0x44, 0x44, 0x44, 0x43, 0x44, 0x44, 0x45, 0x46, 0x47, 0x48, 0x4a, 0x4d, 0x4f, 0x52, 0x56, 0x5a, 
	0x5f, 0x65, 0x6e, 0x77, 0x63, 0x60, 0x5b, 0x57, 0x53, 0x50, 0x4d, 0x4a, 0x48, 0x47, 0x45, 0x44, 
	0x43, 0x43, 0x43, 0x43, 0x43, 0x43, 0x44, 0x45, 0x46, 0x47, 0x49, 0x4b, 0x4e, 0x51, 0x55, 0x58, 
	0x5d, 0x63, 0x6c, 0x73, 0x62, 0x5f, 0x5a, 0x56, 0x52, 0x4f, 0x4c, 0x49, 0x47, 0x46, 0x45, 0x44, 
	0x43, 0x42, 0x42, 0x42, 0x42, 0x42, 0x43, 0x44, 0x45, 0x46, 0x48, 0x4b, 0x4d, 0x50, 0x54, 0x57, 
	0x5c, 0x62, 0x69, 0x70, 0x61, 0x5e, 0x5a, 0x55, 0x51, 0x4e, 0x4b, 0x49, 0x47, 0x46, 0x44, 0x43, 
	0x43, 0x42, 0x42, 0x42, 0x42, 0x42, 0x43, 0x44, 0x45, 0x46, 0x48, 0x4a, 0x4d, 0x50, 0x53, 0x57, 
	0x5b, 0x61, 0x68, 0x6e, 0x61, 0x5e, 0x59, 0x55, 0x51, 0x4e, 0x4b, 0x49, 0x47, 0x45, 0x44, 0x43, 
	0x43, 0x42, 0x42, 0x42, 0x42, 0x42, 0x43, 0x44, 0x45, 0x46, 0x48, 0x4a, 0x4c, 0x4f, 0x53, 0x57, 
	0x5b, 0x60, 0x67, 0x6d, 0x61, 0x5e, 0x59, 0x55, 0x51, 0x4e, 0x4b, 0x49, 0x47, 0x45, 0x44, 0x43, 
	0x43, 0x42, 0x42, 0x42, 0x42, 0x42, 0x43, 0x44, 0x45, 0x46, 0x48, 0x4a, 0x4c, 0x4f, 0x53, 0x56, 
	0x5b, 0x60, 0x67, 0x6c, 0x61, 0x5e, 0x59, 0x55, 0x51, 0x4e, 0x4b, 0x49, 0x47, 0x45, 0x44, 0x43, 
	0x43, 0x42, 0x42, 0x42, 0x42, 0x42, 0x43, 0x44, 0x45, 0x46, 0x48, 0x4a, 0x4c, 0x4f, 0x53, 0x56, 
	0x5b, 0x60, 0x66, 0x6c, 0x61, 0x5d, 0x59, 0x55, 0x51, 0x4e, 0x4b, 0x49, 0x47, 0x45, 0x44, 0x43, 
	0x43, 0x42, 0x42, 0x41, 0x42, 0x42, 0x43, 0x43, 0x45, 0x46, 0x47, 0x4a, 0x4c, 0x4f, 0x52, 0x56, 
	0x5a, 0x60, 0x66, 0x6b, 0x60, 0x5d, 0x58, 0x54, 0x51, 0x4d, 0x4b, 0x48, 0x46, 0x45, 0x44, 0x43, 
	0x42, 0x42, 0x41, 0x41, 0x41, 0x42, 0x42, 0x43, 0x44, 0x46, 0x47, 0x49, 0x4c, 0x4f, 0x52, 0x56, 
	0x5a, 0x5f, 0x65, 0x6a, 0x5f, 0x5c, 0x58, 0x54, 0x50, 0x4d, 0x4a, 0x48, 0x46, 0x45, 0x43, 0x42, 
	0x42, 0x41, 0x41, 0x41, 0x41, 0x41, 0x42, 0x43, 0x44, 0x45, 0x47, 0x49, 0x4b, 0x4e, 0x51, 0x55, 
	0x59, 0x5f, 0x65, 0x69, 0x5f, 0x5b, 0x57, 0x53, 0x4f, 0x4c, 0x4a, 0x47, 0x46, 0x44, 0x43, 0x42, 
	0x41, 0x41, 0x40, 0x40, 0x40, 0x41, 0x41, 0x42, 0x43, 0x45, 0x46, 0x48, 0x4b, 0x4e, 0x51, 0x55, 
	0x59, 0x5e, 0x64, 0x69, 0x5e, 0x5b, 0x57, 0x53, 0x4f, 0x4c, 0x49, 0x47, 0x45, 0x44, 0x43, 0x42, 
	0x41, 0x41, 0x40, 0x40, 0x40, 0x41, 0x41, 0x42, 0x43, 0x44, 0x46, 0x48, 0x4a, 0x4d, 0x50, 0x54, 
	0x58, 0x5d, 0x63, 0x68, 0x5e, 0x5b, 0x57, 0x52, 0x4f, 0x4c, 0x49, 0x47, 0x45, 0x44, 0x43, 0x42, 
	0x41, 0x40, 0x40, 0x40, 0x40, 0x40, 0x41, 0x42, 0x43, 0x44, 0x46, 0x48, 0x4a, 0x4d, 0x50, 0x54, 
	0x58, 0x5d, 0x63, 0x68, 0x5e, 0x5b, 0x57, 0x53, 0x4f, 0x4c, 0x49, 0x47, 0x45, 0x44, 0x43, 0x42, 
	0x41, 0x41, 0x40, 0x40, 0x40, 0x41, 0x41, 0x42, 0x43, 0x44, 0x46, 0x48, 0x4a, 0x4d, 0x51, 0x54, 
	0x59, 0x5e, 0x64, 0x68, 0x5f, 0x5c, 0x57, 0x53, 0x50, 0x4d, 0x4a, 0x48, 0x46, 0x44, 0x43, 0x42, 
	0x42, 0x41, 0x41, 0x41, 0x41, 0x41, 0x42, 0x43, 0x44, 0x45, 0x47, 0x49, 0x4b, 0x4e, 0x51, 0x55, 
	0x5a, 0x5f, 0x65, 0x69, 0x60, 0x5d, 0x58, 0x54, 0x51, 0x4e, 0x4b, 0x49, 0x47, 0x45, 0x44, 0x43, 
	0x42, 0x42, 0x42, 0x41, 0x41, 0x42, 0x42, 0x43, 0x44, 0x46, 0x47, 0x49, 0x4c, 0x4f, 0x52, 0x56, 
	0x5b, 0x60, 0x66, 0x6b, 0x62, 0x5e, 0x5a, 0x55, 0x52, 0x4f, 0x4c, 0x49, 0x48, 0x46, 0x45, 0x44, 
	0x43, 0x43, 0x42, 0x42, 0x42, 0x43, 0x43, 0x44, 0x45, 0x47, 0x48, 0x4a, 0x4d, 0x50, 0x53, 0x57, 
	0x5c, 0x61, 0x67, 0x6c, 0x63, 0x60, 0x5b, 0x56, 0x53, 0x4f, 0x4d, 0x4a, 0x48, 0x47, 0x46, 0x45, 
	0x44, 0x43, 0x43, 0x43, 0x43, 0x43, 0x44, 0x45, 0x46, 0x47, 0x49, 0x4b, 0x4e, 0x51, 0x54, 0x58, 
	0x5d, 0x62, 0x68, 0x6e, 0x64, 0x61, 0x5c, 0x57, 0x54, 0x50, 0x4d, 0x4b, 0x49, 0x47, 0x46, 0x45, 
	0x44, 0x44, 0x44, 0x43, 0x44, 0x44, 0x45, 0x45, 0x47, 0x48, 0x4a, 0x4c, 0x4f, 0x52, 0x55, 0x59, 
	0x5e, 0x63, 0x6a, 0x6f, 0x65, 0x61, 0x5c, 0x58, 0x54, 0x51, 0x4e, 0x4c, 0x49, 0x48, 0x47, 0x46, 
	0x45, 0x44, 0x44, 0x44, 0x44, 0x44, 0x45, 0x46, 0x47, 0x49, 0x4b, 0x4d, 0x4f, 0x52, 0x56, 0x5a, 
	0x5f, 0x64, 0x6b, 0x71, 0x65, 0x62, 0x5d, 0x58, 0x55, 0x51, 0x4e, 0x4c, 0x4a, 0x48, 0x47, 0x46, 
	0x45, 0x45, 0x44, 0x44, 0x44, 0x45, 0x45, 0x46, 0x48, 0x49, 0x4b, 0x4d, 0x50, 0x53, 0x57, 0x5b, 
	0x5f, 0x65, 0x6c, 0x73, 0x66, 0x62, 0x5d, 0x59, 0x55, 0x52, 0x4f, 0x4c, 0x4a, 0x49, 0x47, 0x46, 
	0x46, 0x45, 0x45, 0x44, 0x45, 0x45, 0x46, 0x47, 0x48, 0x4a, 0x4c, 0x4e, 0x51, 0x54, 0x57, 0x5b, 
	0x60, 0x66, 0x6e, 0x74, 0x67, 0x63, 0x5e, 0x5a, 0x56, 0x53, 0x50, 0x4d, 0x4b, 0x49, 0x48, 0x47, 
	0x46, 0x45, 0x45, 0x45, 0x45, 0x46, 0x46, 0x47, 0x49, 0x4a, 0x4c, 0x4f, 0x51, 0x55, 0x58, 0x5c, 
	0x61, 0x67, 0x70, 0x77, 0x69, 0x65, 0x60, 0x5b, 0x57, 0x54, 0x51, 0x4e, 0x4c, 0x4a, 0x49, 0x48, 
	0x47, 0x46, 0x46, 0x46, 0x46, 0x46, 0x47, 0x48, 0x4a, 0x4b, 0x4d, 0x50, 0x52, 0x56, 0x59, 0x5e, 
	0x63, 0x69, 0x72, 0x7b, 0x6c, 0x67, 0x62, 0x5d, 0x59, 0x55, 0x52, 0x50, 0x4d, 0x4c, 0x4a, 0x49, 
	0x48, 0x48, 0x47, 0x47, 0x47, 0x48, 0x49, 0x4a, 0x4b, 0x4d, 0x4f, 0x51, 0x54, 0x57, 0x5b, 0x5f, 
	0x65, 0x6c, 0x76, 0x80, 0x6f, 0x6a, 0x64, 0x5f, 0x5b, 0x57, 0x54, 0x52, 0x4f, 0x4d, 0x4c, 0x4b, 
	0x4a, 0x49, 0x49, 0x49, 0x49, 0x49, 0x4a, 0x4b, 0x4d, 0x4f, 0x51, 0x53, 0x56, 0x5a, 0x5d, 0x62, 
	0x68, 0x70, 0x7c, 0x86, 0x74, 0x6e, 0x67, 0x62, 0x5e, 0x5a, 0x57, 0x54, 0x51, 0x4f, 0x4e, 0x4d, 
	0x4c, 0x4b, 0x4b, 0x4b, 0x4b, 0x4b, 0x4c, 0x4d, 0x4f, 0x51, 0x53, 0x56, 0x59, 0x5c, 0x60, 0x65, 
	0x6b, 0x74, 0x82, 0x8f, 0x79, 0x72, 0x6b, 0x65, 0x60, 0x5c, 0x59, 0x56, 0x54, 0x52, 0x50, 0x4f, 
	0x4e, 0x4d, 0x4d, 0x4d, 0x4d, 0x4e, 0x4e, 0x50, 0x51, 0x53, 0x55, 0x58, 0x5b, 0x5e, 0x63, 0x68, 
	0x6f, 0x79, 0x89, 0x99, 0x7d, 0x76, 0x6d, 0x67, 0x62, 0x5e, 0x5b, 0x58, 0x55, 0x53, 0x51, 0x50, 
	0x4f, 0x4e, 0x4e, 0x4e, 0x4e, 0x4f, 0x50, 0x51, 0x53, 0x55, 0x57, 0x5a, 0x5d, 0x60, 0x64, 0x6a, 
	0x71, 0x7d, 0x8f, 0xa1, 0x00, 0x00, 0x00, 0x00, 0x01, 0x00, 0x00, 0x04, 0x01, 0x00, 0x00, 0x00, 
	0x01, 0x01, 0x01, 0x01, 0x01, 0x01, 0x01, 0x01, 0x01, 0x01, 0x01, 0x01, 0x01, 0x01, 0x01, 0x01, 
	0x01, 0x01, 0x01, 0x01, 0x01, 0x01, 0x01, 0x01, 0x01, 0x01, 0x01, 0x01, 0x01, 0x01, 0x01, 0x01, 
	0x01, 0x01, 0x01, 0x01, 0x01, 0x01, 0x01, 0x01, 0x01, 0x01, 0x01, 0x01, 0x01, 0x01, 0x01, 0x01, 
	0x01, 0x01, 0x01, 0x01, 0x01, 0x01, 0x01, 0x01, 0x01, 0x01, 0x01, 0x01, 0x01, 0x01, 0x01, 0x01, 
	0x01, 0x01, 0x01, 0x01, 0x01, 0x01, 0x01, 0x01, 0x01, 0x01, 0x01, 0x01, 0x01, 0x01, 0x01, 0x01, 
	0x01, 0x01, 0x01, 0x01, 0x01, 0x01, 0x01, 0x01, 0x01, 0x01, 0x01, 0x01, 0x01, 0x01, 0x01, 0x01, 
	0x01, 0x01, 0x01, 0x01, 0x01, 0x01, 0x01, 0x01, 0x01, 0x01, 0x01, 0x01, 0x01, 0x01, 0x01, 0x01, 
	0x01, 0x01, 0x01, 0x01, 0x01, 0x01, 0x01, 0x01, 0x01, 0x01, 0x01, 0x01, 0x01, 0x01, 0x01, 0x01, 
	0x01, 0x01, 0x01, 0x01, 0x01, 0x01, 0x01, 0x01, 0x01, 0x01, 0x01, 0x01, 0x01, 0x01, 0x01, 0x01, 
	0x01, 0x01, 0x01, 0x01, 0x01, 0x01, 0x01, 0x01, 0x01, 0x01, 0x01, 0x01, 0x01, 0x01, 0x01, 0x01, 
	0x01, 0x01, 0x01, 0x01, 0x01, 0x01, 0x01, 0x01, 0x01, 0x01, 0x01, 0x01, 0x01, 0x01, 0x01, 0x01, 
	0x01, 0x01, 0x01, 0x01, 0x01, 0x01, 0x01, 0x01, 0x01, 0x01, 0x01, 0x01, 0x01, 0x01, 0x01, 0x01, 
	0x01, 0x01, 0x01, 0x01, 0x01, 0x01, 0x01, 0x01, 0x01, 0x01, 0x01, 0x01, 0x01, 0x01, 0x01, 0x01, 
	0x01, 0x01, 0x01, 0x01, 0x01, 0x01, 0x01, 0x01, 0x01, 0x01, 0x01, 0x01, 0x01, 0x01, 0x01, 0x01, 
	0x01, 0x01, 0x01, 0x01, 0x01, 0x01, 0x01, 0x01, 0x01, 0x01, 0x01, 0x01, 0x01, 0x01, 0x01, 0x01, 
	0x01, 0x01, 0x01, 0x01, 0x01, 0x01, 0x01, 0x01, 0x01, 0x01, 0x01, 0x01, 0x01, 0x01, 0x01, 0x01, 
	0x01, 0x01, 0x01, 0x01, 0x01, 0x01, 0x01, 0x01, 0x01, 0x01, 0x01, 0x01, 0x01, 0x01, 0x01, 0x01, 
	0x01, 0x01, 0x01, 0x01, 0x01, 0x01, 0x01, 0x01, 0x01, 0x01, 0x01, 0x01, 0x01, 0x01, 0x01, 0x01, 
	0x01, 0x01, 0x01, 0x01, 0x01, 0x01, 0x01, 0x01, 0x01, 0x01, 0x01, 0x01, 0x01, 0x01, 0x01, 0x01, 
	0x01, 0x01, 0x01, 0x01, 0x01, 0x01, 0x01, 0x01, 0x01, 0x01, 0x01, 0x01, 0x01, 0x01, 0x01, 0x01, 
	0x01, 0x01, 0x01, 0x01, 0x01, 0x01, 0x01, 0x01, 0x01, 0x01, 0x01, 0x01, 0x01, 0x01, 0x01, 0x01, 
	0x01, 0x01, 0x01, 0x01, 0x01, 0x01, 0x01, 0x01, 0x01, 0x01, 0x01, 0x01, 0x01, 0x01, 0x01, 0x01, 
	0x01, 0x01, 0x01, 0x01, 0x01, 0x01, 0x01, 0x01, 0x01, 0x01, 0x01, 0x01, 0x01, 0x01, 0x01, 0x01, 
	0x01, 0x01, 0x01, 0x01, 0x01, 0x01, 0x01, 0x01, 0x01, 0x01, 0x01, 0x01, 0x01, 0x01, 0x01, 0x01, 
	0x01, 0x01, 0x01, 0x01, 0x01, 0x01, 0x01, 0x01, 0x01, 0x01, 0x01, 0x01, 0x01, 0x01, 0x01, 0x01, 
	0x01, 0x01, 0x01, 0x01, 0x01, 0x01, 0x01, 0x01, 0x01, 0x01, 0x01, 0x01, 0x01, 0x01, 0x01, 0x01, 
	0x01, 0x01, 0x01, 0x01, 0x01, 0x01, 0x01, 0x01, 0x01, 0x01, 0x01, 0x01, 0x01, 0x01, 0x01, 0x01, 
	0x01, 0x01, 0x01, 0x01, 0x01, 0x01, 0x01, 0x01, 0x01, 0x01, 0x01, 0x01, 0x01, 0x01, 0x01, 0x01, 
	0x01, 0x01, 0x01, 0x01, 0x01, 0x01, 0x01, 0x01, 0x01, 0x01, 0x01, 0x01, 0x01, 0x01, 0x01, 0x01, 
	0x01, 0x01, 0x01, 0x01, 0x01, 0x01, 0x01, 0x01, 0x01, 0x01, 0x01, 0x01, 0x01, 0x01, 0x01, 0x01, 
	0x01, 0x01, 0x01, 0x01, 0x01, 0x01, 0x01, 0x01, 0x01, 0x01, 0x01, 0x01, 0x01, 0x01, 0x01, 0x01, 
	0x01, 0x01, 0x01, 0x01, 0x01, 0x01, 0x01, 0x01, 0x01, 0x01, 0x01, 0x01, 0x01, 0x01, 0x01, 0x01, 
	0x01, 0x01, 0x01, 0x01, 0x01, 0x01, 0x01, 0x01, 0x01, 0x01, 0x01, 0x01, 0x01, 0x01, 0x01, 0x01, 
	0x01, 0x01, 0x01, 0x01, 0x01, 0x01, 0x01, 0x01, 0x01, 0x01, 0x01, 0x01, 0x01, 0x01, 0x01, 0x01, 
	0x01, 0x01, 0x01, 0x01, 0x01, 0x01, 0x01, 0x01, 0x01, 0x01, 0x01, 0x01, 0x01, 0x01, 0x01, 0x01, 
	0x01, 0x01, 0x01, 0x01, 0x01, 0x01, 0x01, 0x01, 0x01, 0x01, 0x01, 0x01, 0x01, 0x01, 0x01, 0x01, 
	0x01, 0x01, 0x01, 0x01, 0x01, 0x01, 0x01, 0x01, 0x01, 0x01, 0x01, 0x01, 0x01, 0x01, 0x01, 0x01, 
	0x01, 0x01, 0x01, 0x01, 0x01, 0x01, 0x01, 0x01, 0x01, 0x01, 0x01, 0x01, 0x01, 0x01, 0x01, 0x01, 
	0x01, 0x01, 0x01, 0x01, 0x01, 0x01, 0x01, 0x01, 0x01, 0x01, 0x01, 0x01, 0x01, 0x01, 0x01, 0x01, 
	0x01, 0x01, 0x01, 0x01, 0x01, 0x01, 0x01, 0x01, 0x01, 0x01, 0x01, 0x01, 0x01, 0x01, 0x01, 0x01, 
	0x01, 0x01, 0x01, 0x01, 0x01, 0x01, 0x01, 0x01, 0x01, 0x01, 0x01, 0x01, 0x01, 0x01, 0x01, 0x01, 
	0x01, 0x01, 0x01, 0x01, 0x01, 0x01, 0x01, 0x01, 0x01, 0x01, 0x01, 0x01, 0x01, 0x01, 0x01, 0x01, 
	0x01, 0x01, 0x01, 0x01, 0x01, 0x01, 0x01, 0x01, 0x01, 0x01, 0x01, 0x01, 0x01, 0x01, 0x01, 0x01, 
	0x01, 0x01, 0x01, 0x01, 0x01, 0x01, 0x01, 0x01, 0x01, 0x01, 0x01, 0x01, 0x01, 0x01, 0x01, 0x01, 
	0x01, 0x01, 0x01, 0x01, 0x01, 0x01, 0x01, 0x01, 0x01, 0x01, 0x01, 0x01, 0x01, 0x01, 0x01, 0x01, 
	0x01, 0x01, 0x01, 0x01, 0x01, 0x01, 0x01, 0x01, 0x01, 0x01, 0x01, 0x01, 0x01, 0x01, 0x01, 0x01, 
	0x01, 0x01, 0x01, 0x01, 0x01, 0x01, 0x01, 0x01, 0x01, 0x01, 0x01, 0x01, 0x01, 0x01, 0x01, 0x01, 
	0x01, 0x01, 0x01, 0x01, 0x01, 0x01, 0x01, 0x01, 0x01, 0x01, 0x01, 0x01, 0x01, 0x01, 0x01, 0x01, 
	0x01, 0x01, 0x01, 0x01, 0x01, 0x01, 0x01, 0x01, 0x01, 0x01, 0x01, 0x01, 0x01, 0x01, 0x01, 0x01, 
	0x01, 0x01, 0x01, 0x01, 0x01, 0x01, 0x01, 0x01, 0x01, 0x01, 0x01, 0x01, 0x01, 0x01, 0x01, 0x01, 
	0x01, 0x01, 0x01, 0x01, 0x01, 0x01, 0x01, 0x01, 0x01, 0x01, 0x01, 0x01, 0x01, 0x01, 0x01, 0x01, 
	0x01, 0x01, 0x01, 0x01, 0x01, 0x01, 0x01, 0x01, 0x01, 0x01, 0x01, 0x01, 0x01, 0x01, 0x01, 0x01, 
	0x01, 0x01, 0x01, 0x01, 0x01, 0x01, 0x01, 0x01, 0x01, 0x01, 0x01, 0x01, 0x01, 0x01, 0x01, 0x01, 
	0x01, 0x01, 0x01, 0x01, 0x01, 0x01, 0x01, 0x01, 0x01, 0x01, 0x01, 0x01, 0x01, 0x01, 0x01, 0x01, 
	0x01, 0x01, 0x01, 0x01, 0x01, 0x01, 0x01, 0x01, 0x01, 0x01, 0x01, 0x01, 0x01, 0x01, 0x01, 0x01, 
	0x01, 0x01, 0x01, 0x01, 0x01, 0x01, 0x01, 0x01, 0x01, 0x01, 0x01, 0x01, 0x01, 0x01, 0x01, 0x01, 
	0x01, 0x01, 0x01, 0x01, 0x01, 0x01, 0x01, 0x01, 0x01, 0x01, 0x01, 0x01, 0x01, 0x01, 0x01, 0x01, 
	0x01, 0x01, 0x01, 0x01, 0x01, 0x01, 0x01, 0x01, 0x01, 0x01, 0x01, 0x01, 0x01, 0x01, 0x01, 0x01, 
	0x01, 0x01, 0x01, 0x01, 0x01, 0x01, 0x01, 0x01, 0x01, 0x01, 0x01, 0x01, 0x01, 0x01, 0x01, 0x01, 
	0x01, 0x01, 0x01, 0x01, 0x01, 0x01, 0x01, 0x01, 0x01, 0x01, 0x01, 0x01, 0x01, 0x01, 0x01, 0x01, 
	0x01, 0x01, 0x01, 0x01, 0x01, 0x01, 0x01, 0x01, 0x01, 0x01, 0x01, 0x01, 0x01, 0x01, 0x01, 0x01, 
	0x01, 0x01, 0x01, 0x01, 0x01, 0x01, 0x01, 0x01, 0x01, 0x01, 0x01, 0x01, 0x01, 0x01, 0x01, 0x01, 
	0x01, 0x01, 0x01, 0x01, 0x01, 0x01, 0x01, 0x01, 0x01, 0x01, 0x01, 0x01, 0x01, 0x01, 0x01, 0x01, 
	0x01, 0x01, 0x01, 0x01, 0x01, 0x01, 0x01, 0x01, 0x01, 0x01, 0x01, 0x01, 0x01, 0x01, 0x01, 0x01, 
	0x00, 0x00, 0x00, 0x00, 0x01, 0x00, 0x00, 0x04, 0x01, 0x00, 0x00, 0x00, 0x01, 0x01, 0x01, 0x01, 
	0x01, 0x01, 0x01, 0x01, 0x01, 0x01, 0x01, 0x01, 0x01, 0x01, 0x01, 0x01, 0x01, 0x01, 0x01, 0x01, 
	0x01, 0x01, 0x01, 0x01, 0x01, 0x01, 0x01, 0x01, 0x01, 0x01, 0x01, 0x01, 0x01, 0x01, 0x01, 0x01, 
	0x01, 0x01, 0x01, 0x01, 0x01, 0x01, 0x01, 0x01, 0x01, 0x01, 0x01, 0x01, 0x01, 0x01, 0x01, 0x01, 
	0x01, 0x01, 0x01, 0x01, 0x01, 0x01, 0x01, 0x01, 0x01, 0x01, 0x01, 0x01, 0x01, 0x01, 0x01, 0x01, 
	0x01, 0x01, 0x01, 0x01, 0x01, 0x01, 0x01, 0x01, 0x01, 0x01, 0x01, 0x01, 0x01, 0x01, 0x01, 0x01, 
	0x01, 0x01, 0x01, 0x01, 0x01, 0x01, 0x01, 0x01, 0x01, 0x01, 0x01, 0x01, 0x01, 0x01, 0x01, 0x01, 
	0x01, 0x01, 0x01, 0x01, 0x01, 0x01, 0x01, 0x01, 0x01, 0x01, 0x01, 0x01, 0x01, 0x01, 0x01, 0x01, 
	0x01, 0x01, 0x01, 0x01, 0x01, 0x01, 0x01, 0x01, 0x01, 0x01, 0x01, 0x01, 0x01, 0x01, 0x01, 0x01, 
	0x01, 0x01, 0x01, 0x01, 0x01, 0x01, 0x01, 0x01, 0x01, 0x01, 0x01, 0x01, 0x01, 0x01, 0x01, 0x01, 
	0x01, 0x01, 0x01, 0x01, 0x01, 0x01, 0x01, 0x01, 0x01, 0x01, 0x01, 0x01, 0x01, 0x01, 0x01, 0x01, 
	0x01, 0x01, 0x01, 0x01, 0x01, 0x01, 0x01, 0x01, 0x01, 0x01, 0x01, 0x01, 0x01, 0x01, 0x01, 0x01, 
	0x01, 0x01, 0x01, 0x01, 0x01, 0x01, 0x01, 0x01, 0x01, 0x01, 0x01, 0x01, 0x01, 0x01, 0x01, 0x01, 
	0x01, 0x01, 0x01, 0x01, 0x01, 0x01, 0x01, 0x01, 0x01, 0x01, 0x01, 0x01, 0x01, 0x01, 0x01, 0x01, 
	0x01, 0x01, 0x01, 0x01, 0x01, 0x01, 0x01, 0x01, 0x01, 0x01, 0x01, 0x01, 0x01, 0x01, 0x01, 0x01, 
	0x01, 0x01, 0x01, 0x01, 0x01, 0x01, 0x01, 0x01, 0x01, 0x01, 0x01, 0x01, 0x01, 0x01, 0x01, 0x01, 
	0x01, 0x01, 0x01, 0x01, 0x01, 0x01, 0x01, 0x01, 0x01, 0x01, 0x01, 0x01, 0x01, 0x01, 0x01, 0x01, 
	0x01, 0x01, 0x01, 0x01, 0x01, 0x01, 0x01, 0x01, 0x01, 0x01, 0x01, 0x01, 0x01, 0x01, 0x01, 0x01, 
	0x01, 0x01, 0x01, 0x01, 0x01, 0x01, 0x01, 0x01, 0x01, 0x01, 0x01, 0x01, 0x01, 0x01, 0x01, 0x01, 
	0x01, 0x01, 0x01, 0x01, 0x01, 0x01, 0x01, 0x01, 0x01, 0x01, 0x01, 0x01, 0x01, 0x01, 0x01, 0x01, 
	0x01, 0x01, 0x01, 0x01, 0x01, 0x01, 0x01, 0x01, 0x01, 0x01, 0x01, 0x01, 0x01, 0x01, 0x01, 0x01, 
	0x01, 0x01, 0x01, 0x01, 0x01, 0x01, 0x01, 0x01, 0x01, 0x01, 0x01, 0x01, 0x01, 0x01, 0x01, 0x01, 
	0x01, 0x01, 0x01, 0x01, 0x01, 0x01, 0x01, 0x01, 0x01, 0x01, 0x01, 0x01, 0x01, 0x01, 0x01, 0x01, 
	0x01, 0x01, 0x01, 0x01, 0x01, 0x01, 0x01, 0x01, 0x01, 0x01, 0x01, 0x01, 0x01, 0x01, 0x01, 0x01, 
	0x01, 0x01, 0x01, 0x01, 0x01, 0x01, 0x01, 0x01, 0x01, 0x01, 0x01, 0x01, 0x01, 0x01, 0x01, 0x01, 
	0x01, 0x01, 0x01, 0x01, 0x01, 0x01, 0x01, 0x01, 0x01, 0x01, 0x01, 0x01, 0x01, 0x01, 0x01, 0x01, 
	0x01, 0x01, 0x01, 0x01, 0x01, 0x01, 0x01, 0x01, 0x01, 0x01, 0x01, 0x01, 0x01, 0x01, 0x01, 0x01, 
	0x01, 0x01, 0x01, 0x01, 0x01, 0x01, 0x01, 0x01, 0x01, 0x01, 0x01, 0x01, 0x01, 0x01, 0x01, 0x01, 
	0x01, 0x01, 0x01, 0x01, 0x01, 0x01, 0x01, 0x01, 0x01, 0x01, 0x01, 0x01, 0x01, 0x01, 0x01, 0x01, 
	0x01, 0x01, 0x01, 0x01, 0x01, 0x01, 0x01, 0x01, 0x01, 0x01, 0x01, 0x01, 0x01, 0x01, 0x01, 0x01, 
	0x01, 0x01, 0x01, 0x01, 0x01, 0x01, 0x01, 0x01, 0x01, 0x01, 0x01, 0x01, 0x01, 0x01, 0x01, 0x01, 
	0x01, 0x01, 0x01, 0x01, 0x01, 0x01, 0x01, 0x01, 0x01, 0x01, 0x01, 0x01, 0x01, 0x01, 0x01, 0x01, 
	0x01, 0x01, 0x01, 0x01, 0x01, 0x01, 0x01, 0x01, 0x01, 0x01, 0x01, 0x01, 0x01, 0x01, 0x01, 0x01, 
	0x01, 0x01, 0x01, 0x01, 0x01, 0x01, 0x01, 0x01, 0x01, 0x01, 0x01, 0x01, 0x01, 0x01, 0x01, 0x01, 
	0x01, 0x01, 0x01, 0x01, 0x01, 0x01, 0x01, 0x01, 0x01, 0x01, 0x01, 0x01, 0x01, 0x01, 0x01, 0x01, 
	0x01, 0x01, 0x01, 0x01, 0x01, 0x01, 0x01, 0x01, 0x01, 0x01, 0x01, 0x01, 0x01, 0x01, 0x01, 0x01, 
	0x01, 0x01, 0x01, 0x01, 0x01, 0x01, 0x01, 0x01, 0x01, 0x01, 0x01, 0x01, 0x01, 0x01, 0x01, 0x01, 
	0x01, 0x01, 0x01, 0x01, 0x01, 0x01, 0x01, 0x01, 0x01, 0x01, 0x01, 0x01, 0x01, 0x01, 0x01, 0x01, 
	0x01, 0x01, 0x01, 0x01, 0x01, 0x01, 0x01, 0x01, 0x01, 0x01, 0x01, 0x01, 0x01, 0x01, 0x01, 0x01, 
	0x01, 0x01, 0x01, 0x01, 0x01, 0x01, 0x01, 0x01, 0x01, 0x01, 0x01, 0x01, 0x01, 0x01, 0x01, 0x01, 
	0x01, 0x01, 0x01, 0x01, 0x01, 0x01, 0x01, 0x01, 0x01, 0x01, 0x01, 0x01, 0x01, 0x01, 0x01, 0x01, 
	0x01, 0x01, 0x01, 0x01, 0x01, 0x01, 0x01, 0x01, 0x01, 0x01, 0x01, 0x01, 0x01, 0x01, 0x01, 0x01, 
	0x01, 0x01, 0x01, 0x01, 0x01, 0x01, 0x01, 0x01, 0x01, 0x01, 0x01, 0x01, 0x01, 0x01, 0x01, 0x01, 
	0x01, 0x01, 0x01, 0x01, 0x01, 0x01, 0x01, 0x01, 0x01, 0x01, 0x01, 0x01, 0x01, 0x01, 0x01, 0x01, 
	0x01, 0x01, 0x01, 0x01, 0x01, 0x01, 0x01, 0x01, 0x01, 0x01, 0x01, 0x01, 0x01, 0x01, 0x01, 0x01, 
	0x01, 0x01, 0x01, 0x01, 0x01, 0x01, 0x01, 0x01, 0x01, 0x01, 0x01, 0x01, 0x01, 0x01, 0x01, 0x01, 
	0x01, 0x01, 0x01, 0x01, 0x01, 0x01, 0x01, 0x01, 0x01, 0x01, 0x01, 0x01, 0x01, 0x01, 0x01, 0x01, 
	0x01, 0x01, 0x01, 0x01, 0x01, 0x01, 0x01, 0x01, 0x01, 0x01, 0x01, 0x01, 0x01, 0x01, 0x01, 0x01, 
	0x01, 0x01, 0x01, 0x01, 0x01, 0x01, 0x01, 0x01, 0x01, 0x01, 0x01, 0x01, 0x01, 0x01, 0x01, 0x01, 
	0x01, 0x01, 0x01, 0x01, 0x01, 0x01, 0x01, 0x01, 0x01, 0x01, 0x01, 0x01, 0x01, 0x01, 0x01, 0x01, 
	0x01, 0x01, 0x01, 0x01, 0x01, 0x01, 0x01, 0x01, 0x01, 0x01, 0x01, 0x01, 0x01, 0x01, 0x01, 0x01, 
	0x01, 0x01, 0x01, 0x01, 0x01, 0x01, 0x01, 0x01, 0x01, 0x01, 0x01, 0x01, 0x01, 0x01, 0x01, 0x01, 
	0x01, 0x01, 0x01, 0x01, 0x01, 0x01, 0x01, 0x01, 0x01, 0x01, 0x01, 0x01, 0x01, 0x01, 0x01, 0x01, 
	0x01, 0x01, 0x01, 0x01, 0x01, 0x01, 0x01, 0x01, 0x01, 0x01, 0x01, 0x01, 0x01, 0x01, 0x01, 0x01, 
	0x01, 0x01, 0x01, 0x01, 0x01, 0x01, 0x01, 0x01, 0x01, 0x01, 0x01, 0x01, 0x01, 0x01, 0x01, 0x01, 
	0x01, 0x01, 0x01, 0x01, 0x01, 0x01, 0x01, 0x01, 0x01, 0x01, 0x01, 0x01, 0x01, 0x01, 0x01, 0x01, 
	0x01, 0x01, 0x01, 0x01, 0x01, 0x01, 0x01, 0x01, 0x01, 0x01, 0x01, 0x01, 0x01, 0x01, 0x01, 0x01, 
	0x01, 0x01, 0x01, 0x01, 0x01, 0x01, 0x01, 0x01, 0x01, 0x01, 0x01, 0x01, 0x01, 0x01, 0x01, 0x01, 
	0x01, 0x01, 0x01, 0x01, 0x01, 0x01, 0x01, 0x01, 0x01, 0x01, 0x01, 0x01, 0x01, 0x01, 0x01, 0x01, 
	0x01, 0x01, 0x01, 0x01, 0x01, 0x01, 0x01, 0x01, 0x01, 0x01, 0x01, 0x01, 0x01, 0x01, 0x01, 0x01, 
	0x01, 0x01, 0x01, 0x01, 0x01, 0x01, 0x01, 0x01, 0x01, 0x01, 0x01, 0x01, 0x01, 0x01, 0x01, 0x01, 
	0x01, 0x01, 0x01, 0x01, 0x01, 0x01, 0x01, 0x01, 0x01, 0x01, 0x01, 0x01, 0x01, 0x01, 0x01, 0x01, 
	0x01, 0x01, 0x01, 0x01, 0x01, 0x01, 0x01, 0x01, 0x01, 0x01, 0x01, 0x01, 0x01, 0x01, 0x01, 0x01, 
	0x01, 0x01, 0x01, 0x01, 0x01, 0x01, 0x01, 0x01, 0x01, 0x01, 0x01, 0x01, 0x01, 0x01, 0x01, 0x01, 
	0x01, 0x01, 0x01, 0x01, 0x01, 0x01, 0x01, 0x01, 0x01, 0x01, 0x01, 0x01, 0x00, 0x00, 0x00, 0x00, 
	0x01, 0x00, 0x00, 0x04, 0x01, 0x00, 0x00, 0x00, 0x64, 0x61, 0x5d, 0x59, 0x55, 0x52, 0x50, 0x4d, 
	0x4c, 0x4a, 0x49, 0x48, 0x47, 0x46, 0x46, 0x46, 0x46, 0x46, 0x47, 0x48, 0x49, 0x4b, 0x4d, 0x4f, 
	0x51, 0x54, 0x57, 0x5b, 0x60, 0x67, 0x72, 0x7c, 0x63, 0x60, 0x5c, 0x58, 0x54, 0x51, 0x4f, 0x4d, 
	0x4b, 0x49, 0x48, 0x47, 0x46, 0x46, 0x45, 0x45, 0x45, 0x46, 0x46, 0x47, 0x48, 0x4a, 0x4c, 0x4e, 
	0x50, 0x53, 0x56, 0x5a, 0x5f, 0x66, 0x6f, 0x78, 0x61, 0x5e, 0x5a, 0x56, 0x53, 0x50, 0x4d, 0x4b, 
	0x49, 0x48, 0x47, 0x46, 0x45, 0x44, 0x44, 0x44, 0x44, 0x45, 0x45, 0x46, 0x47, 0x49, 0x4a, 0x4d, 
	0x4f, 0x52, 0x55, 0x58, 0x5d, 0x63, 0x6c, 0x74, 0x5f, 0x5c, 0x58, 0x55, 0x51, 0x4f, 0x4c, 0x4a, 
	0x48, 0x47, 0x46, 0x45, 0x44, 0x43, 0x43, 0x43, 0x43, 0x44, 0x44, 0x45, 0x46, 0x47, 0x49, 0x4b, 
	0x4e, 0x50, 0x53, 0x57, 0x5b, 0x61, 0x69, 0x70, 0x5e, 0x5b, 0x57, 0x53, 0x50, 0x4d, 0x4b, 0x49, 
	0x47, 0x46, 0x45, 0x44, 0x43, 0x43, 0x42, 0x42, 0x42, 0x43, 0x43, 0x44, 0x45, 0x46, 0x48, 0x4a, 
	0x4c, 0x4f, 0x52, 0x55, 0x59, 0x5f, 0x66, 0x6c, 0x5d, 0x5a, 0x56, 0x53, 0x4f, 0x4d, 0x4a, 0x48, 
	0x46, 0x45, 0x44, 0x43, 0x43, 0x42, 0x42, 0x42, 0x42, 0x42, 0x43, 0x43, 0x44, 0x46, 0x47, 0x49, 
	0x4c, 0x4e, 0x51, 0x54, 0x58, 0x5d, 0x64, 0x6a, 0x5c, 0x5a, 0x56, 0x52, 0x4f, 0x4c, 0x4a, 0x48, 
	0x46, 0x45, 0x44, 0x43, 0x42, 0x42, 0x42, 0x42, 0x42, 0x42, 0x42, 0x43, 0x44, 0x45, 0x47, 0x49, 
	0x4b, 0x4e, 0x51, 0x54, 0x58, 0x5c, 0x63, 0x68, 0x5c, 0x59, 0x56, 0x52, 0x4f, 0x4c, 0x4a, 0x48, 
	0x46, 0x45, 0x44, 0x43, 0x42, 0x42, 0x42, 0x42, 0x42, 0x42, 0x43, 0x43, 0x44, 0x45, 0x47, 0x49, 
	0x4b, 0x4e, 0x51, 0x54, 0x58, 0x5c, 0x62, 0x67, 0x5c, 0x59, 0x56, 0x52, 0x4f, 0x4c, 0x4a, 0x48, 
	0x46, 0x45, 0x44, 0x43, 0x43, 0x42, 0x42, 0x42, 0x42, 0x42, 0x43, 0x43, 0x44, 0x45, 0x47, 0x49, 
	0x4b, 0x4e, 0x51, 0x54, 0x58, 0x5c, 0x62, 0x67, 0x5c, 0x59, 0x56, 0x52, 0x4f, 0x4c, 0x4a, 0x48, 
	0x46, 0x45, 0x44, 0x43, 0x43, 0x42, 0x42, 0x42, 0x42, 0x42, 0x43, 0x44, 0x44, 0x46, 0x47, 0x49, 
	0x4b, 0x4e, 0x51, 0x54, 0x58, 0x5c, 0x62, 0x66, 0x5c, 0x59, 0x56, 0x52, 0x4f, 0x4c, 0x4a, 0x48, 
	0x46, 0x45, 0x44, 0x43, 0x43, 0x42, 0x42, 0x42, 0x42, 0x42, 0x43, 0x44, 0x44, 0x46, 0x47, 0x49, 
	0x4b, 0x4e, 0x51, 0x54, 0x58, 0x5c, 0x61, 0x66, 0x5b, 0x59, 0x55, 0x52, 0x4f, 0x4c, 0x49, 0x47, 
	0x46, 0x45, 0x44, 0x43, 0x42, 0x42, 0x42, 0x41, 0x42, 0x42, 0x43, 0x43, 0x44, 0x45, 0x47, 0x48, 
	0x4b, 0x4d, 0x50, 0x53, 0x57, 0x5b, 0x61, 0x65, 0x5b, 0x58, 0x55, 0x51, 0x4e, 0x4b, 0x49, 0x47, 
	0x45, 0x44, 0x43, 0x43, 0x42, 0x41, 0x41, 0x41, 0x41, 0x42, 0x42, 0x43, 0x44, 0x45, 0x46, 0x48, 
	0x4a, 0x4d, 0x50, 0x53, 0x56, 0x5b, 0x60, 0x64, 0x5a, 0x57, 0x54, 0x50, 0x4d, 0x4b, 0x48, 0x46, 
	0x45, 0x44, 0x43, 0x42, 0x41, 0x41, 0x41, 0x41, 0x41, 0x41, 0x42, 0x42, 0x43, 0x44, 0x46, 0x47, 
	0x49, 0x4c, 0x4f, 0x52, 0x56, 0x5a, 0x5f, 0x63, 0x59, 0x57, 0x53, 0x50, 0x4d, 0x4a, 0x48, 0x46, 
	0x45, 0x43, 0x42, 0x42, 0x41, 0x41, 0x40, 0x40, 0x40, 0x41, 0x41, 0x42, 0x43, 0x44, 0x45, 0x47, 
	0x49, 0x4c, 0x4e, 0x52, 0x55, 0x5a, 0x5e, 0x62, 0x59, 0x57, 0x53, 0x50, 0x4d, 0x4a, 0x48, 0x46, 
	0x44, 0x43, 0x42, 0x42, 0x41, 0x41, 0x40, 0x40, 0x40, 0x40, 0x41, 0x42, 0x43, 0x44, 0x45, 0x47, 
	0x49, 0x4c, 0x4e, 0x52, 0x55, 0x5a, 0x5e, 0x62, 0x5a, 0x57, 0x54, 0x50, 0x4d, 0x4a, 0x48, 0x46, 
	0x45, 0x43, 0x42, 0x42, 0x41, 0x41, 0x40, 0x40, 0x40, 0x41, 0x41, 0x42, 0x43, 0x44, 0x45, 0x47, 
	0x49, 0x4c, 0x4f, 0x52, 0x56, 0x5a, 0x5f, 0x63, 0x5a, 0x58, 0x54, 0x51, 0x4e, 0x4b, 0x49, 0x47, 
	0x45, 0x44, 0x43, 0x42, 0x42, 0x41, 0x41, 0x41, 0x41, 0x41, 0x42, 0x42, 0x43, 0x44, 0x46, 0x48, 
	0x4a, 0x4c, 0x4f, 0x53, 0x56, 0x5b, 0x60, 0x64, 0x5b, 0x59, 0x55, 0x52, 0x4f, 0x4c, 0x49, 0x47, 
	0x46, 0x45, 0x44, 0x43, 0x42, 0x42, 0x42, 0x41, 0x41, 0x42, 0x42, 0x43, 0x44, 0x45, 0x47, 0x48, 
	0x4b, 0x4d, 0x50, 0x54, 0x57, 0x5c, 0x61, 0x65, 0x5d, 0x5a, 0x56, 0x53, 0x4f, 0x4d, 0x4a, 0x48, 
	0x47, 0x45, 0x44, 0x44, 0x43, 0x43, 0x42, 0x42, 0x42, 0x43, 0x43, 0x44, 0x45, 0x46, 0x47, 0x49, 
	0x4c, 0x4e, 0x51, 0x55, 0x58, 0x5d, 0x62, 0x66, 0x5e, 0x5b, 0x57, 0x53, 0x50, 0x4e, 0x4b, 0x49, 
	0x47, 0x46, 0x45, 0x44, 0x44, 0x43, 0x43, 0x43, 0x43, 0x43, 0x44, 0x44, 0x46, 0x47, 0x48, 0x4a, 
	0x4c, 0x4f, 0x52, 0x56, 0x59, 0x5e, 0x63, 0x68, 0x5f, 0x5c, 0x58, 0x54, 0x51, 0x4e, 0x4c, 0x4a, 
	0x48, 0x47, 0x46, 0x45, 0x44, 0x44, 0x43, 0x43, 0x43, 0x44, 0x44, 0x45, 0x46, 0x47, 0x49, 0x4b, 
	0x4d, 0x50, 0x53, 0x56, 0x5a, 0x5f, 0x64, 0x69, 0x5f, 0x5c, 0x58, 0x55, 0x52, 0x4f, 0x4c, 0x4a, 
	0x48, 0x47, 0x46, 0x45, 0x44, 0x44, 0x44, 0x44, 0x44, 0x44, 0x44, 0x45, 0x46, 0x48, 0x49, 0x4b, 
	0x4e, 0x50, 0x53, 0x57, 0x5b, 0x5f, 0x65, 0x6a, 0x5f, 0x5d, 0x59, 0x55, 0x52, 0x4f, 0x4d, 0x4a, 
	0x49, 0x47, 0x46, 0x45, 0x45, 0x44, 0x44, 0x44, 0x44, 0x44, 0x45, 0x45, 0x47, 0x48, 0x4a, 0x4c, 
	0x4e, 0x51, 0x54, 0x57, 0x5b, 0x60, 0x66, 0x6c, 0x60, 0x5d, 0x59, 0x55, 0x52, 0x4f, 0x4d, 0x4b, 
	0x49, 0x47, 0x46, 0x45, 0x45, 0x44, 0x44, 0x44, 0x44, 0x44, 0x45, 0x46, 0x47, 0x48, 0x4a, 0x4c, 
	0x4e, 0x51, 0x54, 0x58, 0x5b, 0x60, 0x67, 0x6d, 0x61, 0x5e, 0x5a, 0x56, 0x53, 0x50, 0x4d, 0x4b, 
	0x49, 0x48, 0x47, 0x46, 0x45, 0x45, 0x44, 0x44, 0x44, 0x45, 0x45, 0x46, 0x47, 0x49, 0x4a, 0x4c, 
	0x4f, 0x52, 0x55, 0x58, 0x5c, 0x62, 0x69, 0x6f, 0x62, 0x5f, 0x5b, 0x57, 0x54, 0x51, 0x4e, 0x4c, 
	0x4a, 0x49, 0x47, 0x46, 0x46, 0x45, 0x45, 0x45, 0x45, 0x45, 0x46, 0x47, 0x48, 0x4a, 0x4b, 0x4d, 
	0x50, 0x53, 0x56, 0x59, 0x5e, 0x63, 0x6b, 0x72, 0x65, 0x61, 0x5c, 0x58, 0x55, 0x52, 0x50, 0x4d, 
	0x4b, 0x4a, 0x48, 0x47, 0x47, 0x46, 0x46, 0x46, 0x46, 0x46, 0x47, 0x48, 0x49, 0x4b, 0x4d, 0x4f, 
	0x51, 0x54, 0x57, 0x5b, 0x5f, 0x66, 0x6f, 0x77, 0x68, 0x64, 0x5e, 0x5a, 0x57, 0x54, 0x51, 0x4f, 
	0x4d, 0x4b, 0x4a, 0x49, 0x48, 0x48, 0x47, 0x47, 0x47, 0x48, 0x48, 0x49, 0x4b, 0x4c, 0x4e, 0x50, 
	0x53, 0x56, 0x59, 0x5d, 0x62, 0x69, 0x73, 0x7d, 0x6c, 0x67, 0x61, 0x5d, 0x59, 0x56, 0x53, 0x51, 
	0x4f, 0x4d, 0x4c, 0x4b, 0x4a, 0x49, 0x49, 0x49, 0x49, 0x49, 0x4a, 0x4b, 0x4d, 0x4e, 0x50, 0x52, 
	0x55, 0x58, 0x5b, 0x5f, 0x65, 0x6d, 0x79, 0x85, 0x71, 0x6b, 0x64, 0x5f, 0x5b, 0x58, 0x55, 0x53, 
	0x51, 0x4f, 0x4e, 0x4c, 0x4c, 0x4b, 0x4b, 0x4b, 0x4b, 0x4b, 0x4c, 0x4d, 0x4f, 0x50, 0x52, 0x54, 
	0x57, 0x5a, 0x5d, 0x62, 0x68, 0x71, 0x80, 0x8e, 0x74, 0x6e, 0x66, 0x61, 0x5d, 0x59, 0x57, 0x54, 
	0x52, 0x50, 0x4f, 0x4e, 0x4d, 0x4c, 0x4c, 0x4c, 0x4c, 0x4c, 0x4d, 0x4e, 0x50, 0x52, 0x53, 0x56, 
	0x58, 0x5b, 0x5f, 0x64, 0x6a, 0x75, 0x85, 0x95, 0x00, 0x00, 0x00, 0x00, 0x01, 0x00, 0x00, 0x04, 
	0x01, 0x00, 0x00, 0x00, 0x64, 0x61, 0x5d, 0x59, 0x55, 0x52, 0x50, 0x4d, 0x4c, 0x4a, 0x49, 0x48, 
	0x47, 0x46, 0x46, 0x46, 0x46, 0x46, 0x47, 0x48, 0x49, 0x4b, 0x4d, 0x4f, 0x51, 0x54, 0x57, 0x5b, 
	0x60, 0x67, 0x72, 0x7c, 0x63, 0x60, 0x5c, 0x58, 0x54, 0x51, 0x4f, 0x4d, 0x4b, 0x49, 0x48, 0x47, 
	0x46, 0x46, 0x45, 0x45, 0x45, 0x46, 0x46, 0x47, 0x48, 0x4a, 0x4c, 0x4e, 0x50, 0x53, 0x56, 0x5a, 
	0x5f, 0x66, 0x6f, 0x78, 0x61, 0x5e, 0x5a, 0x56, 0x53, 0x50, 0x4d, 0x4b, 0x49, 0x48, 0x47, 0x46, 
	0x45, 0x44, 0x44, 0x44, 0x44, 0x45, 0x45, 0x46, 0x47, 0x49, 0x4a, 0x4d, 0x4f, 0x52, 0x55, 0x58, 
	0x5d, 0x63, 0x6c, 0x74, 0x5f, 0x5c, 0x58, 0x55, 0x51, 0x4f, 0x4c, 0x4a, 0x48, 0x47, 0x46, 0x45, 
	0x44, 0x43, 0x43, 0x43, 0x43, 0x44, 0x44, 0x45, 0x46, 0x47, 0x49, 0x4b, 0x4e, 0x50, 0x53, 0x57, 
	0x5b, 0x61, 0x69, 0x70, 0x5e, 0x5b, 0x57, 0x53, 0x50, 0x4d, 0x4b, 0x49, 0x47, 0x46, 0x45, 0x44, 
	0x43, 0x43, 0x42, 0x42, 0x42, 0x43, 0x43, 0x44, 0x45, 0x46, 0x48, 0x4a, 0x4c, 0x4f, 0x52, 0x55, 
	0x59, 0x5f, 0x66, 0x6c, 0x5d, 0x5a, 0x56, 0x53, 0x4f, 0x4d, 0x4a, 0x48, 0x46, 0x45, 0x44, 0x43, 
	0x43, 0x42, 0x42, 0x42, 0x42, 0x42, 0x43, 0x43, 0x44, 0x46, 0x47, 0x49, 0x4c, 0x4e, 0x51, 0x54, 
	0x58, 0x5d, 0x64, 0x6a, 0x5c, 0x5a, 0x56, 0x52, 0x4f, 0x4c, 0x4a, 0x48, 0x46, 0x45, 0x44, 0x43, 
	0x42, 0x42, 0x42, 0x42, 0x42, 0x42, 0x42, 0x43, 0x44, 0x45, 0x47, 0x49, 0x4b, 0x4e, 0x51, 0x54, 
	0x58, 0x5c, 0x63, 0x68, 0x5c, 0x59, 0x56, 0x52, 0x4f, 0x4c, 0x4a, 0x48, 0x46, 0x45, 0x44, 0x43, 
	0x42, 0x42, 0x42, 0x42, 0x42, 0x42, 0x43, 0x43, 0x44, 0x45, 0x47, 0x49, 0x4b, 0x4e, 0x51, 0x54, 
	0x58, 0x5c, 0x62, 0x67, 0x5c, 0x59, 0x56, 0x52, 0x4f, 0x4c, 0x4a, 0x48, 0x46, 0x45, 0x44, 0x43, 
	0x43, 0x42, 0x42, 0x42, 0x42, 0x42, 0x43, 0x43, 0x44, 0x45, 0x47, 0x49, 0x4b, 0x4e, 0x51, 0x54, 
	0x58, 0x5c, 0x62, 0x67, 0x5c, 0x59, 0x56, 0x52, 0x4f, 0x4c, 0x4a, 0x48, 0x46, 0x45, 0x44, 0x43, 
	0x43, 0x42, 0x42, 0x42, 0x42, 0x42, 0x43, 0x44, 0x44, 0x46, 0x47, 0x49, 0x4b, 0x4e, 0x51, 0x54, 
	0x58, 0x5c, 0x62, 0x66, 0x5c, 0x59, 0x56, 0x52, 0x4f, 0x4c, 0x4a, 0x48, 0x46, 0x45, 0x44, 0x43, 
	0x43, 0x42, 0x42, 0x42, 0x42, 0x42, 0x43, 0x44, 0x44, 0x46, 0x47, 0x49, 0x4b, 0x4e, 0x51, 0x54, 
	0x58, 0x5c, 0x61, 0x66, 0x5b, 0x59, 0x55, 0x52, 0x4f, 0x4c, 0x49, 0x47, 0x46, 0x45, 0x44, 0x43, 
	0x42, 0x42, 0x42, 0x41, 0x42, 0x42, 0x43, 0x43, 0x44, 0x45, 0x47, 0x48, 0x4b, 0x4d, 0x50, 0x53, 
	0x57, 0x5b, 0x61, 0x65, 0x5b, 0x58, 0x55, 0x51, 0x4e, 0x4b, 0x49, 0x47, 0x45, 0x44, 0x43, 0x43, 
	0x42, 0x41, 0x41, 0x41, 0x41, 0x42, 0x42, 0x43, 0x44, 0x45, 0x46, 0x48, 0x4a, 0x4d, 0x50, 0x53, 
	0x56, 0x5b, 0x60, 0x64, 0x5a, 0x57, 0x54, 0x50, 0x4d, 0x4b, 0x48, 0x46, 0x45, 0x44, 0x43, 0x42, 
	0x41, 0x41, 0x41, 0x41, 0x41, 0x41, 0x42, 0x42, 0x43, 0x44, 0x46, 0x47, 0x49, 0x4c, 0x4f, 0x52, 
	0x56, 0x5a, 0x5f, 0x63, 0x59, 0x57, 0x53, 0x50, 0x4d, 0x4a, 0x48, 0x46, 0x45, 0x43, 0x42, 0x42, 
	0x41, 0x41, 0x40, 0x40, 0x40, 0x41, 0x41, 0x42, 0x43, 0x44, 0x45, 0x47, 0x49, 0x4c, 0x4e, 0x52, 
	0x55, 0x5a, 0x5e, 0x62, 0x59, 0x57, 0x53, 0x50, 0x4d, 0x4a, 0x48, 0x46, 0x44, 0x43, 0x42, 0x42, 
	0x41, 0x41, 0x40, 0x40, 0x40, 0x40, 0x41, 0x42, 0x43, 0x44, 0x45, 0x47, 0x49, 0x4c, 0x4e, 0x52, 
	0x55, 0x5a, 0x5e, 0x62, 0x5a, 0x57, 0x54, 0x50, 0x4d, 0x4a, 0x48, 0x46, 0x45, 0x43, 0x42, 0x42, 
	0x41, 0x41, 0x40, 0x40, 0x40, 0x41, 0x41, 0x42, 0x43, 0x44, 0x45, 0x47, 0x49, 0x4c, 0x4f, 0x52, 
	0x56, 0x5a, 0x5f, 0x63, 0x5a, 0x58, 0x54, 0x51, 0x4e, 0x4b, 0x49, 0x47, 0x45, 0x44, 0x43, 0x42, 
	0x42, 0x41, 0x41, 0x41, 0x41, 0x41, 0x42, 0x42, 0x43, 0x44, 0x46, 0x48, 0x4a, 0x4c, 0x4f, 0x53, 
	0x56, 0x5b, 0x60, 0x64, 0x5b, 0x59, 0x55, 0x52, 0x4f, 0x4c, 0x49, 0x47, 0x46, 0x45, 0x44, 0x43, 
	0x42, 0x42, 0x42, 0x41, 0x41, 0x42, 0x42, 0x43, 0x44, 0x45, 0x47, 0x48, 0x4b, 0x4d, 0x50, 0x54, 
	0x57, 0x5c, 0x61, 0x65, 0x5d, 0x5a, 0x56, 0x53, 0x4f, 0x4d, 0x4a, 0x48, 0x47, 0x45, 0x44, 0x44, 
	0x43, 0x43, 0x42, 0x42, 0x42, 0x43, 0x43, 0x44, 0x45, 0x46, 0x47, 0x49, 0x4c, 0x4e, 0x51, 0x55, 
	0x58, 0x5d, 0x62, 0x66, 0x5e, 0x5b, 0x57, 0x53, 0x50, 0x4e, 0x4b, 0x49, 0x47, 0x46, 0x45, 0x44, 
	0x44, 0x43, 0x43, 0x43, 0x43, 0x43, 0x44, 0x44, 0x46, 0x47, 0x48, 0x4a, 0x4c, 0x4f, 0x52, 0x56, 
	0x59, 0x5e, 0x63, 0x68, 0x5f, 0x5c, 0x58, 0x54, 0x51, 0x4e, 0x4c, 0x4a, 0x48, 0x47, 0x46, 0x45, 
	0x44, 0x44, 0x43, 0x43, 0x43, 0x44, 0x44, 0x45, 0x46, 0x47, 0x49, 0x4b, 0x4d, 0x50, 0x53, 0x56, 
	0x5a, 0x5f, 0x64, 0x69, 0x5f, 0x5c, 0x58, 0x55, 0x52, 0x4f, 0x4c, 0x4a, 0x48, 0x47, 0x46, 0x45, 
	0x44, 0x44, 0x44, 0x44, 0x44, 0x44, 0x44, 0x45, 0x46, 0x48, 0x49, 0x4b, 0x4e, 0x50, 0x53, 0x57, 
	0x5b, 0x5f, 0x65, 0x6a, 0x5f, 0x5d, 0x59, 0x55, 0x52, 0x4f, 0x4d, 0x4a, 0x49, 0x47, 0x46, 0x45, 
	0x45, 0x44, 0x44, 0x44, 0x44, 0x44, 0x45, 0x45, 0x47, 0x48, 0x4a, 0x4c, 0x4e, 0x51, 0x54, 0x57, 
	0x5b, 0x60, 0x66, 0x6c, 0x60, 0x5d, 0x59, 0x55, 0x52, 0x4f, 0x4d, 0x4b, 0x49, 0x47, 0x46, 0x45, 
	0x45, 0x44, 0x44, 0x44, 0x44, 0x44, 0x45, 0x46, 0x47, 0x48, 0x4a, 0x4c, 0x4e, 0x51, 0x54, 0x58, 
	0x5b, 0x60, 0x67, 0x6d, 0x61, 0x5e, 0x5a, 0x56, 0x53, 0x50, 0x4d, 0x4b, 0x49, 0x48, 0x47, 0x46, 
	0x45, 0x45, 0x44, 0x44, 0x44, 0x45, 0x45, 0x46, 0x47, 0x49, 0x4a, 0x4c, 0x4f, 0x52, 0x55, 0x58, 
	0x5c, 0x62, 0x69, 0x6f, 0x62, 0x5f, 0x5b, 0x57, 0x54, 0x51, 0x4e, 0x4c, 0x4a, 0x49, 0x47, 0x46, 
	0x46, 0x45, 0x45, 0x45, 0x45, 0x45, 0x46, 0x47, 0x48, 0x4a, 0x4b, 0x4d, 0x50, 0x53, 0x56, 0x59, 
	0x5e, 0x63, 0x6b, 0x72, 0x65, 0x61, 0x5c, 0x58, 0x55, 0x52, 0x50, 0x4d, 0x4b, 0x4a, 0x48, 0x47, 
	0x47, 0x46, 0x46, 0x46, 0x46, 0x46, 0x47, 0x48, 0x49, 0x4b, 0x4d, 0x4f, 0x51, 0x54, 0x57, 0x5b, 
	0x5f, 0x66, 0x6f, 0x77, 0x68, 0x64, 0x5e, 0x5a, 0x57, 0x54, 0x51, 0x4f, 0x4d, 0x4b, 0x4a, 0x49, 
	0x48, 0x48, 0x47, 0x47, 0x47, 0x48, 0x48, 0x49, 0x4b, 0x4c, 0x4e, 0x50, 0x53, 0x56, 0x59, 0x5d, 
	0x62, 0x69, 0x73, 0x7d, 0x6c, 0x67, 0x61, 0x5d, 0x59, 0x56, 0x53, 0x51, 0x4f, 0x4d, 0x4c, 0x4b, 
	0x4a, 0x49, 0x49, 0x49, 0x49, 0x49, 0x4a, 0x4b, 0x4d, 0x4e, 0x50, 0x52, 0x55, 0x58, 0x5b, 0x5f, 
	0x65, 0x6d, 0x79, 0x85, 0x71, 0x6b, 0x64, 0x5f, 0x5b, 0x58, 0x55, 0x53, 0x51, 0x4f, 0x4e, 0x4c, 
	0x4c, 0x4b, 0x4b, 0x4b, 0x4b, 0x4b, 0x4c, 0x4d, 0x4f, 0x50, 0x52, 0x54, 0x57, 0x5a, 0x5d, 0x62, 
	0x68, 0x71, 0x80, 0x8e, 0x74, 0x6e, 0x66, 0x61, 0x5d, 0x59, 0x57, 0x54, 0x52, 0x50, 0x4f, 0x4e, 
	0x4d, 0x4c, 0x4c, 0x4c, 0x4c, 0x4c, 0x4d, 0x4e, 0x50, 0x52, 0x53, 0x56, 0x58, 0x5b, 0x5f, 0x64, 
	0x6a, 0x75, 0x85, 0x95, 0x00, 0x00, 0x00, 0x00, 0x01, 0x00, 0x00, 0x04, 0x01, 0x00, 0x00, 0x00, 
	0x01, 0x01, 0x01, 0x01, 0x01, 0x01, 0x01, 0x01, 0x01, 0x01, 0x01, 0x01, 0x01, 0x01, 0x01, 0x01, 
	0x01, 0x01, 0x01, 0x01, 0x01, 0x01, 0x01, 0x01, 0x01, 0x01, 0x01, 0x01, 0x01, 0x01, 0x01, 0x01, 
	0x01, 0x01, 0x01, 0x01, 0x01, 0x01, 0x01, 0x01, 0x01, 0x01, 0x01, 0x01, 0x01, 0x01, 0x01, 0x01, 
	0x01, 0x01, 0x01, 0x01, 0x01, 0x01, 0x01, 0x01, 0x01, 0x01, 0x01, 0x01, 0x01, 0x01, 0x01, 0x01, 
	0x01, 0x01, 0x01, 0x01, 0x01, 0x01, 0x01, 0x01, 0x01, 0x01, 0x01, 0x01, 0x01, 0x01, 0x01, 0x01, 
	0x01, 0x01, 0x01, 0x01, 0x01, 0x01, 0x01, 0x01, 0x01, 0x01, 0x01, 0x01, 0x01, 0x01, 0x01, 0x01, 
	0x01, 0x01, 0x01, 0x01, 0x01, 0x01, 0x01, 0x01, 0x01, 0x01, 0x01, 0x01, 0x01, 0x01, 0x01, 0x01, 
	0x01, 0x01, 0x01, 0x01, 0x01, 0x01, 0x01, 0x01, 0x01, 0x01, 0x01, 0x01, 0x01, 0x01, 0x01, 0x01, 
	0x01, 0x01, 0x01, 0x01, 0x01, 0x01, 0x01, 0x01, 0x01, 0x01, 0x01, 0x01, 0x01, 0x01, 0x01, 0x01, 
	0x01, 0x01, 0x01, 0x01, 0x01, 0x01, 0x01, 0x01, 0x01, 0x01, 0x01, 0x01, 0x01, 0x01, 0x01, 0x01, 
	0x01, 0x01, 0x01, 0x01, 0x01, 0x01, 0x01, 0x01, 0x01, 0x01, 0x01, 0x01, 0x01, 0x01, 0x01, 0x01, 
	0x01, 0x01, 0x01, 0x01, 0x01, 0x01, 0x01, 0x01, 0x01, 0x01, 0x01, 0x01, 0x01, 0x01, 0x01, 0x01, 
	0x01, 0x01, 0x01, 0x01, 0x01, 0x01, 0x01, 0x01, 0x01, 0x01, 0x01, 0x01, 0x01, 0x01, 0x01, 0x01, 
	0x01, 0x01, 0x01, 0x01, 0x01, 0x01, 0x01, 0x01, 0x01, 0x01, 0x01, 0x01, 0x01, 0x01, 0x01, 0x01, 
	0x01, 0x01, 0x01, 0x01, 0x01, 0x01, 0x01, 0x01, 0x01, 0x01, 0x01, 0x01, 0x01, 0x01, 0x01, 0x01, 
	0x01, 0x01, 0x01, 0x01, 0x01, 0x01, 0x01, 0x01, 0x01, 0x01, 0x01, 0x01, 0x01, 0x01, 0x01, 0x01, 
	0x01, 0x01, 0x01, 0x01, 0x01, 0x01, 0x01, 0x01, 0x01, 0x01, 0x01, 0x01, 0x01, 0x01, 0x01, 0x01, 
	0x01, 0x01, 0x01, 0x01, 0x01, 0x01, 0x01, 0x01, 0x01, 0x01, 0x01, 0x01, 0x01, 0x01, 0x01, 0x01, 
	0x01, 0x01, 0x01, 0x01, 0x01, 0x01, 0x01, 0x01, 0x01, 0x01, 0x01, 0x01, 0x01, 0x01, 0x01, 0x01, 
	0x01, 0x01, 0x01, 0x01, 0x01, 0x01, 0x01, 0x01, 0x01, 0x01, 0x01, 0x01, 0x01, 0x01, 0x01, 0x01, 
	0x01, 0x01, 0x01, 0x01, 0x01, 0x01, 0x01, 0x01, 0x01, 0x01, 0x01, 0x01, 0x01, 0x01, 0x01, 0x01, 
	0x01, 0x01, 0x01, 0x01, 0x01, 0x01, 0x01, 0x01, 0x01, 0x01, 0x01, 0x01, 0x01, 0x01, 0x01, 0x01, 
	0x01, 0x01, 0x01, 0x01, 0x01, 0x01, 0x01, 0x01, 0x01, 0x01, 0x01, 0x01, 0x01, 0x01, 0x01, 0x01, 
	0x01, 0x01, 0x01, 0x01, 0x01, 0x01, 0x01, 0x01, 0x01, 0x01, 0x01, 0x01, 0x01, 0x01, 0x01, 0x01, 
	0x01, 0x01, 0x01, 0x01, 0x01, 0x01, 0x01, 0x01, 0x01, 0x01, 0x01, 0x01, 0x01, 0x01, 0x01, 0x01, 
	0x01, 0x01, 0x01, 0x01, 0x01, 0x01, 0x01, 0x01, 0x01, 0x01, 0x01, 0x01, 0x01, 0x01, 0x01, 0x01, 
	0x01, 0x01, 0x01, 0x01, 0x01, 0x01, 0x01, 0x01, 0x01, 0x01, 0x01, 0x01, 0x01, 0x01, 0x01, 0x01, 
	0x01, 0x01, 0x01, 0x01, 0x01, 0x01, 0x01, 0x01, 0x01, 0x01, 0x01, 0x01, 0x01, 0x01, 0x01, 0x01, 
	0x01, 0x01, 0x01, 0x01, 0x01, 0x01, 0x01, 0x01, 0x01, 0x01, 0x01, 0x01, 0x01, 0x01, 0x01, 0x01, 
	0x01, 0x01, 0x01, 0x01, 0x01, 0x01, 0x01, 0x01, 0x01, 0x01, 0x01, 0x01, 0x01, 0x01, 0x01, 0x01, 
	0x01, 0x01, 0x01, 0x01, 0x01, 0x01, 0x01, 0x01, 0x01, 0x01, 0x01, 0x01, 0x01, 0x01, 0x01, 0x01, 
	0x01, 0x01, 0x01, 0x01, 0x01, 0x01, 0x01, 0x01, 0x01, 0x01, 0x01, 0x01, 0x01, 0x01, 0x01, 0x01, 
	0x01, 0x01, 0x01, 0x01, 0x01, 0x01, 0x01, 0x01, 0x01, 0x01, 0x01, 0x01, 0x01, 0x01, 0x01, 0x01, 
	0x01, 0x01, 0x01, 0x01, 0x01, 0x01, 0x01, 0x01, 0x01, 0x01, 0x01, 0x01, 0x01, 0x01, 0x01, 0x01, 
	0x01, 0x01, 0x01, 0x01, 0x01, 0x01, 0x01, 0x01, 0x01, 0x01, 0x01, 0x01, 0x01, 0x01, 0x01, 0x01, 
	0x01, 0x01, 0x01, 0x01, 0x01, 0x01, 0x01, 0x01, 0x01, 0x01, 0x01, 0x01, 0x01, 0x01, 0x01, 0x01, 
	0x01, 0x01, 0x01, 0x01, 0x01, 0x01, 0x01, 0x01, 0x01, 0x01, 0x01, 0x01, 0x01, 0x01, 0x01, 0x01, 
	0x01, 0x01, 0x01, 0x01, 0x01, 0x01, 0x01, 0x01, 0x01, 0x01, 0x01, 0x01, 0x01, 0x01, 0x01, 0x01, 
	0x01, 0x01, 0x01, 0x01, 0x01, 0x01, 0x01, 0x01, 0x01, 0x01, 0x01, 0x01, 0x01, 0x01, 0x01, 0x01, 
	0x01, 0x01, 0x01, 0x01, 0x01, 0x01, 0x01, 0x01, 0x01, 0x01, 0x01, 0x01, 0x01, 0x01, 0x01, 0x01, 
	0x01, 0x01, 0x01, 0x01, 0x01, 0x01, 0x01, 0x01, 0x01, 0x01, 0x01, 0x01, 0x01, 0x01, 0x01, 0x01, 
	0x01, 0x01, 0x01, 0x01, 0x01, 0x01, 0x01, 0x01, 0x01, 0x01, 0x01, 0x01, 0x01, 0x01, 0x01, 0x01, 
	0x01, 0x01, 0x01, 0x01, 0x01, 0x01, 0x01, 0x01, 0x01, 0x01, 0x01, 0x01, 0x01, 0x01, 0x01, 0x01, 
	0x01, 0x01, 0x01, 0x01, 0x01, 0x01, 0x01, 0x01, 0x01, 0x01, 0x01, 0x01, 0x01, 0x01, 0x01, 0x01, 
	0x01, 0x01, 0x01, 0x01, 0x01, 0x01, 0x01, 0x01, 0x01, 0x01, 0x01, 0x01, 0x01, 0x01, 0x01, 0x01, 
	0x01, 0x01, 0x01, 0x01, 0x01, 0x01, 0x01, 0x01, 0x01, 0x01, 0x01, 0x01, 0x01, 0x01, 0x01, 0x01, 
	0x01, 0x01, 0x01, 0x01, 0x01, 0x01, 0x01, 0x01, 0x01, 0x01, 0x01, 0x01, 0x01, 0x01, 0x01, 0x01, 
	0x01, 0x01, 0x01, 0x01, 0x01, 0x01, 0x01, 0x01, 0x01, 0x01, 0x01, 0x01, 0x01, 0x01, 0x01, 0x01, 
	0x01, 0x01, 0x01, 0x01, 0x01, 0x01, 0x01, 0x01, 0x01, 0x01, 0x01, 0x01, 0x01, 0x01, 0x01, 0x01, 
	0x01, 0x01, 0x01, 0x01, 0x01, 0x01, 0x01, 0x01, 0x01, 0x01, 0x01, 0x01, 0x01, 0x01, 0x01, 0x01, 
	0x01, 0x01, 0x01, 0x01, 0x01, 0x01, 0x01, 0x01, 0x01, 0x01, 0x01, 0x01, 0x01, 0x01, 0x01, 0x01, 
	0x01, 0x01, 0x01, 0x01, 0x01, 0x01, 0x01, 0x01, 0x01, 0x01, 0x01, 0x01, 0x01, 0x01, 0x01, 0x01, 
	0x01, 0x01, 0x01, 0x01, 0x01, 0x01, 0x01, 0x01, 0x01, 0x01, 0x01, 0x01, 0x01, 0x01, 0x01, 0x01, 
	0x01, 0x01, 0x01, 0x01, 0x01, 0x01, 0x01, 0x01, 0x01, 0x01, 0x01, 0x01, 0x01, 0x01, 0x01, 0x01, 
	0x01, 0x01, 0x01, 0x01, 0x01, 0x01, 0x01, 0x01, 0x01, 0x01, 0x01, 0x01, 0x01, 0x01, 0x01, 0x01, 
	0x01, 0x01, 0x01, 0x01, 0x01, 0x01, 0x01, 0x01, 0x01, 0x01, 0x01, 0x01, 0x01, 0x01, 0x01, 0x01, 
	0x01, 0x01, 0x01, 0x01, 0x01, 0x01, 0x01, 0x01, 0x01, 0x01, 0x01, 0x01, 0x01, 0x01, 0x01, 0x01, 
	0x01, 0x01, 0x01, 0x01, 0x01, 0x01, 0x01, 0x01, 0x01, 0x01, 0x01, 0x01, 0x01, 0x01, 0x01, 0x01, 
	0x01, 0x01, 0x01, 0x01, 0x01, 0x01, 0x01, 0x01, 0x01, 0x01, 0x01, 0x01, 0x01, 0x01, 0x01, 0x01, 
	0x01, 0x01, 0x01, 0x01, 0x01, 0x01, 0x01, 0x01, 0x01, 0x01, 0x01, 0x01, 0x01, 0x01, 0x01, 0x01, 
	0x01, 0x01, 0x01, 0x01, 0x01, 0x01, 0x01, 0x01, 0x01, 0x01, 0x01, 0x01, 0x01, 0x01, 0x01, 0x01, 
	0x01, 0x01, 0x01, 0x01, 0x01, 0x01, 0x01, 0x01, 0x01, 0x01, 0x01, 0x01, 0x01, 0x01, 0x01, 0x01, 
	0x01, 0x01, 0x01, 0x01, 0x01, 0x01, 0x01, 0x01, 0x01, 0x01, 0x01, 0x01, 0x01, 0x01, 0x01, 0x01, 
	0x01, 0x01, 0x01, 0x01, 0x01, 0x01, 0x01, 0x01, 0x01, 0x01, 0x01, 0x01, 0x01, 0x01, 0x01, 0x01, 
	0x00, 0x00, 0x00, 0x00, 0x01, 0x00, 0x00, 0x04, 0x01, 0x00, 0x00, 0x00, 0x01, 0x01, 0x01, 0x01, 
	0x01, 0x01, 0x01, 0x01, 0x01, 0x01, 0x01, 0x01, 0x01, 0x01, 0x01, 0x01, 0x01, 0x01, 0x01, 0x01, 
	0x01, 0x01, 0x01, 0x01, 0x01, 0x01, 0x01, 0x01, 0x01, 0x01, 0x01, 0x01, 0x01, 0x01, 0x01, 0x01, 
	0x01, 0x01, 0x01, 0x01, 0x01, 0x01, 0x01, 0x01, 0x01, 0x01, 0x01, 0x01, 0x01, 0x01, 0x01, 0x01, 
	0x01, 0x01, 0x01, 0x01, 0x01, 0x01, 0x01, 0x01, 0x01, 0x01, 0x01, 0x01, 0x01, 0x01, 0x01, 0x01, 
	0x01, 0x01, 0x01, 0x01, 0x01, 0x01, 0x01, 0x01, 0x01, 0x01, 0x01, 0x01, 0x01, 0x01, 0x01, 0x01, 
	0x01, 0x01, 0x01, 0x01, 0x01, 0x01, 0x01, 0x01, 0x01, 0x01, 0x01, 0x01, 0x01, 0x01, 0x01, 0x01, 
	0x01, 0x01, 0x01, 0x01, 0x01, 0x01, 0x01, 0x01, 0x01, 0x01, 0x01, 0x01, 0x01, 0x01, 0x01, 0x01, 
	0x01, 0x01, 0x01, 0x01, 0x01, 0x01, 0x01, 0x01, 0x01, 0x01, 0x01, 0x01, 0x01, 0x01, 0x01, 0x01, 
	0x01, 0x01, 0x01, 0x01, 0x01, 0x01, 0x01, 0x01, 0x01, 0x01, 0x01, 0x01, 0x01, 0x01, 0x01, 0x01, 
	0x01, 0x01, 0x01, 0x01, 0x01, 0x01, 0x01, 0x01, 0x01, 0x01, 0x01, 0x01, 0x01, 0x01, 0x01, 0x01, 
	0x01, 0x01, 0x01, 0x01, 0x01, 0x01, 0x01, 0x01, 0x01, 0x01, 0x01, 0x01, 0x01, 0x01, 0x01, 0x01, 
	0x01, 0x01, 0x01, 0x01, 0x01, 0x01, 0x01, 0x01, 0x01, 0x01, 0x01, 0x01, 0x01, 0x01, 0x01, 0x01, 
	0x01, 0x01, 0x01, 0x01, 0x01, 0x01, 0x01, 0x01, 0x01, 0x01, 0x01, 0x01, 0x01, 0x01, 0x01, 0x01, 
	0x01, 0x01, 0x01, 0x01, 0x01, 0x01, 0x01, 0x01, 0x01, 0x01, 0x01, 0x01, 0x01, 0x01, 0x01, 0x01, 
	0x01, 0x01, 0x01, 0x01, 0x01, 0x01, 0x01, 0x01, 0x01, 0x01, 0x01, 0x01, 0x01, 0x01, 0x01, 0x01, 
	0x01, 0x01, 0x01, 0x01, 0x01, 0x01, 0x01, 0x01, 0x01, 0x01, 0x01, 0x01, 0x01, 0x01, 0x01, 0x01, 
	0x01, 0x01, 0x01, 0x01, 0x01, 0x01, 0x01, 0x01, 0x01, 0x01, 0x01, 0x01, 0x01, 0x01, 0x01, 0x01, 
	0x01, 0x01, 0x01, 0x01, 0x01, 0x01, 0x01, 0x01, 0x01, 0x01, 0x01, 0x01, 0x01, 0x01, 0x01, 0x01, 
	0x01, 0x01, 0x01, 0x01, 0x01, 0x01, 0x01, 0x01, 0x01, 0x01, 0x01, 0x01, 0x01, 0x01, 0x01, 0x01, 
	0x01, 0x01, 0x01, 0x01, 0x01, 0x01, 0x01, 0x01, 0x01, 0x01, 0x01, 0x01, 0x01, 0x01, 0x01, 0x01, 
	0x01, 0x01, 0x01, 0x01, 0x01, 0x01, 0x01, 0x01, 0x01, 0x01, 0x01, 0x01, 0x01, 0x01, 0x01, 0x01, 
	0x01, 0x01, 0x01, 0x01, 0x01, 0x01, 0x01, 0x01, 0x01, 0x01, 0x01, 0x01, 0x01, 0x01, 0x01, 0x01, 
	0x01, 0x01, 0x01, 0x01, 0x01, 0x01, 0x01, 0x01, 0x01, 0x01, 0x01, 0x01, 0x01, 0x01, 0x01, 0x01, 
	0x01, 0x01, 0x01, 0x01, 0x01, 0x01, 0x01, 0x01, 0x01, 0x01, 0x01, 0x01, 0x01, 0x01, 0x01, 0x01, 
	0x01, 0x01, 0x01, 0x01, 0x01, 0x01, 0x01, 0x01, 0x01, 0x01, 0x01, 0x01, 0x01, 0x01, 0x01, 0x01, 
	0x01, 0x01, 0x01, 0x01, 0x01, 0x01, 0x01, 0x01, 0x01, 0x01, 0x01, 0x01, 0x01, 0x01, 0x01, 0x01, 
	0x01, 0x01, 0x01, 0x01, 0x01, 0x01, 0x01, 0x01, 0x01, 0x01, 0x01, 0x01, 0x01, 0x01, 0x01, 0x01, 
	0x01, 0x01, 0x01, 0x01, 0x01, 0x01, 0x01, 0x01, 0x01, 0x01, 0x01, 0x01, 0x01, 0x01, 0x01, 0x01, 
	0x01, 0x01, 0x01, 0x01, 0x01, 0x01, 0x01, 0x01, 0x01, 0x01, 0x01, 0x01, 0x01, 0x01, 0x01, 0x01, 
	0x01, 0x01, 0x01, 0x01, 0x01, 0x01, 0x01, 0x01, 0x01, 0x01, 0x01, 0x01, 0x01, 0x01, 0x01, 0x01, 
	0x01, 0x01, 0x01, 0x01, 0x01, 0x01, 0x01, 0x01, 0x01, 0x01, 0x01, 0x01, 0x01, 0x01, 0x01, 0x01, 
	0x01, 0x01, 0x01, 0x01, 0x01, 0x01, 0x01, 0x01, 0x01, 0x01, 0x01, 0x01, 0x01, 0x01, 0x01, 0x01, 
	0x01, 0x01, 0x01, 0x01, 0x01, 0x01, 0x01, 0x01, 0x01, 0x01, 0x01, 0x01, 0x01, 0x01, 0x01, 0x01, 
	0x01, 0x01, 0x01, 0x01, 0x01, 0x01, 0x01, 0x01, 0x01, 0x01, 0x01, 0x01, 0x01, 0x01, 0x01, 0x01, 
	0x01, 0x01, 0x01, 0x01, 0x01, 0x01, 0x01, 0x01, 0x01, 0x01, 0x01, 0x01, 0x01, 0x01, 0x01, 0x01, 
	0x01, 0x01, 0x01, 0x01, 0x01, 0x01, 0x01, 0x01, 0x01, 0x01, 0x01, 0x01, 0x01, 0x01, 0x01, 0x01, 
	0x01, 0x01, 0x01, 0x01, 0x01, 0x01, 0x01, 0x01, 0x01, 0x01, 0x01, 0x01, 0x01, 0x01, 0x01, 0x01, 
	0x01, 0x01, 0x01, 0x01, 0x01, 0x01, 0x01, 0x01, 0x01, 0x01, 0x01, 0x01, 0x01, 0x01, 0x01, 0x01, 
	0x01, 0x01, 0x01, 0x01, 0x01, 0x01, 0x01, 0x01, 0x01, 0x01, 0x01, 0x01, 0x01, 0x01, 0x01, 0x01, 
	0x01, 0x01, 0x01, 0x01, 0x01, 0x01, 0x01, 0x01, 0x01, 0x01, 0x01, 0x01, 0x01, 0x01, 0x01, 0x01, 
	0x01, 0x01, 0x01, 0x01, 0x01, 0x01, 0x01, 0x01, 0x01, 0x01, 0x01, 0x01, 0x01, 0x01, 0x01, 0x01, 
	0x01, 0x01, 0x01, 0x01, 0x01, 0x01, 0x01, 0x01, 0x01, 0x01, 0x01, 0x01, 0x01, 0x01, 0x01, 0x01, 
	0x01, 0x01, 0x01, 0x01, 0x01, 0x01, 0x01, 0x01, 0x01, 0x01, 0x01, 0x01, 0x01, 0x01, 0x01, 0x01, 
	0x01, 0x01, 0x01, 0x01, 0x01, 0x01, 0x01, 0x01, 0x01, 0x01, 0x01, 0x01, 0x01, 0x01, 0x01, 0x01, 
	0x01, 0x01, 0x01, 0x01, 0x01, 0x01, 0x01, 0x01, 0x01, 0x01, 0x01, 0x01, 0x01, 0x01, 0x01, 0x01, 
	0x01, 0x01, 0x01, 0x01, 0x01, 0x01, 0x01, 0x01, 0x01, 0x01, 0x01, 0x01, 0x01, 0x01, 0x01, 0x01, 
	0x01, 0x01, 0x01, 0x01, 0x01, 0x01, 0x01, 0x01, 0x01, 0x01, 0x01, 0x01, 0x01, 0x01, 0x01, 0x01, 
	0x01, 0x01, 0x01, 0x01, 0x01, 0x01, 0x01, 0x01, 0x01, 0x01, 0x01, 0x01, 0x01, 0x01, 0x01, 0x01, 
	0x01, 0x01, 0x01, 0x01, 0x01, 0x01, 0x01, 0x01, 0x01, 0x01, 0x01, 0x01, 0x01, 0x01, 0x01, 0x01, 
	0x01, 0x01, 0x01, 0x01, 0x01, 0x01, 0x01, 0x01, 0x01, 0x01, 0x01, 0x01, 0x01, 0x01, 0x01, 0x01, 
	0x01, 0x01, 0x01, 0x01, 0x01, 0x01, 0x01, 0x01, 0x01, 0x01, 0x01, 0x01, 0x01, 0x01, 0x01, 0x01, 
	0x01, 0x01, 0x01, 0x01, 0x01, 0x01, 0x01, 0x01, 0x01, 0x01, 0x01, 0x01, 0x01, 0x01, 0x01, 0x01, 
	0x01, 0x01, 0x01, 0x01, 0x01, 0x01, 0x01, 0x01, 0x01, 0x01, 0x01, 0x01, 0x01, 0x01, 0x01, 0x01, 
	0x01, 0x01, 0x01, 0x01, 0x01, 0x01, 0x01, 0x01, 0x01, 0x01, 0x01, 0x01, 0x01, 0x01, 0x01, 0x01, 
	0x01, 0x01, 0x01, 0x01, 0x01, 0x01, 0x01, 0x01, 0x01, 0x01, 0x01, 0x01, 0x01, 0x01, 0x01, 0x01, 
	0x01, 0x01, 0x01, 0x01, 0x01, 0x01, 0x01, 0x01, 0x01, 0x01, 0x01, 0x01, 0x01, 0x01, 0x01, 0x01, 
	0x01, 0x01, 0x01, 0x01, 0x01, 0x01, 0x01, 0x01, 0x01, 0x01, 0x01, 0x01, 0x01, 0x01, 0x01, 0x01, 
	0x01, 0x01, 0x01, 0x01, 0x01, 0x01, 0x01, 0x01, 0x01, 0x01, 0x01, 0x01, 0x01, 0x01, 0x01, 0x01, 
	0x01, 0x01, 0x01, 0x01, 0x01, 0x01, 0x01, 0x01, 0x01, 0x01, 0x01, 0x01, 0x01, 0x01, 0x01, 0x01, 
	0x01, 0x01, 0x01, 0x01, 0x01, 0x01, 0x01, 0x01, 0x01, 0x01, 0x01, 0x01, 0x01, 0x01, 0x01, 0x01, 
	0x01, 0x01, 0x01, 0x01, 0x01, 0x01, 0x01, 0x01, 0x01, 0x01, 0x01, 0x01, 0x01, 0x01, 0x01, 0x01, 
	0x01, 0x01, 0x01, 0x01, 0x01, 0x01, 0x01, 0x01, 0x01, 0x01, 0x01, 0x01, 0x01, 0x01, 0x01, 0x01, 
	0x01, 0x01, 0x01, 0x01, 0x01, 0x01, 0x01, 0x01, 0x01, 0x01, 0x01, 0x01, 0x01, 0x01, 0x01, 0x01, 
	0x01, 0x01, 0x01, 0x01, 0x01, 0x01, 0x01, 0x01, 0x01, 0x01, 0x01, 0x01, 0x00, 0x00, 0x00, 0x00, 
	0x01, 0x00, 0x00, 0x04, 0x01, 0x00, 0x00, 0x00, 0x64, 0x61, 0x5d, 0x59, 0x55, 0x52, 0x50, 0x4e, 
	0x4c, 0x4a, 0x49, 0x48, 0x47, 0x46, 0x46, 0x46, 0x46, 0x46, 0x47, 0x48, 0x49, 0x4a, 0x4c, 0x4e, 
	0x51, 0x53, 0x56, 0x5a, 0x5f, 0x66, 0x70, 0x79, 0x63, 0x60, 0x5b, 0x58, 0x54, 0x51, 0x4f, 0x4d, 
	0x4b, 0x49, 0x48, 0x47, 0x46, 0x46, 0x45, 0x45, 0x45, 0x46, 0x46, 0x47, 0x48, 0x4a, 0x4b, 0x4d, 
	0x50, 0x52, 0x55, 0x59, 0x5d, 0x64, 0x6d, 0x76, 0x61, 0x5e, 0x5a, 0x56, 0x53, 0x50, 0x4d, 0x4b, 
	0x49, 0x48, 0x47, 0x46, 0x45, 0x45, 0x44, 0x44, 0x44, 0x45, 0x45, 0x46, 0x47, 0x48, 0x4a, 0x4c, 
	0x4e, 0x51, 0x54, 0x57, 0x5b, 0x61, 0x6a, 0x71, 0x5f, 0x5c, 0x58, 0x55, 0x51, 0x4f, 0x4c, 0x4a, 
	0x48, 0x47, 0x45, 0x45, 0x44, 0x43, 0x43, 0x43, 0x43, 0x43, 0x44, 0x45, 0x46, 0x47, 0x49, 0x4b, 
	0x4d, 0x4f, 0x52, 0x56, 0x5a, 0x5f, 0x67, 0x6d, 0x5d, 0x5a, 0x57, 0x53, 0x50, 0x4d, 0x4b, 0x49, 
	0x47, 0x46, 0x45, 0x44, 0x43, 0x43, 0x42, 0x42, 0x42, 0x42, 0x43, 0x44, 0x45, 0x46, 0x48, 0x4a, 
	0x4c, 0x4e, 0x51, 0x54, 0x58, 0x5d, 0x64, 0x6a, 0x5c, 0x5a, 0x56, 0x52, 0x4f, 0x4d, 0x4a, 0x48, 
	0x46, 0x45, 0x44, 0x43, 0x43, 0x42, 0x42, 0x42, 0x42, 0x42, 0x42, 0x43, 0x44, 0x45, 0x47, 0x49, 
	0x4b, 0x4d, 0x50, 0x53, 0x57, 0x5c, 0x62, 0x68, 0x5c, 0x59, 0x55, 0x52, 0x4f, 0x4c, 0x4a, 0x48, 
	0x46, 0x45, 0x44, 0x43, 0x42, 0x42, 0x42, 0x41, 0x42, 0x42, 0x42, 0x43, 0x44, 0x45, 0x47, 0x48, 
	0x4a, 0x4d, 0x50, 0x53, 0x57, 0x5b, 0x61, 0x66, 0x5c, 0x59, 0x55, 0x52, 0x4f, 0x4c, 0x4a, 0x48, 
	0x46, 0x45, 0x44, 0x43, 0x42, 0x42, 0x42, 0x42, 0x42, 0x42, 0x42, 0x43, 0x44, 0x45, 0x46, 0x48, 
	0x4a, 0x4d, 0x50, 0x53, 0x56, 0x5b, 0x60, 0x65, 0x5c, 0x59, 0x55, 0x52, 0x4f, 0x4c, 0x4a, 0x48, 
	0x46, 0x45, 0x44, 0x43, 0x43, 0x42, 0x42, 0x42, 0x42, 0x42, 0x43, 0x43, 0x44, 0x45, 0x47, 0x48, 
	0x4b, 0x4d, 0x50, 0x53, 0x57, 0x5b, 0x60, 0x65, 0x5c, 0x59, 0x55, 0x52, 0x4f, 0x4c, 0x4a, 0x48, 
	0x46, 0x45, 0x44, 0x43, 0x43, 0x42, 0x42, 0x42, 0x42, 0x42, 0x43, 0x43, 0x44, 0x45, 0x47, 0x48, 
	0x4b, 0x4d, 0x50, 0x53, 0x57, 0x5b, 0x60, 0x64, 0x5c, 0x59, 0x55, 0x52, 0x4f, 0x4c, 0x4a, 0x48, 
	0x46, 0x45, 0x44, 0x43, 0x43, 0x42, 0x42, 0x42, 0x42, 0x42, 0x43, 0x43, 0x44, 0x45, 0x47, 0x48, 
	0x4a, 0x4d, 0x50, 0x53, 0x56, 0x5b, 0x60, 0x64, 0x5b, 0x58, 0x55, 0x51, 0x4e, 0x4c, 0x49, 0x48, 
	0x46, 0x45, 0x44, 0x43, 0x42, 0x42, 0x42, 0x42, 0x42, 0x42, 0x42, 0x43, 0x44, 0x45, 0x46, 0x48, 
	0x4a, 0x4d, 0x4f, 0x52, 0x56, 0x5a, 0x5f, 0x63, 0x5a, 0x58, 0x54, 0x51, 0x4e, 0x4b, 0x49, 0x47, 
	0x45, 0x44, 0x43, 0x43, 0x42, 0x42, 0x41, 0x41, 0x41, 0x42, 0x42, 0x43, 0x43, 0x44, 0x46, 0x47, 
	0x49, 0x4c, 0x4f, 0x52, 0x55, 0x59, 0x5e, 0x62, 0x59, 0x57, 0x53, 0x50, 0x4d, 0x4a, 0x48, 0x46, 
	0x45, 0x44, 0x43, 0x42, 0x41, 0x41, 0x41, 0x41, 0x41, 0x41, 0x41, 0x42, 0x43, 0x44, 0x45, 0x47, 
	0x49, 0x4b, 0x4e, 0x51, 0x55, 0x59, 0x5d, 0x61, 0x59, 0x56, 0x53, 0x50, 0x4d, 0x4a, 0x48, 0x46, 
	0x45, 0x43, 0x42, 0x42, 0x41, 0x41, 0x40, 0x40, 0x40, 0x40, 0x41, 0x42, 0x42, 0x43, 0x45, 0x46, 
	0x48, 0x4b, 0x4e, 0x51, 0x54, 0x58, 0x5d, 0x61, 0x59, 0x56, 0x53, 0x4f, 0x4c, 0x4a, 0x48, 0x46, 
	0x44, 0x43, 0x42, 0x41, 0x41, 0x40, 0x40, 0x40, 0x40, 0x40, 0x41, 0x41, 0x42, 0x43, 0x45, 0x46, 
	0x48, 0x4b, 0x4d, 0x50, 0x54, 0x58, 0x5d, 0x60, 0x59, 0x56, 0x53, 0x50, 0x4d, 0x4a, 0x48, 0x46, 
	0x45, 0x43, 0x42, 0x42, 0x41, 0x41, 0x40, 0x40, 0x40, 0x40, 0x41, 0x42, 0x42, 0x44, 0x45, 0x46, 
	0x49, 0x4b, 0x4e, 0x51, 0x54, 0x58, 0x5d, 0x61, 0x5a, 0x57, 0x54, 0x50, 0x4d, 0x4b, 0x48, 0x47, 
	0x45, 0x44, 0x43, 0x42, 0x42, 0x41, 0x41, 0x41, 0x41, 0x41, 0x41, 0x42, 0x43, 0x44, 0x45, 0x47, 
	0x49, 0x4c, 0x4e, 0x51, 0x55, 0x59, 0x5e, 0x62, 0x5b, 0x58, 0x55, 0x51, 0x4e, 0x4c, 0x49, 0x47, 
	0x46, 0x45, 0x44, 0x43, 0x42, 0x42, 0x42, 0x41, 0x41, 0x42, 0x42, 0x43, 0x44, 0x45, 0x46, 0x48, 
	0x4a, 0x4d, 0x4f, 0x52, 0x56, 0x5a, 0x5f, 0x63, 0x5c, 0x59, 0x56, 0x52, 0x4f, 0x4c, 0x4a, 0x48, 
	0x47, 0x45, 0x44, 0x44, 0x43, 0x43, 0x42, 0x42, 0x42, 0x43, 0x43, 0x44, 0x45, 0x46, 0x47, 0x49, 
	0x4b, 0x4e, 0x50, 0x54, 0x57, 0x5b, 0x60, 0x64, 0x5e, 0x5a, 0x57, 0x53, 0x50, 0x4d, 0x4b, 0x49, 
	0x47, 0x46, 0x45, 0x44, 0x44, 0x43, 0x43, 0x43, 0x43, 0x43, 0x44, 0x44, 0x45, 0x47, 0x48, 0x4a, 
	0x4c, 0x4e, 0x51, 0x55, 0x58, 0x5c, 0x61, 0x66, 0x5e, 0x5b, 0x57, 0x54, 0x51, 0x4e, 0x4c, 0x4a, 
	0x48, 0x47, 0x46, 0x45, 0x44, 0x44, 0x43, 0x43, 0x43, 0x44, 0x44, 0x45, 0x46, 0x47, 0x49, 0x4a, 
	0x4d, 0x4f, 0x52, 0x55, 0x59, 0x5d, 0x62, 0x67, 0x5e, 0x5c, 0x58, 0x54, 0x51, 0x4e, 0x4c, 0x4a, 
	0x48, 0x47, 0x46, 0x45, 0x44, 0x44, 0x44, 0x44, 0x44, 0x44, 0x44, 0x45, 0x46, 0x47, 0x49, 0x4b, 
	0x4d, 0x50, 0x52, 0x56, 0x59, 0x5e, 0x63, 0x68, 0x5e, 0x5c, 0x58, 0x54, 0x51, 0x4f, 0x4c, 0x4a, 
	0x49, 0x47, 0x46, 0x45, 0x44, 0x44, 0x44, 0x44, 0x44, 0x44, 0x45, 0x45, 0x46, 0x48, 0x49, 0x4b, 
	0x4d, 0x50, 0x53, 0x56, 0x5a, 0x5e, 0x64, 0x69, 0x5f, 0x5c, 0x58, 0x55, 0x52, 0x4f, 0x4c, 0x4a, 
	0x49, 0x47, 0x46, 0x45, 0x45, 0x44, 0x44, 0x44, 0x44, 0x44, 0x45, 0x45, 0x46, 0x48, 0x49, 0x4b, 
	0x4d, 0x50, 0x53, 0x56, 0x5a, 0x5f, 0x65, 0x6b, 0x5f, 0x5d, 0x59, 0x55, 0x52, 0x4f, 0x4d, 0x4b, 
	0x49, 0x48, 0x46, 0x46, 0x45, 0x44, 0x44, 0x44, 0x44, 0x44, 0x45, 0x46, 0x47, 0x48, 0x4a, 0x4c, 
	0x4e, 0x51, 0x54, 0x57, 0x5b, 0x5f, 0x66, 0x6d, 0x61, 0x5e, 0x5a, 0x56, 0x53, 0x50, 0x4e, 0x4c, 
	0x4a, 0x48, 0x47, 0x46, 0x45, 0x45, 0x45, 0x44, 0x45, 0x45, 0x46, 0x46, 0x47, 0x49, 0x4b, 0x4c, 
	0x4f, 0x51, 0x54, 0x58, 0x5c, 0x61, 0x69, 0x70, 0x63, 0x60, 0x5b, 0x57, 0x54, 0x51, 0x4f, 0x4d, 
	0x4b, 0x49, 0x48, 0x47, 0x46, 0x46, 0x46, 0x45, 0x46, 0x46, 0x47, 0x47, 0x49, 0x4a, 0x4c, 0x4e, 
	0x50, 0x53, 0x56, 0x59, 0x5d, 0x63, 0x6c, 0x74, 0x66, 0x62, 0x5d, 0x59, 0x56, 0x53, 0x51, 0x4e, 
	0x4c, 0x4b, 0x4a, 0x49, 0x48, 0x47, 0x47, 0x47, 0x47, 0x47, 0x48, 0x49, 0x4a, 0x4c, 0x4d, 0x4f, 
	0x52, 0x54, 0x58, 0x5b, 0x60, 0x66, 0x70, 0x79, 0x6a, 0x65, 0x60, 0x5b, 0x58, 0x55, 0x53, 0x50, 
	0x4e, 0x4d, 0x4b, 0x4a, 0x49, 0x49, 0x48, 0x48, 0x49, 0x49, 0x4a, 0x4b, 0x4c, 0x4d, 0x4f, 0x51, 
	0x54, 0x56, 0x5a, 0x5d, 0x62, 0x6a, 0x76, 0x81, 0x6f, 0x69, 0x62, 0x5e, 0x5a, 0x57, 0x54, 0x52, 
	0x50, 0x4e, 0x4d, 0x4c, 0x4b, 0x4a, 0x4a, 0x4a, 0x4a, 0x4b, 0x4b, 0x4c, 0x4d, 0x4f, 0x51, 0x53, 
	0x55, 0x58, 0x5b, 0x60, 0x65, 0x6e, 0x7c, 0x89, 0x72, 0x6b, 0x64, 0x5f, 0x5b, 0x58, 0x56, 0x53, 
	0x51, 0x50, 0x4e, 0x4d, 0x4c, 0x4b, 0x4b, 0x4b, 0x4b, 0x4c, 0x4c, 0x4d, 0x4f, 0x50, 0x52, 0x54, 
	0x56, 0x59, 0x5d, 0x61, 0x67, 0x71, 0x80, 0x8f, 0x00, 0x00, 0x00, 0x00, 0x01, 0x00, 0x00, 0x04, 
	0x01, 0x00, 0x00, 0x00, 0x64, 0x61, 0x5d, 0x59, 0x55, 0x52, 0x50, 0x4e, 0x4c, 0x4a, 0x49, 0x48, 
	0x47, 0x46, 0x46, 0x46, 0x46, 0x46, 0x47, 0x48, 0x49, 0x4a, 0x4c, 0x4e, 0x51, 0x53, 0x56, 0x5a, 
	0x5f, 0x66, 0x70, 0x79, 0x63, 0x60, 0x5b, 0x58, 0x54, 0x51, 0x4f, 0x4d, 0x4b, 0x49, 0x48, 0x47, 
	0x46, 0x46, 0x45, 0x45, 0x45, 0x46, 0x46, 0x47, 0x48, 0x4a, 0x4b, 0x4d, 0x50, 0x52, 0x55, 0x59, 
	0x5d, 0x64, 0x6d, 0x76, 0x61, 0x5e, 0x5a, 0x56, 0x53, 0x50, 0x4d, 0x4b, 0x49, 0x48, 0x47, 0x46, 
	0x45, 0x45, 0x44, 0x44, 0x44, 0x45, 0x45, 0x46, 0x47, 0x48, 0x4a, 0x4c, 0x4e, 0x51, 0x54, 0x57, 
	0x5b, 0x61, 0x6a, 0x71, 0x5f, 0x5c, 0x58, 0x55, 0x51, 0x4f, 0x4c, 0x4a, 0x48, 0x47, 0x45, 0x45, 
	0x44, 0x43, 0x43, 0x43, 0x43, 0x43, 0x44, 0x45, 0x46, 0x47, 0x49, 0x4b, 0x4d, 0x4f, 0x52, 0x56, 
	0x5a, 0x5f, 0x67, 0x6d, 0x5d, 0x5a, 0x57, 0x53, 0x50, 0x4d, 0x4b, 0x49, 0x47, 0x46, 0x45, 0x44, 
	0x43, 0x43, 0x42, 0x42, 0x42, 0x42, 0x43, 0x44, 0x45, 0x46, 0x48, 0x4a, 0x4c, 0x4e, 0x51, 0x54, 
	0x58, 0x5d, 0x64, 0x6a, 0x5c, 0x5a, 0x56, 0x52, 0x4f, 0x4d, 0x4a, 0x48, 0x46, 0x45, 0x44, 0x43, 
	0x43, 0x42, 0x42, 0x42, 0x42, 0x42, 0x42, 0x43, 0x44, 0x45, 0x47, 0x49, 0x4b, 0x4d, 0x50, 0x53, 
	0x57, 0x5c, 0x62, 0x68, 0x5c, 0x59, 0x55, 0x52, 0x4f, 0x4c, 0x4a, 0x48, 0x46, 0x45, 0x44, 0x43, 
	0x42, 0x42, 0x42, 0x41, 0x42, 0x42, 0x42, 0x43, 0x44, 0x45, 0x47, 0x48, 0x4a, 0x4d, 0x50, 0x53, 
	0x57, 0x5b, 0x61, 0x66, 0x5c, 0x59, 0x55, 0x52, 0x4f, 0x4c, 0x4a, 0x48, 0x46, 0x45, 0x44, 0x43, 
	0x42, 0x42, 0x42, 0x42, 0x42, 0x42, 0x42, 0x43, 0x44, 0x45, 0x46, 0x48, 0x4a, 0x4d, 0x50, 0x53, 
	0x56, 0x5b, 0x60, 0x65, 0x5c, 0x59, 0x55, 0x52, 0x4f, 0x4c, 0x4a, 0x48, 0x46, 0x45, 0x44, 0x43, 
	0x43, 0x42, 0x42, 0x42, 0x42, 0x42, 0x43, 0x43, 0x44, 0x45, 0x47, 0x48, 0x4b, 0x4d, 0x50, 0x53, 
	0x57, 0x5b, 0x60, 0x65, 0x5c, 0x59, 0x55, 0x52, 0x4f, 0x4c, 0x4a, 0x48, 0x46, 0x45, 0x44, 0x43, 
	0x43, 0x42, 0x42, 0x42, 0x42, 0x42, 0x43, 0x43, 0x44, 0x45, 0x47, 0x48, 0x4b, 0x4d, 0x50, 0x53, 
	0x57, 0x5b, 0x60, 0x64, 0x5c, 0x59, 0x55, 0x52, 0x4f, 0x4c, 0x4a, 0x48, 0x46, 0x45, 0x44, 0x43, 
	0x43, 0x42, 0x42, 0x42, 0x42, 0x42, 0x43, 0x43, 0x44, 0x45, 0x47, 0x48, 0x4a, 0x4d, 0x50, 0x53, 
	0x56, 0x5b, 0x60, 0x64, 0x5b, 0x58, 0x55, 0x51, 0x4e, 0x4c, 0x49, 0x48, 0x46, 0x45, 0x44, 0x43, 
	0x42, 0x42, 0x42, 0x42, 0x42, 0x42, 0x42, 0x43, 0x44, 0x45, 0x46, 0x48, 0x4a, 0x4d, 0x4f, 0x52, 
	0x56, 0x5a, 0x5f, 0x63, 0x5a, 0x58, 0x54, 0x51, 0x4e, 0x4b, 0x49, 0x47, 0x45, 0x44, 0x43, 0x43, 
	0x42, 0x42, 0x41, 0x41, 0x41, 0x42, 0x42, 0x43, 0x43, 0x44, 0x46, 0x47, 0x49, 0x4c, 0x4f, 0x52, 
	0x55, 0x59, 0x5e, 0x62, 0x59, 0x57, 0x53, 0x50, 0x4d, 0x4a, 0x48, 0x46, 0x45, 0x44, 0x43, 0x42, 
	0x41, 0x41, 0x41, 0x41, 0x41, 0x41, 0x41, 0x42, 0x43, 0x44, 0x45, 0x47, 0x49, 0x4b, 0x4e, 0x51, 
	0x55, 0x59, 0x5d, 0x61, 0x59, 0x56, 0x53, 0x50, 0x4d, 0x4a, 0x48, 0x46, 0x45, 0x43, 0x42, 0x42, 
	0x41, 0x41, 0x40, 0x40, 0x40, 0x40, 0x41, 0x42, 0x42, 0x43, 0x45, 0x46, 0x48, 0x4b, 0x4e, 0x51, 
	0x54, 0x58, 0x5d, 0x61, 0x59, 0x56, 0x53, 0x4f, 0x4c, 0x4a, 0x48, 0x46, 0x44, 0x43, 0x42, 0x41, 
	0x41, 0x40, 0x40, 0x40, 0x40, 0x40, 0x41, 0x41, 0x42, 0x43, 0x45, 0x46, 0x48, 0x4b, 0x4d, 0x50, 
	0x54, 0x58, 0x5d, 0x60, 0x59, 0x56, 0x53, 0x50, 0x4d, 0x4a, 0x48, 0x46, 0x45, 0x43, 0x42, 0x42, 
	0x41, 0x41, 0x40, 0x40, 0x40, 0x40, 0x41, 0x42, 0x42, 0x44, 0x45, 0x46, 0x49, 0x4b, 0x4e, 0x51, 
	0x54, 0x58, 0x5d, 0x61, 0x5a, 0x57, 0x54, 0x50, 0x4d, 0x4b, 0x48, 0x47, 0x45, 0x44, 0x43, 0x42, 
	0x42, 0x41, 0x41, 0x41, 0x41, 0x41, 0x41, 0x42, 0x43, 0x44, 0x45, 0x47, 0x49, 0x4c, 0x4e, 0x51, 
	0x55, 0x59, 0x5e, 0x62, 0x5b, 0x58, 0x55, 0x51, 0x4e, 0x4c, 0x49, 0x47, 0x46, 0x45, 0x44, 0x43, 
	0x42, 0x42, 0x42, 0x41, 0x41, 0x42, 0x42, 0x43, 0x44, 0x45, 0x46, 0x48, 0x4a, 0x4d, 0x4f, 0x52, 
	0x56, 0x5a, 0x5f, 0x63, 0x5c, 0x59, 0x56, 0x52, 0x4f, 0x4c, 0x4a, 0x48, 0x47, 0x45, 0x44, 0x44, 
	0x43, 0x43, 0x42, 0x42, 0x42, 0x43, 0x43, 0x44, 0x45, 0x46, 0x47, 0x49, 0x4b, 0x4e, 0x50, 0x54, 
	0x57, 0x5b, 0x60, 0x64, 0x5e, 0x5a, 0x57, 0x53, 0x50, 0x4d, 0x4b, 0x49, 0x47, 0x46, 0x45, 0x44, 
	0x44, 0x43, 0x43, 0x43, 0x43, 0x43, 0x44, 0x44, 0x45, 0x47, 0x48, 0x4a, 0x4c, 0x4e, 0x51, 0x55, 
	0x58, 0x5c, 0x61, 0x66, 0x5e, 0x5b, 0x57, 0x54, 0x51, 0x4e, 0x4c, 0x4a, 0x48, 0x47, 0x46, 0x45, 
	0x44, 0x44, 0x43, 0x43, 0x43, 0x44, 0x44, 0x45, 0x46, 0x47, 0x49, 0x4a, 0x4d, 0x4f, 0x52, 0x55, 
	0x59, 0x5d, 0x62, 0x67, 0x5e, 0x5c, 0x58, 0x54, 0x51, 0x4e, 0x4c, 0x4a, 0x48, 0x47, 0x46, 0x45, 
	0x44, 0x44, 0x44, 0x44, 0x44, 0x44, 0x44, 0x45, 0x46, 0x47, 0x49, 0x4b, 0x4d, 0x50, 0x52, 0x56, 
	0x59, 0x5e, 0x63, 0x68, 0x5e, 0x5c, 0x58, 0x54, 0x51, 0x4f, 0x4c, 0x4a, 0x49, 0x47, 0x46, 0x45, 
	0x44, 0x44, 0x44, 0x44, 0x44, 0x44, 0x45, 0x45, 0x46, 0x48, 0x49, 0x4b, 0x4d, 0x50, 0x53, 0x56, 
	0x5a, 0x5e, 0x64, 0x69, 0x5f, 0x5c, 0x58, 0x55, 0x52, 0x4f, 0x4c, 0x4a, 0x49, 0x47, 0x46, 0x45, 
	0x45, 0x44, 0x44, 0x44, 0x44, 0x44, 0x45, 0x45, 0x46, 0x48, 0x49, 0x4b, 0x4d, 0x50, 0x53, 0x56, 
	0x5a, 0x5f, 0x65, 0x6b, 0x5f, 0x5d, 0x59, 0x55, 0x52, 0x4f, 0x4d, 0x4b, 0x49, 0x48, 0x46, 0x46, 
	0x45, 0x44, 0x44, 0x44, 0x44, 0x44, 0x45, 0x46, 0x47, 0x48, 0x4a, 0x4c, 0x4e, 0x51, 0x54, 0x57, 
	0x5b, 0x5f, 0x66, 0x6d, 0x61, 0x5e, 0x5a, 0x56, 0x53, 0x50, 0x4e, 0x4c, 0x4a, 0x48, 0x47, 0x46, 
	0x45, 0x45, 0x45, 0x44, 0x45, 0x45, 0x46, 0x46, 0x47, 0x49, 0x4b, 0x4c, 0x4f, 0x51, 0x54, 0x58, 
	0x5c, 0x61, 0x69, 0x70, 0x63, 0x60, 0x5b, 0x57, 0x54, 0x51, 0x4f, 0x4d, 0x4b, 0x49, 0x48, 0x47, 
	0x46, 0x46, 0x46, 0x45, 0x46, 0x46, 0x47, 0x47, 0x49, 0x4a, 0x4c, 0x4e, 0x50, 0x53, 0x56, 0x59, 
	0x5d, 0x63, 0x6c, 0x74, 0x66, 0x62, 0x5d, 0x59, 0x56, 0x53, 0x51, 0x4e, 0x4c, 0x4b, 0x4a, 0x49, 
	0x48, 0x47, 0x47, 0x47, 0x47, 0x47, 0x48, 0x49, 0x4a, 0x4c, 0x4d, 0x4f, 0x52, 0x54, 0x58, 0x5b, 
	0x60, 0x66, 0x70, 0x79, 0x6a, 0x65, 0x60, 0x5b, 0x58, 0x55, 0x53, 0x50, 0x4e, 0x4d, 0x4b, 0x4a, 
	0x49, 0x49, 0x48, 0x48, 0x49, 0x49, 0x4a, 0x4b, 0x4c, 0x4d, 0x4f, 0x51, 0x54, 0x56, 0x5a, 0x5d, 
	0x62, 0x6a, 0x76, 0x81, 0x6f, 0x69, 0x62, 0x5e, 0x5a, 0x57, 0x54, 0x52, 0x50, 0x4e, 0x4d, 0x4c, 
	0x4b, 0x4a, 0x4a, 0x4a, 0x4a, 0x4b, 0x4b, 0x4c, 0x4d, 0x4f, 0x51, 0x53, 0x55, 0x58, 0x5b, 0x60, 
	0x65, 0x6e, 0x7c, 0x89, 0x72, 0x6b, 0x64, 0x5f, 0x5b, 0x58, 0x56, 0x53, 0x51, 0x50, 0x4e, 0x4d, 
	0x4c, 0x4b, 0x4b, 0x4b, 0x4b, 0x4c, 0x4c, 0x4d, 0x4f, 0x50, 0x52, 0x54, 0x56, 0x59, 0x5d, 0x61, 
	0x67, 0x71, 0x80, 0x8f, 0x00, 0x00, 0x00, 0x00, 0x01, 0x00, 0x00, 0x04, 0x01, 0x00, 0x00, 0x00, 
	0x01, 0x01, 0x01, 0x01, 0x01, 0x01, 0x01, 0x01, 0x01, 0x01, 0x01, 0x01, 0x01, 0x01, 0x01, 0x01, 
	0x01, 0x01, 0x01, 0x01, 0x01, 0x01, 0x01, 0x01, 0x01, 0x01, 0x01, 0x01, 0x01, 0x01, 0x01, 0x01, 
	0x01, 0x01, 0x01, 0x01, 0x01, 0x01, 0x01, 0x01, 0x01, 0x01, 0x01, 0x01, 0x01, 0x01, 0x01, 0x01, 
	0x01, 0x01, 0x01, 0x01, 0x01, 0x01, 0x01, 0x01, 0x01, 0x01, 0x01, 0x01, 0x01, 0x01, 0x01, 0x01, 
	0x01, 0x01, 0x01, 0x01, 0x01, 0x01, 0x01, 0x01, 0x01, 0x01, 0x01, 0x01, 0x01, 0x01, 0x01, 0x01, 
	0x01, 0x01, 0x01, 0x01, 0x01, 0x01, 0x01, 0x01, 0x01, 0x01, 0x01, 0x01, 0x01, 0x01, 0x01, 0x01, 
	0x01, 0x01, 0x01, 0x01, 0x01, 0x01, 0x01, 0x01, 0x01, 0x01, 0x01, 0x01, 0x01, 0x01, 0x01, 0x01, 
	0x01, 0x01, 0x01, 0x01, 0x01, 0x01, 0x01, 0x01, 0x01, 0x01, 0x01, 0x01, 0x01, 0x01, 0x01, 0x01, 
	0x01, 0x01, 0x01, 0x01, 0x01, 0x01, 0x01, 0x01, 0x01, 0x01, 0x01, 0x01, 0x01, 0x01, 0x01, 0x01, 
	0x01, 0x01, 0x01, 0x01, 0x01, 0x01, 0x01, 0x01, 0x01, 0x01, 0x01, 0x01, 0x01, 0x01, 0x01, 0x01, 
	0x01, 0x01, 0x01, 0x01, 0x01, 0x01, 0x01, 0x01, 0x01, 0x01, 0x01, 0x01, 0x01, 0x01, 0x01, 0x01, 
	0x01, 0x01, 0x01, 0x01, 0x01, 0x01, 0x01, 0x01, 0x01, 0x01, 0x01, 0x01, 0x01, 0x01, 0x01, 0x01, 
	0x01, 0x01, 0x01, 0x01, 0x01, 0x01, 0x01, 0x01, 0x01, 0x01, 0x01, 0x01, 0x01, 0x01, 0x01, 0x01, 
	0x01, 0x01, 0x01, 0x01, 0x01, 0x01, 0x01, 0x01, 0x01, 0x01, 0x01, 0x01, 0x01, 0x01, 0x01, 0x01, 
	0x01, 0x01, 0x01, 0x01, 0x01, 0x01, 0x01, 0x01, 0x01, 0x01, 0x01, 0x01, 0x01, 0x01, 0x01, 0x01, 
	0x01, 0x01, 0x01, 0x01, 0x01, 0x01, 0x01, 0x01, 0x01, 0x01, 0x01, 0x01, 0x01, 0x01, 0x01, 0x01, 
	0x01, 0x01, 0x01, 0x01, 0x01, 0x01, 0x01, 0x01, 0x01, 0x01, 0x01, 0x01, 0x01, 0x01, 0x01, 0x01, 
	0x01, 0x01, 0x01, 0x01, 0x01, 0x01, 0x01, 0x01, 0x01, 0x01, 0x01, 0x01, 0x01, 0x01, 0x01, 0x01, 
	0x01, 0x01, 0x01, 0x01, 0x01, 0x01, 0x01, 0x01, 0x01, 0x01, 0x01, 0x01, 0x01, 0x01, 0x01, 0x01, 
	0x01, 0x01, 0x01, 0x01, 0x01, 0x01, 0x01, 0x01, 0x01, 0x01, 0x01, 0x01, 0x01, 0x01, 0x01, 0x01, 
	0x01, 0x01, 0x01, 0x01, 0x01, 0x01, 0x01, 0x01, 0x01, 0x01, 0x01, 0x01, 0x01, 0x01, 0x01, 0x01, 
	0x01, 0x01, 0x01, 0x01, 0x01, 0x01, 0x01, 0x01, 0x01, 0x01, 0x01, 0x01, 0x01, 0x01, 0x01, 0x01, 
	0x01, 0x01, 0x01, 0x01, 0x01, 0x01, 0x01, 0x01, 0x01, 0x01, 0x01, 0x01, 0x01, 0x01, 0x01, 0x01, 
	0x01, 0x01, 0x01, 0x01, 0x01, 0x01, 0x01, 0x01, 0x01, 0x01, 0x01, 0x01, 0x01, 0x01, 0x01, 0x01, 
	0x01, 0x01, 0x01, 0x01, 0x01, 0x01, 0x01, 0x01, 0x01, 0x01, 0x01, 0x01, 0x01, 0x01, 0x01, 0x01, 
	0x01, 0x01, 0x01, 0x01, 0x01, 0x01, 0x01, 0x01, 0x01, 0x01, 0x01, 0x01, 0x01, 0x01, 0x01, 0x01, 
	0x01, 0x01, 0x01, 0x01, 0x01, 0x01, 0x01, 0x01, 0x01, 0x01, 0x01, 0x01, 0x01, 0x01, 0x01, 0x01, 
	0x01, 0x01, 0x01, 0x01, 0x01, 0x01, 0x01, 0x01, 0x01, 0x01, 0x01, 0x01, 0x01, 0x01, 0x01, 0x01, 
	0x01, 0x01, 0x01, 0x01, 0x01, 0x01, 0x01, 0x01, 0x01, 0x01, 0x01, 0x01, 0x01, 0x01, 0x01, 0x01, 
	0x01, 0x01, 0x01, 0x01, 0x01, 0x01, 0x01, 0x01, 0x01, 0x01, 0x01, 0x01, 0x01, 0x01, 0x01, 0x01, 
	0x01, 0x01, 0x01, 0x01, 0x01, 0x01, 0x01, 0x01, 0x01, 0x01, 0x01, 0x01, 0x01, 0x01, 0x01, 0x01, 
	0x01, 0x01, 0x01, 0x01, 0x01, 0x01, 0x01, 0x01, 0x01, 0x01, 0x01, 0x01, 0x01, 0x01, 0x01, 0x01, 
	0x01, 0x01, 0x01, 0x01, 0x01, 0x01, 0x01, 0x01, 0x01, 0x01, 0x01, 0x01, 0x01, 0x01, 0x01, 0x01, 
	0x01, 0x01, 0x01, 0x01, 0x01, 0x01, 0x01, 0x01, 0x01, 0x01, 0x01, 0x01, 0x01, 0x01, 0x01, 0x01, 
	0x01, 0x01, 0x01, 0x01, 0x01, 0x01, 0x01, 0x01, 0x01, 0x01, 0x01, 0x01, 0x01, 0x01, 0x01, 0x01, 
	0x01, 0x01, 0x01, 0x01, 0x01, 0x01, 0x01, 0x01, 0x01, 0x01, 0x01, 0x01, 0x01, 0x01, 0x01, 0x01, 
	0x01, 0x01, 0x01, 0x01, 0x01, 0x01, 0x01, 0x01, 0x01, 0x01, 0x01, 0x01, 0x01, 0x01, 0x01, 0x01, 
	0x01, 0x01, 0x01, 0x01, 0x01, 0x01, 0x01, 0x01, 0x01, 0x01, 0x01, 0x01, 0x01, 0x01, 0x01, 0x01, 
	0x01, 0x01, 0x01, 0x01, 0x01, 0x01, 0x01, 0x01, 0x01, 0x01, 0x01, 0x01, 0x01, 0x01, 0x01, 0x01, 
	0x01, 0x01, 0x01, 0x01, 0x01, 0x01, 0x01, 0x01, 0x01, 0x01, 0x01, 0x01, 0x01, 0x01, 0x01, 0x01, 
	0x01, 0x01, 0x01, 0x01, 0x01, 0x01, 0x01, 0x01, 0x01, 0x01, 0x01, 0x01, 0x01, 0x01, 0x01, 0x01, 
	0x01, 0x01, 0x01, 0x01, 0x01, 0x01, 0x01, 0x01, 0x01, 0x01, 0x01, 0x01, 0x01, 0x01, 0x01, 0x01, 
	0x01, 0x01, 0x01, 0x01, 0x01, 0x01, 0x01, 0x01, 0x01, 0x01, 0x01, 0x01, 0x01, 0x01, 0x01, 0x01, 
	0x01, 0x01, 0x01, 0x01, 0x01, 0x01, 0x01, 0x01, 0x01, 0x01, 0x01, 0x01, 0x01, 0x01, 0x01, 0x01, 
	0x01, 0x01, 0x01, 0x01, 0x01, 0x01, 0x01, 0x01, 0x01, 0x01, 0x01, 0x01, 0x01, 0x01, 0x01, 0x01, 
	0x01, 0x01, 0x01, 0x01, 0x01, 0x01, 0x01, 0x01, 0x01, 0x01, 0x01, 0x01, 0x01, 0x01, 0x01, 0x01, 
	0x01, 0x01, 0x01, 0x01, 0x01, 0x01, 0x01, 0x01, 0x01, 0x01, 0x01, 0x01, 0x01, 0x01, 0x01, 0x01, 
	0x01, 0x01, 0x01, 0x01, 0x01, 0x01, 0x01, 0x01, 0x01, 0x01, 0x01, 0x01, 0x01, 0x01, 0x01, 0x01, 
	0x01, 0x01, 0x01, 0x01, 0x01, 0x01, 0x01, 0x01, 0x01, 0x01, 0x01, 0x01, 0x01, 0x01, 0x01, 0x01, 
	0x01, 0x01, 0x01, 0x01, 0x01, 0x01, 0x01, 0x01, 0x01, 0x01, 0x01, 0x01, 0x01, 0x01, 0x01, 0x01, 
	0x01, 0x01, 0x01, 0x01, 0x01, 0x01, 0x01, 0x01, 0x01, 0x01, 0x01, 0x01, 0x01, 0x01, 0x01, 0x01, 
	0x01, 0x01, 0x01, 0x01, 0x01, 0x01, 0x01, 0x01, 0x01, 0x01, 0x01, 0x01, 0x01, 0x01, 0x01, 0x01, 
	0x01, 0x01, 0x01, 0x01, 0x01, 0x01, 0x01, 0x01, 0x01, 0x01, 0x01, 0x01, 0x01, 0x01, 0x01, 0x01, 
	0x01, 0x01, 0x01, 0x01, 0x01, 0x01, 0x01, 0x01, 0x01, 0x01, 0x01, 0x01, 0x01, 0x01, 0x01, 0x01, 
	0x01, 0x01, 0x01, 0x01, 0x01, 0x01, 0x01, 0x01, 0x01, 0x01, 0x01, 0x01, 0x01, 0x01, 0x01, 0x01, 
	0x01, 0x01, 0x01, 0x01, 0x01, 0x01, 0x01, 0x01, 0x01, 0x01, 0x01, 0x01, 0x01, 0x01, 0x01, 0x01, 
	0x01, 0x01, 0x01, 0x01, 0x01, 0x01, 0x01, 0x01, 0x01, 0x01, 0x01, 0x01, 0x01, 0x01, 0x01, 0x01, 
	0x01, 0x01, 0x01, 0x01, 0x01, 0x01, 0x01, 0x01, 0x01, 0x01, 0x01, 0x01, 0x01, 0x01, 0x01, 0x01, 
	0x01, 0x01, 0x01, 0x01, 0x01, 0x01, 0x01, 0x01, 0x01, 0x01, 0x01, 0x01, 0x01, 0x01, 0x01, 0x01, 
	0x01, 0x01, 0x01, 0x01, 0x01, 0x01, 0x01, 0x01, 0x01, 0x01, 0x01, 0x01, 0x01, 0x01, 0x01, 0x01, 
	0x01, 0x01, 0x01, 0x01, 0x01, 0x01, 0x01, 0x01, 0x01, 0x01, 0x01, 0x01, 0x01, 0x01, 0x01, 0x01, 
	0x01, 0x01, 0x01, 0x01, 0x01, 0x01, 0x01, 0x01, 0x01, 0x01, 0x01, 0x01, 0x01, 0x01, 0x01, 0x01, 
	0x01, 0x01, 0x01, 0x01, 0x01, 0x01, 0x01, 0x01, 0x01, 0x01, 0x01, 0x01, 0x01, 0x01, 0x01, 0x01, 
	0x01, 0x01, 0x01, 0x01, 0x01, 0x01, 0x01, 0x01, 0x01, 0x01, 0x01, 0x01, 0x01, 0x01, 0x01, 0x01, 
	0x00, 0x00, 0x00, 0x00, 0x01, 0x00, 0x00, 0x04, 0x01, 0x00, 0x00, 0x00, 0x01, 0x01, 0x01, 0x01, 
	0x01, 0x01, 0x01, 0x01, 0x01, 0x01, 0x01, 0x01, 0x01, 0x01, 0x01, 0x01, 0x01, 0x01, 0x01, 0x01, 
	0x01, 0x01, 0x01, 0x01, 0x01, 0x01, 0x01, 0x01, 0x01, 0x01, 0x01, 0x01, 0x01, 0x01, 0x01, 0x01, 
	0x01, 0x01, 0x01, 0x01, 0x01, 0x01, 0x01, 0x01, 0x01, 0x01, 0x01, 0x01, 0x01, 0x01, 0x01, 0x01, 
	0x01, 0x01, 0x01, 0x01, 0x01, 0x01, 0x01, 0x01, 0x01, 0x01, 0x01, 0x01, 0x01, 0x01, 0x01, 0x01, 
	0x01, 0x01, 0x01, 0x01, 0x01, 0x01, 0x01, 0x01, 0x01, 0x01, 0x01, 0x01, 0x01, 0x01, 0x01, 0x01, 
	0x01, 0x01, 0x01, 0x01, 0x01, 0x01, 0x01, 0x01, 0x01, 0x01, 0x01, 0x01, 0x01, 0x01, 0x01, 0x01, 
	0x01, 0x01, 0x01, 0x01, 0x01, 0x01, 0x01, 0x01, 0x01, 0x01, 0x01, 0x01, 0x01, 0x01, 0x01, 0x01, 
	0x01, 0x01, 0x01, 0x01, 0x01, 0x01, 0x01, 0x01, 0x01, 0x01, 0x01, 0x01, 0x01, 0x01, 0x01, 0x01, 
	0x01, 0x01, 0x01, 0x01, 0x01, 0x01, 0x01, 0x01, 0x01, 0x01, 0x01, 0x01, 0x01, 0x01, 0x01, 0x01, 
	0x01, 0x01, 0x01, 0x01, 0x01, 0x01, 0x01, 0x01, 0x01, 0x01, 0x01, 0x01, 0x01, 0x01, 0x01, 0x01, 
	0x01, 0x01, 0x01, 0x01, 0x01, 0x01, 0x01, 0x01, 0x01, 0x01, 0x01, 0x01, 0x01, 0x01, 0x01, 0x01, 
	0x01, 0x01, 0x01, 0x01, 0x01, 0x01, 0x01, 0x01, 0x01, 0x01, 0x01, 0x01, 0x01, 0x01, 0x01, 0x01, 
	0x01, 0x01, 0x01, 0x01, 0x01, 0x01, 0x01, 0x01, 0x01, 0x01, 0x01, 0x01, 0x01, 0x01, 0x01, 0x01, 
	0x01, 0x01, 0x01, 0x01, 0x01, 0x01, 0x01, 0x01, 0x01, 0x01, 0x01, 0x01, 0x01, 0x01, 0x01, 0x01, 
	0x01, 0x01, 0x01, 0x01, 0x01, 0x01, 0x01, 0x01, 0x01, 0x01, 0x01, 0x01, 0x01, 0x01, 0x01, 0x01, 
	0x01, 0x01, 0x01, 0x01, 0x01, 0x01, 0x01, 0x01, 0x01, 0x01, 0x01, 0x01, 0x01, 0x01, 0x01, 0x01, 
	0x01, 0x01, 0x01, 0x01, 0x01, 0x01, 0x01, 0x01, 0x01, 0x01, 0x01, 0x01, 0x01, 0x01, 0x01, 0x01, 
	0x01, 0x01, 0x01, 0x01, 0x01, 0x01, 0x01, 0x01, 0x01, 0x01, 0x01, 0x01, 0x01, 0x01, 0x01, 0x01, 
	0x01, 0x01, 0x01, 0x01, 0x01, 0x01, 0x01, 0x01, 0x01, 0x01, 0x01, 0x01, 0x01, 0x01, 0x01, 0x01, 
	0x01, 0x01, 0x01, 0x01, 0x01, 0x01, 0x01, 0x01, 0x01, 0x01, 0x01, 0x01, 0x01, 0x01, 0x01, 0x01, 
	0x01, 0x01, 0x01, 0x01, 0x01, 0x01, 0x01, 0x01, 0x01, 0x01, 0x01, 0x01, 0x01, 0x01, 0x01, 0x01, 
	0x01, 0x01, 0x01, 0x01, 0x01, 0x01, 0x01, 0x01, 0x01, 0x01, 0x01, 0x01, 0x01, 0x01, 0x01, 0x01, 
	0x01, 0x01, 0x01, 0x01, 0x01, 0x01, 0x01, 0x01, 0x01, 0x01, 0x01, 0x01, 0x01, 0x01, 0x01, 0x01, 
	0x01, 0x01, 0x01, 0x01, 0x01, 0x01, 0x01, 0x01, 0x01, 0x01, 0x01, 0x01, 0x01, 0x01, 0x01, 0x01, 
	0x01, 0x01, 0x01, 0x01, 0x01, 0x01, 0x01, 0x01, 0x01, 0x01, 0x01, 0x01, 0x01, 0x01, 0x01, 0x01, 
	0x01, 0x01, 0x01, 0x01, 0x01, 0x01, 0x01, 0x01, 0x01, 0x01, 0x01, 0x01, 0x01, 0x01, 0x01, 0x01, 
	0x01, 0x01, 0x01, 0x01, 0x01, 0x01, 0x01, 0x01, 0x01, 0x01, 0x01, 0x01, 0x01, 0x01, 0x01, 0x01, 
	0x01, 0x01, 0x01, 0x01, 0x01, 0x01, 0x01, 0x01, 0x01, 0x01, 0x01, 0x01, 0x01, 0x01, 0x01, 0x01, 
	0x01, 0x01, 0x01, 0x01, 0x01, 0x01, 0x01, 0x01, 0x01, 0x01, 0x01, 0x01, 0x01, 0x01, 0x01, 0x01, 
	0x01, 0x01, 0x01, 0x01, 0x01, 0x01, 0x01, 0x01, 0x01, 0x01, 0x01, 0x01, 0x01, 0x01, 0x01, 0x01, 
	0x01, 0x01, 0x01, 0x01, 0x01, 0x01, 0x01, 0x01, 0x01, 0x01, 0x01, 0x01, 0x01, 0x01, 0x01, 0x01, 
	0x01, 0x01, 0x01, 0x01, 0x01, 0x01, 0x01, 0x01, 0x01, 0x01, 0x01, 0x01, 0x01, 0x01, 0x01, 0x01, 
	0x01, 0x01, 0x01, 0x01, 0x01, 0x01, 0x01, 0x01, 0x01, 0x01, 0x01, 0x01, 0x01, 0x01, 0x01, 0x01, 
	0x01, 0x01, 0x01, 0x01, 0x01, 0x01, 0x01, 0x01, 0x01, 0x01, 0x01, 0x01, 0x01, 0x01, 0x01, 0x01, 
	0x01, 0x01, 0x01, 0x01, 0x01, 0x01, 0x01, 0x01, 0x01, 0x01, 0x01, 0x01, 0x01, 0x01, 0x01, 0x01, 
	0x01, 0x01, 0x01, 0x01, 0x01, 0x01, 0x01, 0x01, 0x01, 0x01, 0x01, 0x01, 0x01, 0x01, 0x01, 0x01, 
	0x01, 0x01, 0x01, 0x01, 0x01, 0x01, 0x01, 0x01, 0x01, 0x01, 0x01, 0x01, 0x01, 0x01, 0x01, 0x01, 
	0x01, 0x01, 0x01, 0x01, 0x01, 0x01, 0x01, 0x01, 0x01, 0x01, 0x01, 0x01, 0x01, 0x01, 0x01, 0x01, 
	0x01, 0x01, 0x01, 0x01, 0x01, 0x01, 0x01, 0x01, 0x01, 0x01, 0x01, 0x01, 0x01, 0x01, 0x01, 0x01, 
	0x01, 0x01, 0x01, 0x01, 0x01, 0x01, 0x01, 0x01, 0x01, 0x01, 0x01, 0x01, 0x01, 0x01, 0x01, 0x01, 
	0x01, 0x01, 0x01, 0x01, 0x01, 0x01, 0x01, 0x01, 0x01, 0x01, 0x01, 0x01, 0x01, 0x01, 0x01, 0x01, 
	0x01, 0x01, 0x01, 0x01, 0x01, 0x01, 0x01, 0x01, 0x01, 0x01, 0x01, 0x01, 0x01, 0x01, 0x01, 0x01, 
	0x01, 0x01, 0x01, 0x01, 0x01, 0x01, 0x01, 0x01, 0x01, 0x01, 0x01, 0x01, 0x01, 0x01, 0x01, 0x01, 
	0x01, 0x01, 0x01, 0x01, 0x01, 0x01, 0x01, 0x01, 0x01, 0x01, 0x01, 0x01, 0x01, 0x01, 0x01, 0x01, 
	0x01, 0x01, 0x01, 0x01, 0x01, 0x01, 0x01, 0x01, 0x01, 0x01, 0x01, 0x01, 0x01, 0x01, 0x01, 0x01, 
	0x01, 0x01, 0x01, 0x01, 0x01, 0x01, 0x01, 0x01, 0x01, 0x01, 0x01, 0x01, 0x01, 0x01, 0x01, 0x01, 
	0x01, 0x01, 0x01, 0x01, 0x01, 0x01, 0x01, 0x01, 0x01, 0x01, 0x01, 0x01, 0x01, 0x01, 0x01, 0x01, 
	0x01, 0x01, 0x01, 0x01, 0x01, 0x01, 0x01, 0x01, 0x01, 0x01, 0x01, 0x01, 0x01, 0x01, 0x01, 0x01, 
	0x01, 0x01, 0x01, 0x01, 0x01, 0x01, 0x01, 0x01, 0x01, 0x01, 0x01, 0x01, 0x01, 0x01, 0x01, 0x01, 
	0x01, 0x01, 0x01, 0x01, 0x01, 0x01, 0x01, 0x01, 0x01, 0x01, 0x01, 0x01, 0x01, 0x01, 0x01, 0x01, 
	0x01, 0x01, 0x01, 0x01, 0x01, 0x01, 0x01, 0x01, 0x01, 0x01, 0x01, 0x01, 0x01, 0x01, 0x01, 0x01, 
	0x01, 0x01, 0x01, 0x01, 0x01, 0x01, 0x01, 0x01, 0x01, 0x01, 0x01, 0x01, 0x01, 0x01, 0x01, 0x01, 
	0x01, 0x01, 0x01, 0x01, 0x01, 0x01, 0x01, 0x01, 0x01, 0x01, 0x01, 0x01, 0x01, 0x01, 0x01, 0x01, 
	0x01, 0x01, 0x01, 0x01, 0x01, 0x01, 0x01, 0x01, 0x01, 0x01, 0x01, 0x01, 0x01, 0x01, 0x01, 0x01, 
	0x01, 0x01, 0x01, 0x01, 0x01, 0x01, 0x01, 0x01, 0x01, 0x01, 0x01, 0x01, 0x01, 0x01, 0x01, 0x01, 
	0x01, 0x01, 0x01, 0x01, 0x01, 0x01, 0x01, 0x01, 0x01, 0x01, 0x01, 0x01, 0x01, 0x01, 0x01, 0x01, 
	0x01, 0x01, 0x01, 0x01, 0x01, 0x01, 0x01, 0x01, 0x01, 0x01, 0x01, 0x01, 0x01, 0x01, 0x01, 0x01, 
	0x01, 0x01, 0x01, 0x01, 0x01, 0x01, 0x01, 0x01, 0x01, 0x01, 0x01, 0x01, 0x01, 0x01, 0x01, 0x01, 
	0x01, 0x01, 0x01, 0x01, 0x01, 0x01, 0x01, 0x01, 0x01, 0x01, 0x01, 0x01, 0x01, 0x01, 0x01, 0x01, 
	0x01, 0x01, 0x01, 0x01, 0x01, 0x01, 0x01, 0x01, 0x01, 0x01, 0x01, 0x01, 0x01, 0x01, 0x01, 0x01, 
	0x01, 0x01, 0x01, 0x01, 0x01, 0x01, 0x01, 0x01, 0x01, 0x01, 0x01, 0x01, 0x01, 0x01, 0x01, 0x01, 
	0x01, 0x01, 0x01, 0x01, 0x01, 0x01, 0x01, 0x01, 0x01, 0x01, 0x01, 0x01, 0x01, 0x01, 0x01, 0x01, 
	0x01, 0x01, 0x01, 0x01, 0x01, 0x01, 0x01, 0x01, 0x01, 0x01, 0x01, 0x01, 0x01, 0x01, 0x01, 0x01, 
	0x01, 0x01, 0x01, 0x01, 0x01, 0x01, 0x01, 0x01, 0x01, 0x01, 0x01, 0x01, 0x00, 0x00, 0x00, 0x00, 
	0x06, 0x00, 0x02, 0x00, 0x02, 0x00, 0x00, 0x00, 0x00, 0x00, 0x40, 0x00, 0x00, 0x01, 0x40, 0x00, 
	0x00, 0x02, 0x40, 0x00, 0x00, 0x03, 0x40, 0x00, 0x00, 0x04, 0x40, 0x00, 0x00, 0x05, 0x40, 0x00, 
	0x00, 0x00, 0x00, 0x00, 0x06, 0x00, 0x02, 0x00, 0x02, 0x00, 0x00, 0x00, 0x00, 0x00, 0x40, 0x00, 
	0x00, 0x01, 0x40, 0x00, 0x00, 0x02, 0x40, 0x00, 0x00, 0x03, 0x40, 0x00, 0x00, 0x04, 0x40, 0x00, 
	0x00, 0x05, 0x40, 0x00, 0x00, 0x00, 0x00, 0x00, 0x06, 0x00, 0x02, 0x00, 0x02, 0x00, 0x00, 0x00, 
	0x00, 0x00, 0x00, 0x10, 0x00, 0x01, 0x00, 0x08, 0x00, 0x02, 0x00, 0x08, 0x00, 0x03, 0x00, 0x08, 
	0x00, 0x04, 0x00, 0x04, 0x00, 0x05, 0x00, 0x02, 0x00, 0x00, 0x00, 0x00, 0x06, 0x00, 0x02, 0x00, 
	0x02, 0x00, 0x00, 0x00, 0x00, 0x00, 0x00, 0x10, 0x00, 0x01, 0x18, 0x0c, 0x00, 0x02, 0x18, 0x0c, 
	0x00, 0x03, 0xd0, 0x07, 0x00, 0x04, 0xc8, 0x00, 0x00, 0x05, 0x00, 0x00, 0x00, 0x00, 0x00, 0x00, 
	0x01, 0x00, 0x41, 0x00, 0x02, 0x00, 0x00, 0x00, 0x00, 0x00, 0xf1, 0x0a, 0x61, 0x16, 0x32, 0x20, 
	0x52, 0x29, 0x03, 0x32, 0x93, 0x3a, 0x34, 0x43, 0x84, 0x4b, 0x45, 0x53, 0x65, 0x5a, 0xd6, 0x60, 
	0xf6, 0x66, 0xa6, 0x6c, 0x47, 0x72, 0xa7, 0x77, 0xe7, 0x7c, 0xf8, 0x81, 0xf8, 0x86, 0xb8, 0x8b, 
	0x78, 0x90, 0x29, 0x95, 0x99, 0x99, 0x19, 0x9e, 0x8a, 0xa2, 0xfa, 0xa6, 0x7a, 0xab, 0x2a, 0xb0, 
	0xfb, 0xb4, 0xdb, 0xb9, 0x9b, 0xbe, 0x2b, 0xc3, 0x5c, 0xc7, 0x5c, 0xcb, 0xec, 0xce, 0xfc, 0xd1, 
	0x9c, 0xd4, 0xdd, 0xd6, 0xdd, 0xd8, 0xbd, 0xda, 0x7d, 0xdc, 0x0d, 0xde, 0x8d, 0xdf, 0x0d, 0xe1, 
	0x6d, 0xe2, 0xdd, 0xe3, 0x3d, 0xe5, 0xae, 0xe6, 0x1e, 0xe8, 0x9e, 0xe9, 0x2e, 0xeb, 0xae, 0xec, 
	0x3e, 0xee, 0xbe, 0xef, 0x3e, 0xf1, 0xce, 0xf2, 0x4e, 0xf4, 0xce, 0xf5, 0x3e, 0xf7, 0xbf, 0xf8, 
	0x3f, 0xfa, 0xaf, 0xfb, 0x1f, 0xfd, 0x9f, 0xfe, 0xff, 0xff, 0x00, 0x00, 0x00, 0x00, 0x01, 0x00, 
	0x41, 0x00, 0x02, 0x00, 0x00, 0x00, 0x00, 0x00, 0xf1, 0x0a, 0x61, 0x16, 0x32, 0x20, 0x52, 0x29, 
	0x03, 0x32, 0x93, 0x3a, 0x34, 0x43, 0x84, 0x4b, 0x45, 0x53, 0x65, 0x5a, 0xd6, 0x60, 0xf6, 0x66, 
	0xa6, 0x6c, 0x47, 0x72, 0xa7, 0x77, 0xe7, 0x7c, 0xf8, 0x81, 0xf8, 0x86, 0xb8, 0x8b, 0x78, 0x90, 
	0x29, 0x95, 0x99, 0x99, 0x19, 0x9e, 0x8a, 0xa2, 0xfa, 0xa6, 0x7a, 0xab, 0x2a, 0xb0, 0xfb, 0xb4, 
	0xdb, 0xb9, 0x9b, 0xbe, 0x2b, 0xc3, 0x5c, 0xc7, 0x5c, 0xcb, 0xec, 0xce, 0xfc, 0xd1, 0x9c, 0xd4, 
	0xdd, 0xd6, 0xdd, 0xd8, 0xbd, 0xda, 0x7d, 0xdc, 0x0d, 0xde, 0x8d, 0xdf, 0x0d, 0xe1, 0x6d, 0xe2, 
	0xdd, 0xe3, 0x3d, 0xe5, 0xae, 0xe6, 0x1e, 0xe8, 0x9e, 0xe9, 0x2e, 0xeb, 0xae, 0xec, 0x3e, 0xee, 
	0xbe, 0xef, 0x3e, 0xf1, 0xce, 0xf2, 0x4e, 0xf4, 0xce, 0xf5, 0x3e, 0xf7, 0xbf, 0xf8, 0x3f, 0xfa, 
	0xaf, 0xfb, 0x1f, 0xfd, 0x9f, 0xfe, 0xff, 0xff, 0x00, 0x00, 0x00, 0x00, 0x01, 0x00, 0x41, 0x00, 
	0x02, 0x00, 0x00, 0x00, 0x00, 0x00, 0x90, 0x01, 0xfd, 0x02, 0x59, 0x04, 0xab, 0x05, 0x1d, 0x07, 
	0xa6, 0x08, 0x42, 0x0a, 0xeb, 0x0b, 0xa0, 0x0d, 0x68, 0x0f, 0x39, 0x11, 0x11, 0x13, 0xf3, 0x14, 
	0xd3, 0x16, 0xa7, 0x18, 0x7e, 0x1a, 0x60, 0x1c, 0x45, 0x1e, 0x3f, 0x20, 0x49, 0x22, 0x67, 0x24, 
	0xa2, 0x26, 0xfd, 0x28, 0x7a, 0x2b, 0x11, 0x2e, 0xb9, 0x30, 0x8a, 0x33, 0x58, 0x36, 0x48, 0x39, 
	0x45, 0x3c, 0x54, 0x3f, 0x77, 0x42, 0xa0, 0x45, 0xde, 0x48, 0x3b, 0x4c, 0x98, 0x4f, 0x06, 0x53, 
	0x8a, 0x56, 0x23, 0x5a, 0xb1, 0x5d, 0x56, 0x61, 0xf0, 0x64, 0x74, 0x68, 0xdc, 0x6b, 0x32, 0x6f, 
	0x7a, 0x72, 0xce, 0x75, 0x35, 0x79, 0xc8, 0x7c, 0x9b, 0x80, 0xb5, 0x84, 0x53, 0x89, 0x06, 0x8f, 
	0x47, 0x96, 0xe3, 0x9e, 0x32, 0xa9, 0x65, 0xb4, 0xb1, 0xbf, 0x30, 0xca, 0xa2, 0xd4, 0x2f, 0xdf, 
	0x04, 0xea, 0xd9, 0xf4, 0xff, 0xff, 0x00, 0x00, 0x00, 0x00, 0x01, 0x00, 0x41, 0x00, 0x02, 0x00, 
	0x00, 0x00, 0x00, 0x00, 0x90, 0x01, 0xfd, 0x02, 0x59, 0x04, 0xab, 0x05, 0x1d, 0x07, 0xa6, 0x08, 
	0x42, 0x0a, 0xeb, 0x0b, 0xa0, 0x0d, 0x68, 0x0f, 0x39, 0x11, 0x11, 0x13, 0xf3, 0x14, 0xd3, 0x16, 
	0xa7, 0x18, 0x7e, 0x1a, 0x60, 0x1c, 0x45, 0x1e, 0x3f, 0x20, 0x49, 0x22, 0x67, 0x24, 0xa2, 0x26, 
	0xfd, 0x28, 0x7a, 0x2b, 0x11, 0x2e, 0xb9, 0x30, 0x8a, 0x33, 0x58, 0x36, 0x48, 0x39, 0x45, 0x3c, 
	0x54, 0x3f, 0x77, 0x42, 0xa0, 0x45, 0xde, 0x48, 0x3b, 0x4c, 0x98, 0x4f, 0x06, 0x53, 0x8a, 0x56, 
	0x23, 0x5a, 0xb1, 0x5d, 0x56, 0x61, 0xf0, 0x64, 0x74, 0x68, 0xdc, 0x6b, 0x32, 0x6f, 0x7a, 0x72, 
	0xce, 0x75, 0x35, 0x79, 0xc8, 0x7c, 0x9b, 0x80, 0xb5, 0x84, 0x53, 0x89, 0x06, 0x8f, 0x47, 0x96, 
	0xe3, 0x9e, 0x32, 0xa9, 0x65, 0xb4, 0xb1, 0xbf, 0x30, 0xca, 0xa2, 0xd4, 0x2f, 0xdf, 0x04, 0xea, 
	0xd9, 0xf4, 0xff, 0xff, 0x00, 0x00, 0x00, 0x00, 0x07, 0x00, 0x02, 0x00, 0x02, 0x00, 0x00, 0x00, 
	0x00, 0x00, 0x5f, 0x00, 0x00, 0x01, 0x64, 0x00, 0x00, 0x02, 0x64, 0x00, 0x00, 0x03, 0x69, 0x00, 
	0x00, 0x04, 0x69, 0x00, 0x00, 0x05, 0x73, 0x00, 0x00, 0x06, 0x73, 0x00, 0x00, 0x00, 0x00, 0x00, 
	0x07, 0x00, 0x02, 0x00, 0x02, 0x00, 0x00, 0x00, 0x00, 0x00, 0x50, 0x00, 0x00, 0x01, 0x55, 0x00, 
	0x00, 0x02, 0x5d, 0x00, 0x00, 0x03, 0x69, 0x00, 0x00, 0x04, 0x71, 0x00, 0x00, 0x05, 0x78, 0x00, 
	0x00, 0x06, 0x7d, 0x00, 0x00, 0x00, 0x00, 0x00, 0x01, 0x00, 0x0b, 0x00, 0x04, 0x00, 0x00, 0x00, 
	0xe8, 0x03, 0x00, 0x00, 0x20, 0x0b, 0x00, 0x00, 0x9c, 0x65, 0x00, 0x00, 0x3c, 0xfd, 0x00, 0x00, 
	0x3a, 0x92, 0x02, 0x00, 0x3f, 0x1a, 0x05, 0x00, 0xe9, 0xd1, 0x07, 0x00, 0x11, 0x7f, 0x1b, 0x00, 
	0x71, 0x62, 0x32, 0x00, 0x6c, 0xe7, 0x1b, 0x01, 0x6a, 0xe6, 0x99, 0x01, 0x00, 0x00, 0x00, 0x00, 
	0x01, 0x00, 0x0b, 0x00, 0x04, 0x00, 0x00, 0x00, 0xe8, 0x03, 0x00, 0x00, 0x20, 0x0b, 0x00, 0x00, 
	0x9c, 0x65, 0x00, 0x00, 0x3c, 0xfd, 0x00, 0x00, 0x3a, 0x92, 0x02, 0x00, 0x3f, 0x1a, 0x05, 0x00, 
	0xe9, 0xd1, 0x07, 0x00, 0x11, 0x7f, 0x1b, 0x00, 0x71, 0x62, 0x32, 0x00, 0x6c, 0xe7, 0x1b, 0x01, 
	0x6a, 0xe6, 0x99, 0x01, 0x00, 0x00, 0x00, 0x00, 0x01, 0x00, 0x21, 0x00, 0x02, 0x00, 0x00, 0x00, 
	0x00, 0x00, 0xd1, 0x26, 0x70, 0x47, 0x5b, 0x5d, 0x9f, 0x6e, 0xae, 0x7c, 0x6a, 0x88, 0x67, 0x92, 
	0x09, 0x9b, 0x99, 0xa2, 0x4d, 0xa9, 0x50, 0xaf, 0xc2, 0xb4, 0xbc, 0xb9, 0x55, 0xbe, 0x9d, 0xc2, 
	0xa4, 0xc6, 0x77, 0xca, 0x20, 0xce, 0xa9, 0xd1, 0x1b, 0xd5, 0x7e, 0xd8, 0xd7, 0xdb, 0x2e, 0xdf, 
	0x88, 0xe2, 0xea, 0xe5, 0x5a, 0xe9, 0xdc, 0xec, 0x73, 0xf0, 0x26, 0xf4, 0xf5, 0xf7, 0xe7, 0xfb, 
	0xff, 0xff, 0x00, 0x00, 0x00, 0x00, 0x01, 0x00, 0x21, 0x00, 0x02, 0x00, 0x00, 0x00, 0x00, 0x00, 
	0xd1, 0x26, 0x70, 0x47, 0x5b, 0x5d, 0x9f, 0x6e, 0xae, 0x7c, 0x6a, 0x88, 0x67, 0x92, 0x09, 0x9b, 
	0x99, 0xa2, 0x4d, 0xa9, 0x50, 0xaf, 0xc2, 0xb4, 0xbc, 0xb9, 0x55, 0xbe, 0x9d, 0xc2, 0xa4, 0xc6, 
	0x77, 0xca, 0x20, 0xce, 0xa9, 0xd1, 0x1b, 0xd5, 0x7e, 0xd8, 0xd7, 0xdb, 0x2e, 0xdf, 0x88, 0xe2, 
	0xea, 0xe5, 0x5a, 0xe9, 0xdc, 0xec, 0x73, 0xf0, 0x26, 0xf4, 0xf5, 0xf7, 0xe7, 0xfb, 0xff, 0xff, 
	0x00, 0x00, 0x00, 0x00, 0x01, 0x00, 0x01, 0x00, 0x02, 0x00, 0x00, 0x00, 0x14, 0x00, 0x00, 0x00, 
	0x00, 0x00, 0x01, 0x00, 0x01, 0x00, 0x02, 0x00, 0x00, 0x00, 0x14, 0x00, 0x00, 0x00, 0x00, 0x00, 
	0x01, 0x00, 0x01, 0x00, 0x02, 0x00, 0x00, 0x00, 0x00, 0x00, 0x00, 0x00, 0x00, 0x00, 0x01, 0x00, 
	0x01, 0x00, 0x02, 0x00, 0x00, 0x00, 0x00, 0x00, 0x00, 0x00, 0x00, 0x00, 0x01, 0x00, 0x01, 0x00, 
	0x02, 0x00, 0x00, 0x00, 0x0a, 0x00, 0x00, 0x00, 0x00, 0x00, 0x01, 0x00, 0x01, 0x00, 0x02, 0x00, 
	0x00, 0x00, 0x14, 0x00, 0x00, 0x00, 0x00, 0x00, 0x01, 0x00, 0x01, 0x00, 0x04, 0x00, 0x00, 0x00, 
	0x61, 0x78, 0x0b, 0x00, 0x00, 0x00, 0x00, 0x00, 0x01, 0x00, 0x01, 0x00, 0x04, 0x00, 0x00, 0x00, 
	0x61, 0x78, 0x0b, 0x00, 0x00, 0x00, 0x00, 0x00, 0x01, 0x00, 0x75, 0x00, 0x02, 0x00, 0x00, 0x00, 
	0xfd, 0x00, 0xfb, 0x00, 0xf8, 0x00, 0xf3, 0x00, 0xed, 0x00, 0xe5, 0x00, 0xdb, 0x00, 0xcf, 0x00, 
	0xc1, 0x00, 0xb3, 0x00, 0xa6, 0x00, 0x9a, 0x00, 0x92, 0x00, 0x8d, 0x00, 0x8d, 0x00, 0x92, 0x00, 
	0x9a, 0x00, 0xa6, 0x00, 0xb3, 0x00, 0xc1, 0x00, 0xcf, 0x00, 0xdb, 0x00, 0xe5, 0x00, 0xed, 0x00, 
	0xf3, 0x00, 0xf8, 0x00, 0xfb, 0x00, 0xfd, 0x00, 0xfd, 0x00, 0xfd, 0x00, 0xfd, 0x00, 0xfd, 0x00, 
	0xfd, 0x00, 0xfd, 0x00, 0xfd, 0x00, 0xfd, 0x00, 0xfd, 0x00, 0xfd, 0x00, 0xfd, 0x00, 0xfd, 0x00, 
	0xfd, 0x00, 0xfd, 0x00, 0xfd, 0x00, 0xfd, 0x00, 0xfb, 0x00, 0xf2, 0x00, 0xe9, 0x00, 0xe0, 0x00, 
	0xd7, 0x00, 0xcf, 0x00, 0xc7, 0x00, 0xbf, 0x00, 0xb7, 0x00, 0xaf, 0x00, 0xa8, 0x00, 0xa1, 0x00, 
	0x9a, 0x00, 0x93, 0x00, 0x8c, 0x00, 0x86, 0x00, 0x80, 0x00, 0x7a, 0x00, 0x74, 0x00, 0x6e, 0x00, 
	0x69, 0x00, 0x64, 0x00, 0x5f, 0x00, 0x5a, 0x00, 0x55, 0x00, 0x51, 0x00, 0x4c, 0x00, 0x48, 0x00, 
	0x44, 0x00, 0x41, 0x00, 0x3d, 0x00, 0x39, 0x00, 0x36, 0x00, 0x33, 0x00, 0x30, 0x00, 0x2d, 0x00, 
	0x2b, 0x00, 0x28, 0x00, 0x25, 0x00, 0x23, 0x00, 0x21, 0x00, 0x1f, 0x00, 0x1d, 0x00, 0x1b, 0x00, 
	0x19, 0x00, 0x18, 0x00, 0x16, 0x00, 0x15, 0x00, 0x13, 0x00, 0x12, 0x00, 0x11, 0x00, 0x0f, 0x00, 
	0x0e, 0x00, 0x0d, 0x00, 0x0c, 0x00, 0x0b, 0x00, 0x0b, 0x00, 0x0a, 0x00, 0x09, 0x00, 0x08, 0x00, 
	0x08, 0x00, 0x07, 0x00, 0x07, 0x00, 0x06, 0x00, 0x06, 0x00, 0x05, 0x00, 0x05, 0x00, 0x04, 0x00, 
	0x04, 0x00, 0x04, 0x00, 0x03, 0x00, 0x03, 0x00, 0x03, 0x00, 0x00, 0x00, 0x00, 0x00, 0x01, 0x00, 
	0x75, 0x00, 0x02, 0x00, 0x00, 0x00, 0xfd, 0x00, 0xfb, 0x00, 0xf8, 0x00, 0xf3, 0x00, 0xed, 0x00, 
	0xe5, 0x00, 0xdb, 0x00, 0xcf, 0x00, 0xc1, 0x00, 0xb3, 0x00, 0xa6, 0x00, 0x9a, 0x00, 0x92, 0x00, 
	0x8d, 0x00, 0x8d, 0x00, 0x92, 0x00, 0x9a, 0x00, 0xa6, 0x00, 0xb3, 0x00, 0xc1, 0x00, 0xcf, 0x00, 
	0xdb, 0x00, 0xe5, 0x00, 0xed, 0x00, 0xf3, 0x00, 0xf8, 0x00, 0xfb, 0x00, 0xfd, 0x00, 0xfd, 0x00, 
	0xfd, 0x00, 0xfd, 0x00, 0xfd, 0x00, 0xfd, 0x00, 0xfd, 0x00, 0xfd, 0x00, 0xfd, 0x00, 0xfd, 0x00, 
	0xfd, 0x00, 0xfd, 0x00, 0xfd, 0x00, 0xfd, 0x00, 0xfd, 0x00, 0xfd, 0x00, 0xfd, 0x00, 0xfb, 0x00, 
	0xf2, 0x00, 0xe9, 0x00, 0xe0, 0x00, 0xd7, 0x00, 0xcf, 0x00, 0xc7, 0x00, 0xbf, 0x00, 0xb7, 0x00, 
	0xaf, 0x00, 0xa8, 0x00, 0xa1, 0x00, 0x9a, 0x00, 0x93, 0x00, 0x8c, 0x00, 0x86, 0x00, 0x80, 0x00, 
	0x7a, 0x00, 0x74, 0x00, 0x6e, 0x00, 0x69, 0x00, 0x64, 0x00, 0x5f, 0x00, 0x5a, 0x00, 0x55, 0x00, 
	0x51, 0x00, 0x4c, 0x00, 0x48, 0x00, 0x44, 0x00, 0x41, 0x00, 0x3d, 0x00, 0x39, 0x00, 0x36, 0x00, 
	0x33, 0x00, 0x30, 0x00, 0x2d, 0x00, 0x2b, 0x00, 0x28, 0x00, 0x25, 0x00, 0x23, 0x00, 0x21, 0x00, 
	0x1f, 0x00, 0x1d, 0x00, 0x1b, 0x00, 0x19, 0x00, 0x18, 0x00, 0x16, 0x00, 0x15, 0x00, 0x13, 0x00, 
	0x12, 0x00, 0x11, 0x00, 0x0f, 0x00, 0x0e, 0x00, 0x0d, 0x00, 0x0c, 0x00, 0x0b, 0x00, 0x0b, 0x00, 
	0x0a, 0x00, 0x09, 0x00, 0x08, 0x00, 0x08, 0x00, 0x07, 0x00, 0x07, 0x00, 0x06, 0x00, 0x06, 0x00, 
	0x05, 0x00, 0x05, 0x00, 0x04, 0x00, 0x04, 0x00, 0x04, 0x00, 0x03, 0x00, 0x03, 0x00, 0x03, 0x00, 
	0x00, 0x00, 0x00, 0x00, 0x01, 0x00, 0x09, 0x00, 0x02, 0x00, 0x00, 0x00, 0xc9, 0x01, 0xc2, 0x80, 
	0x07, 0x80, 0x7e, 0x80, 0x9a, 0x01, 0x21, 0x80, 0x17, 0x80, 0xef, 0x82, 0x06, 0x04, 0x00, 0x00, 
	0x00, 0x00, 0x01, 0x00, 0x09, 0x00, 0x02, 0x00, 0x00, 0x00, 0xc9, 0x01, 0xc2, 0x80, 0x07, 0x80, 
	0x7e, 0x80, 0x9f, 0x01, 0x21, 0x80, 0x17, 0x80, 0xef, 0x82, 0x06, 0x04, 0x00, 0x00, 0x00, 0x00, 
	0x0f, 0x00, 0x0f, 0x00, 0x02, 0x00, 0x00, 0x00, 0xdc, 0x00, 0xdc, 0x00, 0xde, 0x00, 0xea, 0x00, 
	0xf6, 0x00, 0xfe, 0x00, 0x25, 0x01, 0x40, 0x01, 0x5d, 0x01, 0x66, 0x01, 0x74, 0x01, 0x86, 0x01, 
	0x98, 0x01, 0xaa, 0x01, 0xb3, 0x01, 0xdc, 0x00, 0xdc, 0x00, 0xdc, 0x00, 0xe3, 0x00, 0xef, 0x00, 
	0xf7, 0x00, 0x07, 0x01, 0x29, 0x01, 0x46, 0x01, 0x61, 0x01, 0x6b, 0x01, 0x7e, 0x01, 0x8f, 0x01, 
	0xa2, 0x01, 0xb3, 0x01, 0xdc, 0x00, 0xdc, 0x00, 0xdc, 0x00, 0xdf, 0x00, 0xeb, 0x00, 0xf3, 0x00, 
	0x03, 0x01, 0x19, 0x01, 0x36, 0x01, 0x52, 0x01, 0x66, 0x01, 0x78, 0x01, 0x8a, 0x01, 0x9d, 0x01, 
	0xb3, 0x01, 0xdc, 0x00, 0xdc, 0x00, 0xdc, 0x00, 0xdc, 0x00, 0xe6, 0x00, 0xee, 0x00, 0xfe, 0x00, 
	0x0a, 0x01, 0x26, 0x01, 0x41, 0x01, 0x5c, 0x01, 0x73, 0x01, 0x84, 0x01, 0x97, 0x01, 0xb3, 0x01, 
	0xd7, 0x00, 0xdc, 0x00, 0xdc, 0x00, 0xdc, 0x00, 0xe1, 0x00, 0xea, 0x00, 0xfa, 0x00, 0x05, 0x01, 
	0x16, 0x01, 0x32, 0x01, 0x4d, 0x01, 0x6d, 0x01, 0x7f, 0x01, 0x91, 0x01, 0xb3, 0x01, 0xcd, 0x00, 
	0xd3, 0x00, 0xdb, 0x00, 0xdc, 0x00, 0xdd, 0x00, 0xe5, 0x00, 0xf5, 0x00, 0x01, 0x01, 0x0d, 0x01, 
	0x21, 0x01, 0x3c, 0x01, 0x59, 0x01, 0x79, 0x01, 0x8b, 0x01, 0xb3, 0x01, 0xc4, 0x00, 0xcb, 0x00, 
	0xd2, 0x00, 0xd9, 0x00, 0xdc, 0x00, 0xe1, 0x00, 0xf0, 0x00, 0xfc, 0x00, 0x09, 0x01, 0x12, 0x01, 
	0x2d, 0x01, 0x4a, 0x01, 0x73, 0x01, 0x86, 0x01, 0xb3, 0x01, 0xba, 0x00, 0xc1, 0x00, 0xc8, 0x00, 
	0xcf, 0x00, 0xd6, 0x00, 0xdc, 0x00, 0xeb, 0x00, 0xf7, 0x00, 0x04, 0x01, 0x0f, 0x01, 0x1b, 0x01, 
	0x38, 0x01, 0x54, 0x01, 0x80, 0x01, 0xa5, 0x01, 0xb2, 0x00, 0xb8, 0x00, 0xc0, 0x00, 0xc7, 0x00, 
	0xce, 0x00, 0xd3, 0x00, 0xe7, 0x00, 0xf3, 0x00, 0xff, 0x00, 0x0b, 0x01, 0x12, 0x01, 0x2a, 0x01, 
	0x45, 0x01, 0x7b, 0x01, 0xa0, 0x01, 0xa9, 0x00, 0xb0, 0x00, 0xb7, 0x00, 0xbe, 0x00, 0xc6, 0x00, 
	0xcb, 0x00, 0xe3, 0x00, 0xef, 0x00, 0xfb, 0x00, 0x07, 0x01, 0x12, 0x01, 0x1b, 0x01, 0x36, 0x01, 
	0x75, 0x01, 0x9a, 0x01, 0x97, 0x00, 0xa7, 0x00, 0xae, 0x00, 0xb6, 0x00, 0xbd, 0x00, 0xc2, 0x00, 
	0xcc, 0x00, 0xea, 0x00, 0xf7, 0x00, 0x02, 0x01, 0x0e, 0x01, 0x12, 0x01, 0x27, 0x01, 0x44, 0x01, 
	0x95, 0x01, 0x8a, 0x00, 0x97, 0x00, 0xa5, 0x00, 0xac, 0x00, 0xb3, 0x00, 0xb8, 0x00, 0xc2, 0x00, 
	0xc9, 0x00, 0xf2, 0x00, 0xfe, 0x00, 0x09, 0x01, 0x12, 0x01, 0x16, 0x01, 0x33, 0x01, 0x8f, 0x01, 
	0x7e, 0x00, 0x8a, 0x00, 0x99, 0x00, 0xa3, 0x00, 0xab, 0x00, 0xb0, 0x00, 0xb9, 0x00, 0xc1, 0x00, 
	0xc8, 0x00, 0xf9, 0x00, 0x05, 0x01, 0x11, 0x01, 0x12, 0x01, 0x24, 0x01, 0x89, 0x01, 0x72, 0x00, 
	0x7d, 0x00, 0x8b, 0x00, 0x9b, 0x00, 0xa1, 0x00, 0xa6, 0x00, 0xb0, 0x00, 0xb7, 0x00, 0xbf, 0x00, 
	0xf4, 0x00, 0x00, 0x01, 0x0d, 0x01, 0x12, 0x01, 0x13, 0x01, 0x84, 0x01, 0x72, 0x00, 0x72, 0x00, 
	0x72, 0x00, 0x81, 0x00, 0x8f, 0x00, 0x99, 0x00, 0xa0, 0x00, 0xa5, 0x00, 0xac, 0x00, 0xb4, 0x00, 
	0xbb, 0x00, 0x03, 0x01, 0x0f, 0x01, 0xd1, 0x00, 0x2d, 0x01, 0x00, 0x00, 0x00, 0x00, 0x0f, 0x00, 
	0x0f, 0x00, 0x02, 0x00, 0x00, 0x00, 0xdc, 0x00, 0xdc, 0x00, 0xde, 0x00, 0xea, 0x00, 0xf6, 0x00, 
	0xfe, 0x00, 0x25, 0x01, 0x40, 0x01, 0x5d, 0x01, 0x66, 0x01, 0x74, 0x01, 0x86, 0x01, 0x98, 0x01, 
	0xaa, 0x01, 0xb3, 0x01, 0xdc, 0x00, 0xdc, 0x00, 0xdc, 0x00, 0xe3, 0x00, 0xef, 0x00, 0xf7, 0x00, 
	0x07, 0x01, 0x29, 0x01, 0x46, 0x01, 0x61, 0x01, 0x6b, 0x01, 0x7e, 0x01, 0x8f, 0x01, 0xa2, 0x01, 
	0xb3, 0x01, 0xdc, 0x00, 0xdc, 0x00, 0xdc, 0x00, 0xdf, 0x00, 0xeb, 0x00, 0xf3, 0x00, 0x03, 0x01, 
	0x19, 0x01, 0x36, 0x01, 0x52, 0x01, 0x66, 0x01, 0x78, 0x01, 0x8a, 0x01, 0x9d, 0x01, 0xb3, 0x01, 
	0xdc, 0x00, 0xdc, 0x00, 0xdc, 0x00, 0xdc, 0x00, 0xe6, 0x00, 0xee, 0x00, 0xfe, 0x00, 0x0a, 0x01, 
	0x26, 0x01, 0x41, 0x01, 0x5c, 0x01, 0x73, 0x01, 0x84, 0x01, 0x97, 0x01, 0xb3, 0x01, 0xd7, 0x00, 
	0xdc, 0x00, 0xdc, 0x00, 0xdc, 0x00, 0xe1, 0x00, 0xea, 0x00, 0xfa, 0x00, 0x05, 0x01, 0x16, 0x01, 
	0x32, 0x01, 0x4d, 0x01, 0x6d, 0x01, 0x7f, 0x01, 0x91, 0x01, 0xb3, 0x01, 0xcd, 0x00, 0xd3, 0x00, 
	0xdb, 0x00, 0xdc, 0x00, 0xdd, 0x00, 0xe5, 0x00, 0xf5, 0x00, 0x01, 0x01, 0x0d, 0x01, 0x21, 0x01, 
	0x3c, 0x01, 0x59, 0x01, 0x79, 0x01, 0x8b, 0x01, 0xb3, 0x01, 0xc4, 0x00, 0xcb, 0x00, 0xd2, 0x00, 
	0xd9, 0x00, 0xdc, 0x00, 0xe1, 0x00, 0xf0, 0x00, 0xfc, 0x00, 0x09, 0x01, 0x12, 0x01, 0x2d, 0x01, 
	0x4a, 0x01, 0x73, 0x01, 0x86, 0x01, 0xb3, 0x01, 0xba, 0x00, 0xc1, 0x00, 0xc8, 0x00, 0xcf, 0x00, 
	0xd6, 0x00, 0xdc, 0x00, 0xeb, 0x00, 0xf7, 0x00, 0x04, 0x01, 0x0f, 0x01, 0x1b, 0x01, 0x38, 0x01, 
	0x54, 0x01, 0x80, 0x01, 0xa5, 0x01, 0xb2, 0x00, 0xb8, 0x00, 0xc0, 0x00, 0xc7, 0x00, 0xce, 0x00, 
	0xd3, 0x00, 0xe7, 0x00, 0xf3, 0x00, 0xff, 0x00, 0x0b, 0x01, 0x12, 0x01, 0x2a, 0x01, 0x45, 0x01, 
	0x7b, 0x01, 0xa0, 0x01, 0xa9, 0x00, 0xb0, 0x00, 0xb7, 0x00, 0xbe, 0x00, 0xc6, 0x00, 0xcb, 0x00, 
	0xe3, 0x00, 0xef, 0x00, 0xfb, 0x00, 0x07, 0x01, 0x12, 0x01, 0x1b, 0x01, 0x36, 0x01, 0x75, 0x01, 
	0x9a, 0x01, 0x97, 0x00, 0xa7, 0x00, 0xae, 0x00, 0xb6, 0x00, 0xbd, 0x00, 0xc2, 0x00, 0xcc, 0x00, 
	0xea, 0x00, 0xf7, 0x00, 0x02, 0x01, 0x0e, 0x01, 0x12, 0x01, 0x27, 0x01, 0x44, 0x01, 0x95, 0x01, 
	0x8a, 0x00, 0x97, 0x00, 0xa5, 0x00, 0xac, 0x00, 0xb3, 0x00, 0xb8, 0x00, 0xc2, 0x00, 0xc9, 0x00, 
	0xf2, 0x00, 0xfe, 0x00, 0x09, 0x01, 0x12, 0x01, 0x16, 0x01, 0x33, 0x01, 0x8f, 0x01, 0x7e, 0x00, 
	0x8a, 0x00, 0x99, 0x00, 0xa3, 0x00, 0xab, 0x00, 0xb0, 0x00, 0xb9, 0x00, 0xc1, 0x00, 0xc8, 0x00, 
	0xf9, 0x00, 0x05, 0x01, 0x11, 0x01, 0x12, 0x01, 0x24, 0x01, 0x89, 0x01, 0x72, 0x00, 0x7d, 0x00, 
	0x8b, 0x00, 0x9b, 0x00, 0xa1, 0x00, 0xa6, 0x00, 0xb0, 0x00, 0xb7, 0x00, 0xbf, 0x00, 0xf4, 0x00, 
	0x00, 0x01, 0x0d, 0x01, 0x12, 0x01, 0x13, 0x01, 0x84, 0x01, 0x72, 0x00, 0x72, 0x00, 0x72, 0x00, 
	0x81, 0x00, 0x8f, 0x00, 0x99, 0x00, 0xa0, 0x00, 0xa5, 0x00, 0xac, 0x00, 0xb4, 0x00, 0xbb, 0x00, 
	0x03, 0x01, 0x0f, 0x01, 0xd1, 0x00, 0x2d, 0x01, 0x00, 0x00, 0x00, 0x00, 0x01, 0x00, 0x01, 0x00, 
	0x02, 0x00, 0x00, 0x00, 0xfc, 0x00, 0x00, 0x00, 0x00, 0x00, 0x01, 0x00, 0x01, 0x00, 0x02, 0x00, 
	0x00, 0x00, 0xfc, 0x00, 0x00, 0x00, 0x00, 0x00, 0x01, 0x00, 0x01, 0x00, 0x02, 0x00, 0x00, 0x00, 
	0x04, 0x00, 0x00, 0x00, 0x00, 0x00, 0x01, 0x00, 0x01, 0x00, 0x02, 0x00, 0x00, 0x00, 0x04, 0x00, 
	0x00, 0x00, 0x00, 0x00, 0x0f, 0x00, 0x0f, 0x00, 0x02, 0x00, 0x00, 0x00, 0x00, 0x00, 0x00, 0x00, 
	0x00, 0x00, 0x00, 0x00, 0x00, 0x00, 0x00, 0x00, 0x00, 0x00, 0x00, 0x00, 0x00, 0x00, 0x00, 0x00, 
	0x00, 0x00, 0x00, 0x00, 0x00, 0x00, 0x00, 0x00, 0x00, 0x00, 0x00, 0x00, 0x00, 0x00, 0x00, 0x00, 
	0x00, 0x00, 0x00, 0x00, 0x00, 0x00, 0x00, 0x00, 0x00, 0x00, 0x00, 0x00, 0x00, 0x00, 0x00, 0x00, 
	0x00, 0x00, 0x00, 0x00, 0x00, 0x00, 0x00, 0x00, 0x00, 0x00, 0x00, 0x00, 0x03, 0x00, 0x04, 0x00, 
	0x19, 0x00, 0x2a, 0x00, 0x35, 0x00, 0x39, 0x00, 0x35, 0x00, 0x2a, 0x00, 0x19, 0x00, 0x04, 0x00, 
	0x03, 0x00, 0x00, 0x00, 0x00, 0x00, 0x00, 0x00, 0x00, 0x00, 0x04, 0x00, 0x83, 0x00, 0x9d, 0x00, 
	0xb3, 0x00, 0xc1, 0x00, 0xc6, 0x00, 0xc1, 0x00, 0xb3, 0x00, 0x9d, 0x00, 0x83, 0x00, 0x04, 0x00, 
	0x00, 0x00, 0x00, 0x00, 0x00, 0x00, 0x00, 0x00, 0x19, 0x00, 0x9d, 0x00, 0xbc, 0x00, 0xd6, 0x00, 
	0xe8, 0x00, 0xee, 0x00, 0xe8, 0x00, 0xd6, 0x00, 0xbc, 0x00, 0x9d, 0x00, 0x19, 0x00, 0x00, 0x00, 
	0x00, 0x00, 0x00, 0x00, 0x00, 0x00, 0x2a, 0x00, 0xb3, 0x00, 0xd6, 0x00, 0xf3, 0x00, 0xff, 0x00, 
	0x00, 0x01, 0xff, 0x00, 0xf3, 0x00, 0xd6, 0x00, 0xb3, 0x00, 0x2a, 0x00, 0x00, 0x00, 0x00, 0x00, 
	0x00, 0x00, 0x00, 0x00, 0x35, 0x00, 0xc1, 0x00, 0xe8, 0x00, 0xff, 0x00, 0x00, 0x01, 0x00, 0x01, 
	0x00, 0x01, 0xff, 0x00, 0xe8, 0x00, 0xc1, 0x00, 0x35, 0x00, 0x00, 0x00, 0x00, 0x00, 0x00, 0x00, 
	0x00, 0x00, 0x39, 0x00, 0xc6, 0x00, 0xee, 0x00, 0x00, 0x01, 0x00, 0x01, 0x00, 0x01, 0x00, 0x01, 
	0x00, 0x01, 0xee, 0x00, 0xc6, 0x00, 0x39, 0x00, 0x00, 0x00, 0x00, 0x00, 0x00, 0x00, 0x00, 0x00, 
	0x35, 0x00, 0xc1, 0x00, 0xe8, 0x00, 0xff, 0x00, 0x00, 0x01, 0x00, 0x01, 0x00, 0x01, 0xff, 0x00, 
	0xe8, 0x00, 0xc1, 0x00, 0x35, 0x00, 0x00, 0x00, 0x00, 0x00, 0x00, 0x00, 0x00, 0x00, 0x2a, 0x00, 
	0xb3, 0x00, 0xd6, 0x00, 0xf3, 0x00, 0xff, 0x00, 0x00, 0x01, 0xff, 0x00, 0xf3, 0x00, 0xd6, 0x00, 
	0xb3, 0x00, 0x2a, 0x00, 0x00, 0x00, 0x00, 0x00, 0x00, 0x00, 0x00, 0x00, 0x19, 0x00, 0x9d, 0x00, 
	0xbc, 0x00, 0xd6, 0x00, 0xe8, 0x00, 0xee, 0x00, 0xe8, 0x00, 0xd6, 0x00, 0xbc, 0x00, 0x9d, 0x00, 
	0x19, 0x00, 0x00, 0x00, 0x00, 0x00, 0x00, 0x00, 0x00, 0x00, 0x04, 0x00, 0x83, 0x00, 0x9d, 0x00, 
	0xb3, 0x00, 0xc1, 0x00, 0xc6, 0x00, 0xc1, 0x00, 0xb3, 0x00, 0x9d, 0x00, 0x83, 0x00, 0x04, 0x00, 
	0x00, 0x00, 0x00, 0x00, 0x00, 0x00, 0x00, 0x00, 0x03, 0x00, 0x04, 0x00, 0x19, 0x00, 0x2a, 0x00, 
	0x35, 0x00, 0x39, 0x00, 0x35, 0x00, 0x2a, 0x00, 0x19, 0x00, 0x04, 0x00, 0x03, 0x00, 0x00, 0x00, 
	0x00, 0x00, 0x00, 0x00, 0x00, 0x00, 0x00, 0x00, 0x00, 0x00, 0x00, 0x00, 0x00, 0x00, 0x00, 0x00, 
	0x00, 0x00, 0x00, 0x00, 0x00, 0x00, 0x00, 0x00, 0x00, 0x00, 0x00, 0x00, 0x00, 0x00, 0x00, 0x00, 
	0x00, 0x00, 0x00, 0x00, 0x00, 0x00, 0x00, 0x00, 0x00, 0x00, 0x00, 0x00, 0x00, 0x00, 0x00, 0x00, 
	0x00, 0x00, 0x00, 0x00, 0x00, 0x00, 0x00, 0x00, 0x00, 0x00, 0x00, 0x00, 0x00, 0x00, 0x00, 0x00, 
	0x00, 0x00, 0x0f, 0x00, 0x0f, 0x00, 0x02, 0x00, 0x00, 0x00, 0x00, 0x00, 0x00, 0x00, 0x00, 0x00, 
	0x00, 0x00, 0x00, 0x00, 0x00, 0x00, 0x00, 0x00, 0x00, 0x00, 0x00, 0x00, 0x00, 0x00, 0x00, 0x00, 
	0x00, 0x00, 0x00, 0x00, 0x00, 0x00, 0x00, 0x00, 0x00, 0x00, 0x00, 0x00, 0x00, 0x00, 0x00, 0x00, 
	0x00, 0x00, 0x00, 0x00, 0x00, 0x00, 0x00, 0x00, 0x00, 0x00, 0x00, 0x00, 0x00, 0x00, 0x00, 0x00, 
	0x00, 0x00, 0x00, 0x00, 0x00, 0x00, 0x00, 0x00, 0x00, 0x00, 0x03, 0x00, 0x04, 0x00, 0x19, 0x00, 
	0x2a, 0x00, 0x35, 0x00, 0x39, 0x00, 0x35, 0x00, 0x2a, 0x00, 0x19, 0x00, 0x04, 0x00, 0x03, 0x00, 
	0x00, 0x00, 0x00, 0x00, 0x00, 0x00, 0x00, 0x00, 0x04, 0x00, 0x83, 0x00, 0x9d, 0x00, 0xb3, 0x00, 
	0xc1, 0x00, 0xc6, 0x00, 0xc1, 0x00, 0xb3, 0x00, 0x9d, 0x00, 0x83, 0x00, 0x04, 0x00, 0x00, 0x00, 
	0x00, 0x00, 0x00, 0x00, 0x00, 0x00, 0x19, 0x00, 0x9d, 0x00, 0xbc, 0x00, 0xd6, 0x00, 0xe8, 0x00, 
	0xee, 0x00, 0xe8, 0x00, 0xd6, 0x00, 0xbc, 0x00, 0x9d, 0x00, 0x19, 0x00, 0x00, 0x00, 0x00, 0x00, 
	0x00, 0x00, 0x00, 0x00, 0x2a, 0x00, 0xb3, 0x00, 0xd6, 0x00, 0xf3, 0x00, 0xff, 0x00, 0x00, 0x01, 
	0xff, 0x00, 0xf3, 0x00, 0xd6, 0x00, 0xb3, 0x00, 0x2a, 0x00, 0x00, 0x00, 0x00, 0x00, 0x00, 0x00, 
	0x00, 0x00, 0x35, 0x00, 0xc1, 0x00, 0xe8, 0x00, 0xff, 0x00, 0x00, 0x01, 0x00, 0x01, 0x00, 0x01, 
	0xff, 0x00, 0xe8, 0x00, 0xc1, 0x00, 0x35, 0x00, 0x00, 0x00, 0x00, 0x00, 0x00, 0x00, 0x00, 0x00, 
	0x39, 0x00, 0xc6, 0x00, 0xee, 0x00, 0x00, 0x01, 0x00, 0x01, 0x00, 0x01, 0x00, 0x01, 0x00, 0x01, 
	0xee, 0x00, 0xc6, 0x00, 0x39, 0x00, 0x00, 0x00, 0x00, 0x00, 0x00, 0x00, 0x00, 0x00, 0x35, 0x00, 
	0xc1, 0x00, 0xe8, 0x00, 0xff, 0x00, 0x00, 0x01, 0x00, 0x01, 0x00, 0x01, 0xff, 0x00, 0xe8, 0x00, 
	0xc1, 0x00, 0x35, 0x00, 0x00, 0x00, 0x00, 0x00, 0x00, 0x00, 0x00, 0x00, 0x2a, 0x00, 0xb3, 0x00, 
	0xd6, 0x00, 0xf3, 0x00, 0xff, 0x00, 0x00, 0x01, 0xff, 0x00, 0xf3, 0x00, 0xd6, 0x00, 0xb3, 0x00, 
	0x2a, 0x00, 0x00, 0x00, 0x00, 0x00, 0x00, 0x00, 0x00, 0x00, 0x19, 0x00, 0x9d, 0x00, 0xbc, 0x00, 
	0xd6, 0x00, 0xe8, 0x00, 0xee, 0x00, 0xe8, 0x00, 0xd6, 0x00, 0xbc, 0x00, 0x9d, 0x00, 0x19, 0x00, 
	0x00, 0x00, 0x00, 0x00, 0x00, 0x00, 0x00, 0x00, 0x04, 0x00, 0x83, 0x00, 0x9d, 0x00, 0xb3, 0x00, 
	0xc1, 0x00, 0xc6, 0x00, 0xc1, 0x00, 0xb3, 0x00, 0x9d, 0x00, 0x83, 0x00, 0x04, 0x00, 0x00, 0x00, 
	0x00, 0x00, 0x00, 0x00, 0x00, 0x00, 0x03, 0x00, 0x04, 0x00, 0x19, 0x00, 0x2a, 0x00, 0x35, 0x00, 
	0x39, 0x00, 0x35, 0x00, 0x2a, 0x00, 0x19, 0x00, 0x04, 0x00, 0x03, 0x00, 0x00, 0x00, 0x00, 0x00, 
	0x00, 0x00, 0x00, 0x00, 0x00, 0x00, 0x00, 0x00, 0x00, 0x00, 0x00, 0x00, 0x00, 0x00, 0x00, 0x00, 
	0x00, 0x00, 0x00, 0x00, 0x00, 0x00, 0x00, 0x00, 0x00, 0x00, 0x00, 0x00, 0x00, 0x00, 0x00, 0x00, 
	0x00, 0x00, 0x00, 0x00, 0x00, 0x00, 0x00, 0x00, 0x00, 0x00, 0x00, 0x00, 0x00, 0x00, 0x00, 0x00, 
	0x00, 0x00, 0x00, 0x00, 0x00, 0x00, 0x00, 0x00, 0x00, 0x00, 0x00, 0x00, 0x00, 0x00, 0x00, 0x00, 
	0x01, 0x00, 0x03, 0x00, 0x02, 0x00, 0x00, 0x00, 0x00, 0x01, 0x00, 0x01, 0x00, 0x01, 0x00, 0x00, 
	0x00, 0x00, 0x01, 0x00, 0x03, 0x00, 0x02, 0x00, 0x00, 0x00, 0x00, 0x01, 0x00, 0x01, 0x00, 0x01, 
	0x00, 0x00, 0x00, 0x00, 0x01, 0x00, 0x09, 0x00, 0x02, 0x00, 0x00, 0x00, 0xf8, 0x01, 0xec, 0x80, 
	0x0c, 0x80, 0x57, 0x80, 0xc6, 0x01, 0x74, 0x80, 0x04, 0x00, 0xfa, 0x80, 0xf6, 0x01, 0x00, 0x00, 
	0x00, 0x00, 0x01, 0x00, 0x09, 0x00, 0x02, 0x00, 0x00, 0x00, 0xf8, 0x01, 0xec, 0x80, 0x0c, 0x80, 
	0x57, 0x80, 0xcb, 0x01, 0x74, 0x80, 0x04, 0x00, 0xfa, 0x80, 0xf6, 0x01, 0x00, 0x00, 0x00, 0x00, 
	0x01, 0x00, 0x09, 0x00, 0x02, 0x00, 0x00, 0x00, 0xd4, 0x01, 0x96, 0x80, 0x3e, 0x80, 0x75, 0x80, 
	0xc2, 0x01, 0x52, 0x80, 0x0d, 0x80, 0x53, 0x81, 0x60, 0x02, 0x00, 0x00, 0x00, 0x00, 0x01, 0x00, 
	0x09, 0x00, 0x02, 0x00, 0x00, 0x00, 0xd4, 0x01, 0x96, 0x80, 0x3e, 0x80, 0x75, 0x80, 0xc7, 0x01, 
	0x52, 0x80, 0x0d, 0x80, 0x53, 0x81, 0x60, 0x02, 0x00, 0x00, 0x00, 0x00, 0x01, 0x00, 0x01, 0x00, 
	0x02, 0x00, 0x00, 0x00, 0x01, 0x00, 0x00, 0x00, 0x00, 0x00, 0x01, 0x00, 0x01, 0x00, 0x02, 0x00, 
	0x00, 0x00, 0x01, 0x00, 0x00, 0x00, 0x00, 0x00, 0x01, 0x00, 0x06, 0x00, 0x02, 0x00, 0x00, 0x00, 
	0x00, 0x00, 0x00, 0x00, 0x00, 0x00, 0x00, 0x00, 0x00, 0x00, 0x00, 0x00, 0x00, 0x00, 0x00, 0x00, 
	0x01, 0x00, 0x06, 0x00, 0x02, 0x00, 0x00, 0x00, 0x00, 0x00, 0x00, 0x00, 0x00, 0x00, 0x00, 0x00, 
	0x00, 0x00, 0x00, 0x00, 0x00, 0x00, 0x00, 0x00, 0x01, 0x00, 0x03, 0x00, 0x02, 0x00, 0x00, 0x00, 
	0x00, 0x01, 0x00, 0x01, 0x00, 0x01, 0x00, 0x00, 0x00, 0x00, 0x01, 0x00, 0x03, 0x00, 0x02, 0x00, 
	0x00, 0x00, 0x00, 0x01, 0x00, 0x01, 0x00, 0x01, 0x00, 0x00, 0x00, 0x00, 0x01, 0x00, 0x06, 0x00, 
	0x02, 0x00, 0x00, 0x00, 0xc1, 0x00, 0xd9, 0x00, 0x00, 0x01, 0x3f, 0x01, 0x62, 0x01, 0xa2, 0x01, 
	0x00, 0x00, 0x00, 0x00, 0x01, 0x00, 0x06, 0x00, 0x02, 0x00, 0x00, 0x00, 0xc1, 0x00, 0xd9, 0x00, 
	0x00, 0x01, 0x3f, 0x01, 0x62, 0x01, 0xa2, 0x01, 0x00, 0x00, 0x00, 0x00, 0x01, 0x00, 0x01, 0x00, 
	0x02, 0x00, 0x00, 0x00, 0xa3, 0x01, 0x00, 0x00, 0x00, 0x00, 0x01, 0x00, 0x01, 0x00, 0x02, 0x00, 
	0x00, 0x00, 0xa3, 0x01, 0x00, 0x00, 0x00, 0x00, 0x01, 0x00, 0x0f, 0x00, 0x02, 0x00, 0x00, 0x00, 
	0xb1, 0x00, 0xc0, 0x00, 0xd1, 0x00, 0xe3, 0x00, 0xf4, 0x00, 0x00, 0x01, 0x17, 0x01, 0x28, 0x01, 
	0x3a, 0x01, 0x4b, 0x01, 0x5c, 0x01, 0x6e, 0x01, 0x7f, 0x01, 0x91, 0x01, 0xb5, 0x01, 0x00, 0x00, 
	0x00, 0x00, 0x01, 0x00, 0x0f, 0x00, 0x02, 0x00, 0x00, 0x00, 0xb1, 0x00, 0xc0, 0x00, 0xd1, 0x00, 
	0xe3, 0x00, 0xf4, 0x00, 0x00, 0x01, 0x17, 0x01, 0x28, 0x01, 0x3a, 0x01, 0x4b, 0x01, 0x5c, 0x01, 
	0x6e, 0x01, 0x7f, 0x01, 0x91, 0x01, 0xb5, 0x01, 0x00, 0x00, 0x00, 0x00, 0x01, 0x00, 0x01, 0x00, 
	0x02, 0x00, 0x00, 0x00, 0x0c, 0x00, 0x00, 0x00, 0x00, 0x00, 0x01, 0x00, 0x01, 0x00, 0x02, 0x00, 
	0x00, 0x00, 0x0c, 0x00, 0x00, 0x00, 0x00, 0x00, 0x01, 0x00, 0x06, 0x00, 0x02, 0x00, 0x00, 0x00, 
	0x5c, 0x01, 0x40, 0x01, 0x00, 0x01, 0xe1, 0x00, 0xc9, 0x00, 0xae, 0x00, 0x00, 0x00, 0x00, 0x00, 
	0x01, 0x00, 0x06, 0x00, 0x02, 0x00, 0x00, 0x00, 0x5c, 0x01, 0x40, 0x01, 0x00, 0x01, 0xe1, 0x00, 
	0xc9, 0x00, 0xae, 0x00, 0x00, 0x00, 0x00, 0x00, 0x01, 0x00, 0x01, 0x00, 0x02, 0x00, 0x00, 0x00, 
	0x01, 0x00, 0x00, 0x00, 0x00, 0x00, 0x01, 0x00, 0x01, 0x00, 0x02, 0x00, 0x00, 0x00, 0x01, 0x00, 
	0x00, 0x00, 0x00, 0x00, 0x01, 0x00, 0x03, 0x00, 0x02, 0x00, 0x00, 0x00, 0xe8, 0x03, 0xe8, 0x03, 
	0xe8, 0x03, 0x00, 0x00, 0x00, 0x00, 0x01, 0x00, 0x03, 0x00, 0x02, 0x00, 0x00, 0x00, 0xe8, 0x03, 
	0xe8, 0x03, 0xe8, 0x03, 0x00, 0x00, 0x00, 0x00, 0x01, 0x00, 0x01, 0x00, 0x02, 0x00, 0x00, 0x00, 
	0x58, 0x00, 0x00, 0x00, 0x00, 0x00, 0x01, 0x00, 0x01, 0x00, 0x02, 0x00, 0x00, 0x00, 0x58, 0x00, 
	0x00, 0x00, 0x00, 0x00, 0x01, 0x00, 0x09, 0x00, 0x01, 0x00, 0x00, 0x00, 0x2a, 0x2a, 0x2a, 0x2a, 
	0x2a, 0x2a, 0x2a, 0x2a, 0x2a, 0x00, 0x00, 0x00, 0x00, 0x01, 0x00, 0x09, 0x00, 0x01, 0x00, 0x00, 
	0x00, 0x2a, 0x2a, 0x2a, 0x2a, 0x2a, 0x2a, 0x2a, 0x2a, 0x2a, 0x00, 0x00, 0x00, 0x00, 0x01, 0x00, 
	0x04, 0x00, 0x02, 0x00, 0x00, 0x00, 0x7e, 0x01, 0x00, 0x01, 0x00, 0x01, 0x77, 0x01, 0x00, 0x00, 
	0x00, 0x00, 0x01, 0x00, 0x04, 0x00, 0x02, 0x00, 0x00, 0x00, 0x7e, 0x01, 0x00, 0x01, 0x00, 0x01, 
	0x68, 0x01, 0x00, 0x00, 0x00, 0x00, 0x01, 0x00, 0x03, 0x00, 0x02, 0x00, 0x00, 0x00, 0x00, 0x01, 
	0x00, 0x01, 0x00, 0x01, 0x00, 0x00, 0x00, 0x00, 0x01, 0x00, 0x03, 0x00, 0x02, 0x00, 0x00, 0x00, 
	0x00, 0x01, 0x00, 0x01, 0x00, 0x01, 0x00, 0x00, 0x00, 0x00, 0x01, 0x00, 0x06, 0x00, 0x02, 0x00, 
	0x00, 0x00, 0x72, 0x00, 0xa0, 0x00, 0xdc, 0x00, 0x12, 0x01, 0x66, 0x01, 0xb3, 0x01, 0x00, 0x00, 
	0x00, 0x00, 0x01, 0x00, 0x06, 0x00, 0x02, 0x00, 0x00, 0x00, 0x72, 0x00, 0xa0, 0x00, 0xdc, 0x00, 
	0x12, 0x01, 0x66, 0x01, 0xb3, 0x01, 0x00, 0x00, 0x00, 0x00, 0x01, 0x00, 0x01, 0x00, 0x02, 0x00, 
	0x00, 0x00, 0xa8, 0x00, 0x00, 0x00, 0x00, 0x00, 0x01, 0x00, 0x01, 0x00, 0x02, 0x00, 0x00, 0x00, 
	0xa8, 0x00, 0x00, 0x00, 0x00, 0x00, 0x01, 0x00, 0x09, 0x00, 0x02, 0x00, 0x00, 0x00, 0x00, 0x01, 
	0x00, 0x00, 0x00, 0x00, 0x00, 0x00, 0x00, 0x01, 0x00, 0x00, 0x00, 0x00, 0x00, 0x00, 0x00, 0x01, 
	0x00, 0x00, 0x00, 0x00, 0x01, 0x00, 0x09, 0x00, 0x02, 0x00, 0x00, 0x00, 0x00, 0x01, 0x00, 0x00, 
	0x00, 0x00, 0x00, 0x00, 0x00, 0x01, 0x00, 0x00, 0x00, 0x00, 0x00, 0x00, 0x00, 0x01, 0x00, 0x00, 
	0x00, 0x00, 0x0f, 0x00, 0x0f, 0x00, 0x02, 0x00, 0x00, 0x00, 0x00, 0x00, 0x00, 0x00, 0x00, 0x00, 
	0x00, 0x00, 0x00, 0x00, 0x00, 0x00, 0x00, 0x00, 0x00, 0x00, 0x00, 0x00, 0x00, 0x00, 0x00, 0x00, 
	0x00, 0x00, 0x00, 0x00, 0x01, 0x00, 0x11, 0x00, 0x00, 0x00, 0x00, 0x00, 0x00, 0x00, 0x00, 0x00, 
	0x00, 0x00, 0x00, 0x00, 0x00, 0x00, 0x00, 0x00, 0x00, 0x00, 0x03, 0x00, 0x11, 0x00, 0x29, 0x00, 
	0x5d, 0x00, 0x00, 0x01, 0xe0, 0x00, 0x00, 0x00, 0x00, 0x00, 0x00, 0x00, 0x00, 0x00, 0x00, 0x00, 
	0x00, 0x00, 0x00, 0x00, 0x00, 0x00, 0x04, 0x00, 0x22, 0x00, 0x00, 0x01, 0xca, 0x00, 0xff, 0x00, 
	0xc4, 0x00, 0x0f, 0x00, 0x00, 0x00, 0x00, 0x00, 0x00, 0x00, 0x00, 0x00, 0x00, 0x00, 0x00, 0x00, 
	0x01, 0x00, 0x08, 0x00, 0x2f, 0x00, 0xa4, 0x00, 0x00, 0x01, 0xdd, 0x00, 0x73, 0x00, 0x16, 0x00, 
	0x00, 0x00, 0x00, 0x00, 0x00, 0x00, 0x00, 0x00, 0x00, 0x00, 0x00, 0x00, 0x02, 0x00, 0x14, 0x00, 
	0x4b, 0x00, 0x00, 0x01, 0x00, 0x01, 0xd6, 0x00, 0x45, 0x00, 0x0d, 0x00, 0x01, 0x00, 0x00, 0x00, 
	0x00, 0x00, 0x00, 0x00, 0x00, 0x00, 0x01, 0x00, 0x0c, 0x00, 0x23, 0x00, 0x9b, 0x00, 0x00, 0x01, 
	0x00, 0x01, 0xe0, 0x00, 0x44, 0x00, 0x08, 0x00, 0x00, 0x00, 0x00, 0x00, 0x00, 0x00, 0x00, 0x00, 
	0x00, 0x00, 0x00, 0x00, 0x07, 0x00, 0x60, 0x00, 0xc2, 0x00, 0x00, 0x01, 0x00, 0x01, 0xc2, 0x00, 
	0x48, 0x00, 0x0a, 0x00, 0x01, 0x00, 0x00, 0x00, 0x00, 0x00, 0x00, 0x00, 0x00, 0x00, 0x00, 0x00, 
	0x01, 0x00, 0x27, 0x00, 0x00, 0x01, 0x00, 0x01, 0xfc, 0x00, 0x6e, 0x00, 0x1d, 0x00, 0x05, 0x00, 
	0x00, 0x00, 0x00, 0x00, 0x00, 0x00, 0x00, 0x00, 0x00, 0x00, 0x00, 0x00, 0x00, 0x00, 0x05, 0x00, 
	0x6b, 0x00, 0x00, 0x01, 0x00, 0x01, 0x48, 0x00, 0x11, 0x00, 0x02, 0x00, 0x00, 0x00, 0x00, 0x00, 
	0x00, 0x00, 0x00, 0x00, 0x00, 0x00, 0x00, 0x00, 0x00, 0x00, 0x01, 0x00, 0x19, 0x00, 0xe4, 0x00, 
	0x00, 0x01, 0xc3, 0x00, 0x07, 0x00, 0x01, 0x00, 0x00, 0x00, 0x00, 0x00, 0x00, 0x00, 0x00, 0x00, 
	0x00, 0x00, 0x00, 0x00, 0x00, 0x00, 0x00, 0x00, 0x04, 0x00, 0x53, 0x00, 0x00, 0x01, 0xfe, 0x00, 
	0x50, 0x00, 0x01, 0x00, 0x00, 0x00, 0x00, 0x00, 0x00, 0x00, 0x00, 0x00, 0x00, 0x00, 0x00, 0x00, 
	0x00, 0x00, 0x00, 0x00, 0x00, 0x00, 0x11, 0x00, 0x00, 0x01, 0x00, 0x01, 0x74, 0x00, 0x15, 0x00, 
	0x00, 0x00, 0x00, 0x00, 0x00, 0x00, 0x00, 0x00, 0x00, 0x00, 0x00, 0x00, 0x00, 0x00, 0x00, 0x00, 
	0x00, 0x00, 0x01, 0x00, 0x38, 0x00, 0x00, 0x01, 0xf4, 0x00, 0x26, 0x00, 0x04, 0x00, 0x00, 0x00, 
	0x00, 0x00, 0x00, 0x00, 0x00, 0x00, 0x00, 0x00, 0x00, 0x00, 0x00, 0x00, 0x00, 0x00, 0x00, 0x00, 
	0x05, 0x00, 0x00, 0x01, 0x00, 0x01, 0x56, 0x00, 0x08, 0x00, 0x00, 0x00, 0x00, 0x00, 0x00, 0x00, 
	0x00, 0x00, 0x00, 0x00, 0x00, 0x00, 0x00, 0x00, 0x00, 0x00, 0x00, 0x00, 0x00, 0x00, 0x39, 0x00, 
	0xec, 0x00, 0x05, 0x00, 0x00, 0x00, 0x00, 0x00, 0x00, 0x00, 0x00, 0x00, 0x00, 0x00, 0x00, 0x00, 
	0x00, 0x00, 0x00, 0x00, 0x00, 0x00, 0x00, 0x00, 0x00, 0x00, 0x00, 0x00, 0x00, 0x00, 0x00, 0x00, 
	0x0f, 0x00, 0x0f, 0x00, 0x02, 0x00, 0x00, 0x00, 0x00, 0x00, 0x00, 0x00, 0x00, 0x00, 0x00, 0x00, 
	0x00, 0x00, 0x00, 0x00, 0x00, 0x00, 0x00, 0x00, 0x00, 0x00, 0x00, 0x00, 0x00, 0x00, 0x00, 0x00, 
	0x00, 0x00, 0x01, 0x00, 0x11, 0x00, 0x00, 0x00, 0x00, 0x00, 0x00, 0x00, 0x00, 0x00, 0x00, 0x00, 
	0x00, 0x00, 0x00, 0x00, 0x00, 0x00, 0x00, 0x00, 0x03, 0x00, 0x11, 0x00, 0x29, 0x00, 0x5d, 0x00, 
	0x00, 0x01, 0xe0, 0x00, 0x00, 0x00, 0x00, 0x00, 0x00, 0x00, 0x00, 0x00, 0x00, 0x00, 0x00, 0x00, 
	0x00, 0x00, 0x00, 0x00, 0x04, 0x00, 0x22, 0x00, 0x00, 0x01, 0xca, 0x00, 0xff, 0x00, 0xc4, 0x00, 
	0x0f, 0x00, 0x00, 0x00, 0x00, 0x00, 0x00, 0x00, 0x00, 0x00, 0x00, 0x00, 0x00, 0x00, 0x01, 0x00, 
	0x08, 0x00, 0x2f, 0x00, 0xa4, 0x00, 0x00, 0x01, 0xdd, 0x00, 0x73, 0x00, 0x16, 0x00, 0x00, 0x00, 
	0x00, 0x00, 0x00, 0x00, 0x00, 0x00, 0x00, 0x00, 0x00, 0x00, 0x02, 0x00, 0x14, 0x00, 0x4b, 0x00, 
	0x00, 0x01, 0x00, 0x01, 0xd6, 0x00, 0x45, 0x00, 0x0d, 0x00, 0x01, 0x00, 0x00, 0x00, 0x00, 0x00, 
	0x00, 0x00, 0x00, 0x00, 0x01, 0x00, 0x0c, 0x00, 0x23, 0x00, 0x9b, 0x00, 0x00, 0x01, 0x00, 0x01, 
	0xe0, 0x00, 0x44, 0x00, 0x08, 0x00, 0x00, 0x00, 0x00, 0x00, 0x00, 0x00, 0x00, 0x00, 0x00, 0x00, 
	0x00, 0x00, 0x07, 0x00, 0x60, 0x00, 0xc2, 0x00, 0x00, 0x01, 0x00, 0x01, 0xc2, 0x00, 0x48, 0x00, 
	0x0a, 0x00, 0x01, 0x00, 0x00, 0x00, 0x00, 0x00, 0x00, 0x00, 0x00, 0x00, 0x00, 0x00, 0x01, 0x00, 
	0x27, 0x00, 0x00, 0x01, 0x00, 0x01, 0xfc, 0x00, 0x6e, 0x00, 0x1d, 0x00, 0x05, 0x00, 0x00, 0x00, 
	0x00, 0x00, 0x00, 0x00, 0x00, 0x00, 0x00, 0x00, 0x00, 0x00, 0x00, 0x00, 0x05, 0x00, 0x6b, 0x00, 
	0x00, 0x01, 0x00, 0x01, 0x48, 0x00, 0x11, 0x00, 0x02, 0x00, 0x00, 0x00, 0x00, 0x00, 0x00, 0x00, 
	0x00, 0x00, 0x00, 0x00, 0x00, 0x00, 0x00, 0x00, 0x01, 0x00, 0x19, 0x00, 0xe4, 0x00, 0x00, 0x01, 
	0xc3, 0x00, 0x07, 0x00, 0x01, 0x00, 0x00, 0x00, 0x00, 0x00, 0x00, 0x00, 0x00, 0x00, 0x00, 0x00, 
	0x00, 0x00, 0x00, 0x00, 0x00, 0x00, 0x04, 0x00, 0x53, 0x00, 0x00, 0x01, 0xfe, 0x00, 0x50, 0x00, 
	0x01, 0x00, 0x00, 0x00, 0x00, 0x00, 0x00, 0x00, 0x00, 0x00, 0x00, 0x00, 0x00, 0x00, 0x00, 0x00, 
	0x00, 0x00, 0x00, 0x00, 0x11, 0x00, 0x00, 0x01, 0x00, 0x01, 0x74, 0x00, 0x15, 0x00, 0x00, 0x00, 
	0x00, 0x00, 0x00, 0x00, 0x00, 0x00, 0x00, 0x00, 0x00, 0x00, 0x00, 0x00, 0x00, 0x00, 0x00, 0x00, 
	0x01, 0x00, 0x38, 0x00, 0x00, 0x01, 0xf4, 0x00, 0x26, 0x00, 0x04, 0x00, 0x00, 0x00, 0x00, 0x00, 
	0x00, 0x00, 0x00, 0x00, 0x00, 0x00, 0x00, 0x00, 0x00, 0x00, 0x00, 0x00, 0x00, 0x00, 0x05, 0x00, 
	0x00, 0x01, 0x00, 0x01, 0x56, 0x00, 0x08, 0x00, 0x00, 0x00, 0x00, 0x00, 0x00, 0x00, 0x00, 0x00, 
	0x00, 0x00, 0x00, 0x00, 0x00, 0x00, 0x00, 0x00, 0x00, 0x00, 0x00, 0x00, 0x39, 0x00, 0xec, 0x00, 
	0x05, 0x00, 0x00, 0x00, 0x00, 0x00, 0x00, 0x00, 0x00, 0x00, 0x00, 0x00, 0x00, 0x00, 0x00, 0x00, 
	0x00, 0x00, 0x00, 0x00, 0x00, 0x00, 0x00, 0x00, 0x00, 0x00, 0x00, 0x00, 0x00, 0x00, 0x03, 0x00, 
	0x02, 0x00, 0x02, 0x00, 0x00, 0x00, 0x07, 0x01, 0xe1, 0x00, 0xd7, 0x00, 0x27, 0x01, 0xea, 0x00, 
	0x0c, 0x01, 0x00, 0x00, 0x00, 0x00, 0x03, 0x00, 0x02, 0x00, 0x02, 0x00, 0x00, 0x00, 0x07, 0x01, 
	0xe1, 0x00, 0xd7, 0x00, 0x27, 0x01, 0xea, 0x00, 0x0c, 0x01, 0x00, 0x00, 0x00, 0x00, 0x01, 0x00, 
	0x01, 0x00, 0x02, 0x00, 0x00, 0x00, 0x46, 0x01, 0x00, 0x00, 0x00, 0x00, 0x01, 0x00, 0x01, 0x00, 
	0x02, 0x00, 0x00, 0x00, 0x46, 0x01, 0x00, 0x00, 0x00, 0x00, 0x01, 0x00, 0x01, 0x00, 0x02, 0x00, 
	0x00, 0x00, 0x05, 0x00, 0x00, 0x00, 0x00, 0x00, 0x01, 0x00, 0x01, 0x00, 0x02, 0x00, 0x00, 0x00, 
	0x05, 0x00, 0x00, 0x00, 0x00, 0x00, 0x01, 0x00, 0x09, 0x00, 0x02, 0x00, 0x00, 0x00, 0x00, 0x01, 
	0x00, 0x00, 0x00, 0x00, 0x00, 0x00, 0x00, 0x01, 0x00, 0x00, 0x00, 0x00, 0x00, 0x00, 0x00, 0x01, 
	0x00, 0x00, 0x00, 0x00, 0x01, 0x00, 0x09, 0x00, 0x02, 0x00, 0x00, 0x00, 0x00, 0x01, 0x00, 0x00, 
	0x00, 0x00, 0x00, 0x00, 0x00, 0x01, 0x00, 0x00, 0x00, 0x00, 0x00, 0x00, 0x00, 0x01, 0x00, 0x00, 
	0x00, 0x00, 0x01, 0x00, 0x01, 0x00, 0x04, 0x00, 0x00, 0x00, 0x00, 0x00, 0x00, 0x00, 0x00, 0x00, 
	0x00, 0x00, 0x01, 0x00, 0x01, 0x00, 0x04, 0x00, 0x00, 0x00, 0x00, 0x00, 0x00, 0x00, 0x00, 0x00, 
	0x00, 0x00, 0x01, 0x00, 0x01, 0x00, 0x02, 0x00, 0x00, 0x00, 0x10, 0x00, 0x00, 0x00, 0x00, 0x00, 
	0x01, 0x00, 0x01, 0x00, 0x02, 0x00, 0x00, 0x00, 0x10, 0x00, 0x00, 0x00, 0x00, 0x00, 0x01, 0x00, 
	0x9f, 0x00, 0x02, 0x00, 0x00, 0x00, 0xf7, 0x00, 0xf2, 0x00, 0xed, 0x00, 0xe9, 0x00, 0xe4, 0x00, 
	0xdf, 0x00, 0xdb, 0x00, 0xd7, 0x00, 0xd2, 0x00, 0xce, 0x00, 0xca, 0x00, 0xc6, 0x00, 0xc1, 0x00, 
	0xbd, 0x00, 0xba, 0x00, 0xb6, 0x00, 0xb2, 0x00, 0xae, 0x00, 0xaa, 0x00, 0xa7, 0x00, 0xa3, 0x00, 
	0xa0, 0x00, 0x9c, 0x00, 0x99, 0x00, 0x96, 0x00, 0x93, 0x00, 0x8f, 0x00, 0x8c, 0x00, 0x89, 0x00, 
	0x86, 0x00, 0x83, 0x00, 0x80, 0x00, 0x7d, 0x00, 0x7b, 0x00, 0x78, 0x00, 0x75, 0x00, 0x72, 0x00, 
	0x70, 0x00, 0x6d, 0x00, 0x6b, 0x00, 0x68, 0x00, 0x66, 0x00, 0x64, 0x00, 0x61, 0x00, 0x5f, 0x00, 
	0x5d, 0x00, 0x5b, 0x00, 0x59, 0x00, 0x56, 0x00, 0x54, 0x00, 0x52, 0x00, 0x50, 0x00, 0x4f, 0x00, 
	0x4d, 0x00, 0x4b, 0x00, 0x49, 0x00, 0x47, 0x00, 0x45, 0x00, 0x44, 0x00, 0x42, 0x00, 0x40, 0x00, 
	0x3f, 0x00, 0x3d, 0x00, 0x3c, 0x00, 0x3a, 0x00, 0x39, 0x00, 0x37, 0x00, 0x36, 0x00, 0x35, 0x00, 
	0x33, 0x00, 0x32, 0x00, 0x31, 0x00, 0x30, 0x00, 0x2e, 0x00, 0x2d, 0x00, 0x2c, 0x00, 0x2b, 0x00, 
	0x2a, 0x00, 0x29, 0x00, 0x28, 0x00, 0x26, 0x00, 0x25, 0x00, 0x24, 0x00, 0x24, 0x00, 0x23, 0x00, 
	0x22, 0x00, 0x21, 0x00, 0x20, 0x00, 0x1f, 0x00, 0x1e, 0x00, 0x1d, 0x00, 0x1d, 0x00, 0x1c, 0x00, 
	0x1b, 0x00, 0x1a, 0x00, 0x1a, 0x00, 0x19, 0x00, 0x18, 0x00, 0x17, 0x00, 0x17, 0x00, 0x16, 0x00, 
	0x16, 0x00, 0x15, 0x00, 0x14, 0x00, 0x14, 0x00, 0x13, 0x00, 0x13, 0x00, 0x12, 0x00, 0x12, 0x00, 
	0x11, 0x00, 0x11, 0x00, 0x10, 0x00, 0x10, 0x00, 0x0f, 0x00, 0x0f, 0x00, 0x0e, 0x00, 0x0e, 0x00, 
	0x0e, 0x00, 0x0d, 0x00, 0x0d, 0x00, 0x0c, 0x00, 0x0c, 0x00, 0x0c, 0x00, 0x0b, 0x00, 0x0b, 0x00, 
	0x0b, 0x00, 0x0a, 0x00, 0x0a, 0x00, 0x0a, 0x00, 0x09, 0x00, 0x09, 0x00, 0x09, 0x00, 0x09, 0x00, 
	0x08, 0x00, 0x08, 0x00, 0x08, 0x00, 0x08, 0x00, 0x07, 0x00, 0x07, 0x00, 0x07, 0x00, 0x07, 0x00, 
	0x06, 0x00, 0x06, 0x00, 0x06, 0x00, 0x06, 0x00, 0x06, 0x00, 0x05, 0x00, 0x05, 0x00, 0x05, 0x00, 
	0x05, 0x00, 0x05, 0x00, 0x05, 0x00, 0x05, 0x00, 0x04, 0x00, 0x04, 0x00, 0x04, 0x00, 0x04, 0x00, 
	0x04, 0x00, 0x04, 0x00, 0x00, 0x00, 0x00, 0x00, 0x01, 0x00, 0x9f, 0x00, 0x02, 0x00, 0x00, 0x00, 
	0xf7, 0x00, 0xf2, 0x00, 0xed, 0x00, 0xe9, 0x00, 0xe4, 0x00, 0xdf, 0x00, 0xdb, 0x00, 0xd7, 0x00, 
	0xd2, 0x00, 0xce, 0x00, 0xca, 0x00, 0xc6, 0x00, 0xc1, 0x00, 0xbd, 0x00, 0xba, 0x00, 0xb6, 0x00, 
	0xb2, 0x00, 0xae, 0x00, 0xaa, 0x00, 0xa7, 0x00, 0xa3, 0x00, 0xa0, 0x00, 0x9c, 0x00, 0x99, 0x00, 
	0x96, 0x00, 0x93, 0x00, 0x8f, 0x00, 0x8c, 0x00, 0x89, 0x00, 0x86, 0x00, 0x83, 0x00, 0x80, 0x00, 
	0x7d, 0x00, 0x7b, 0x00, 0x78, 0x00, 0x75, 0x00, 0x72, 0x00, 0x70, 0x00, 0x6d, 0x00, 0x6b, 0x00, 
	0x68, 0x00, 0x66, 0x00, 0x64, 0x00, 0x61, 0x00, 0x5f, 0x00, 0x5d, 0x00, 0x5b, 0x00, 0x59, 0x00, 
	0x56, 0x00, 0x54, 0x00, 0x52, 0x00, 0x50, 0x00, 0x4f, 0x00, 0x4d, 0x00, 0x4b, 0x00, 0x49, 0x00, 
	0x47, 0x00, 0x45, 0x00, 0x44, 0x00, 0x42, 0x00, 0x40, 0x00, 0x3f, 0x00, 0x3d, 0x00, 0x3c, 0x00, 
	0x3a, 0x00, 0x39, 0x00, 0x37, 0x00, 0x36, 0x00, 0x35, 0x00, 0x33, 0x00, 0x32, 0x00, 0x31, 0x00, 
	0x30, 0x00, 0x2e, 0x00, 0x2d, 0x00, 0x2c, 0x00, 0x2b, 0x00, 0x2a, 0x00, 0x29, 0x00, 0x28, 0x00, 
	0x26, 0x00, 0x25, 0x00, 0x24, 0x00, 0x24, 0x00, 0x23, 0x00, 0x22, 0x00, 0x21, 0x00, 0x20, 0x00, 
	0x1f, 0x00, 0x1e, 0x00, 0x1d, 0x00, 0x1d, 0x00, 0x1c, 0x00, 0x1b, 0x00, 0x1a, 0x00, 0x1a, 0x00, 
	0x19, 0x00, 0x18, 0x00, 0x17, 0x00, 0x17, 0x00, 0x16, 0x00, 0x16, 0x00, 0x15, 0x00, 0x14, 0x00, 
	0x14, 0x00, 0x13, 0x00, 0x13, 0x00, 0x12, 0x00, 0x12, 0x00, 0x11, 0x00, 0x11, 0x00, 0x10, 0x00, 
	0x10, 0x00, 0x0f, 0x00, 0x0f, 0x00, 0x0e, 0x00, 0x0e, 0x00, 0x0e, 0x00, 0x0d, 0x00, 0x0d, 0x00, 
	0x0c, 0x00, 0x0c, 0x00, 0x0c, 0x00, 0x0b, 0x00, 0x0b, 0x00, 0x0b, 0x00, 0x0a, 0x00, 0x0a, 0x00, 
	0x0a, 0x00, 0x09, 0x00, 0x09, 0x00, 0x09, 0x00, 0x09, 0x00, 0x08, 0x00, 0x08, 0x00, 0x08, 0x00, 
	0x08, 0x00, 0x07, 0x00, 0x07, 0x00, 0x07, 0x00, 0x07, 0x00, 0x06, 0x00, 0x06, 0x00, 0x06, 0x00, 
	0x06, 0x00, 0x06, 0x00, 0x05, 0x00, 0x05, 0x00, 0x05, 0x00, 0x05, 0x00, 0x05, 0x00, 0x05, 0x00, 
	0x05, 0x00, 0x04, 0x00, 0x04, 0x00, 0x04, 0x00, 0x04, 0x00, 0x04, 0x00, 0x04, 0x00, 0x00, 0x00, 
	0x00, 0x00, 0x01, 0x00, 0x01, 0x00, 0x02, 0x00, 0x00, 0x00, 0xcb, 0x05, 0x00, 0x00, 0x00, 0x00, 
	0x01, 0x00, 0x01, 0x00, 0x02, 0x00, 0x00, 0x00, 0xcb, 0x05, 0x00, 0x00, 0x00, 0x00, 0x01, 0x00, 
	0x01, 0x00, 0x02, 0x00, 0x00, 0x00, 0x10, 0x27, 0x00, 0x00, 0x00, 0x00, 0x01, 0x00, 0x01, 0x00, 
	0x02, 0x00, 0x00, 0x00, 0x10, 0x27, 0x00, 0x00, 0x00, 0x00, 0x01, 0x00, 0x9f, 0x00, 0x02, 0x00, 
	0x00, 0x00, 0x03, 0x00, 0x03, 0x00, 0x03, 0x00, 0x03, 0x00, 0x03, 0x00, 0x03, 0x00, 0x04, 0x00, 
	0x04, 0x00, 0x04, 0x00, 0x04, 0x00, 0x04, 0x00, 0x04, 0x00, 0x04, 0x00, 0x05, 0x00, 0x05, 0x00, 
	0x05, 0x00, 0x05, 0x00, 0x05, 0x00, 0x06, 0x00, 0x06, 0x00, 0x06, 0x00, 0x06, 0x00, 0x06, 0x00, 
	0x07, 0x00, 0x07, 0x00, 0x07, 0x00, 0x07, 0x00, 0x07, 0x00, 0x08, 0x00, 0x08, 0x00, 0x08, 0x00, 
	0x09, 0x00, 0x09, 0x00, 0x09, 0x00, 0x09, 0x00, 0x0a, 0x00, 0x0a, 0x00, 0x0a, 0x00, 0x0b, 0x00, 
	0x0b, 0x00, 0x0b, 0x00, 0x0c, 0x00, 0x0c, 0x00, 0x0d, 0x00, 0x0d, 0x00, 0x0d, 0x00, 0x0e, 0x00, 
	0x0e, 0x00, 0x0f, 0x00, 0x0f, 0x00, 0x10, 0x00, 0x10, 0x00, 0x11, 0x00, 0x11, 0x00, 0x12, 0x00, 
	0x12, 0x00, 0x13, 0x00, 0x14, 0x00, 0x14, 0x00, 0x15, 0x00, 0x15, 0x00, 0x16, 0x00, 0x17, 0x00, 
	0x17, 0x00, 0x18, 0x00, 0x19, 0x00, 0x1a, 0x00, 0x1a, 0x00, 0x1b, 0x00, 0x1c, 0x00, 0x1d, 0x00, 
	0x1e, 0x00, 0x1f, 0x00, 0x1f, 0x00, 0x20, 0x00, 0x21, 0x00, 0x22, 0x00, 0x23, 0x00, 0x24, 0x00, 
	0x25, 0x00, 0x26, 0x00, 0x28, 0x00, 0x29, 0x00, 0x2a, 0x00, 0x2b, 0x00, 0x2c, 0x00, 0x2d, 0x00, 
	0x2f, 0x00, 0x30, 0x00, 0x31, 0x00, 0x33, 0x00, 0x34, 0x00, 0x35, 0x00, 0x37, 0x00, 0x38, 0x00, 
	0x3a, 0x00, 0x3c, 0x00, 0x3d, 0x00, 0x3f, 0x00, 0x40, 0x00, 0x42, 0x00, 0x44, 0x00, 0x46, 0x00, 
	0x48, 0x00, 0x49, 0x00, 0x4b, 0x00, 0x4d, 0x00, 0x4f, 0x00, 0x51, 0x00, 0x53, 0x00, 0x56, 0x00, 
	0x58, 0x00, 0x5a, 0x00, 0x5c, 0x00, 0x5f, 0x00, 0x61, 0x00, 0x63, 0x00, 0x66, 0x00, 0x68, 0x00, 
	0x6b, 0x00, 0x6e, 0x00, 0x70, 0x00, 0x73, 0x00, 0x76, 0x00, 0x79, 0x00, 0x7b, 0x00, 0x7e, 0x00, 
	0x81, 0x00, 0x85, 0x00, 0x88, 0x00, 0x8b, 0x00, 0x8e, 0x00, 0x91, 0x00, 0x95, 0x00, 0x98, 0x00, 
	0x9c, 0x00, 0x9f, 0x00, 0xa3, 0x00, 0xa7, 0x00, 0xaa, 0x00, 0xae, 0x00, 0xb2, 0x00, 0xb6, 0x00, 
	0xba, 0x00, 0xbe, 0x00, 0xc2, 0x00, 0xc7, 0x00, 0xcb, 0x00, 0xcf, 0x00, 0xd4, 0x00, 0xd8, 0x00, 
	0xdd, 0x00, 0xe2, 0x00, 0xe7, 0x00, 0xeb, 0x00, 0xf0, 0x00, 0xf5, 0x00, 0xfa, 0x00, 0xfd, 0x00, 
	0x00, 0x00, 0x00, 0x00, 0x01, 0x00, 0x9f, 0x00, 0x02, 0x00, 0x00, 0x00, 0x03, 0x00, 0x03, 0x00, 
	0x03, 0x00, 0x03, 0x00, 0x03, 0x00, 0x03, 0x00, 0x04, 0x00, 0x04, 0x00, 0x04, 0x00, 0x04, 0x00, 
	0x04, 0x00, 0x04, 0x00, 0x04, 0x00, 0x05, 0x00, 0x05, 0x00, 0x05, 0x00, 0x05, 0x00, 0x05, 0x00, 
	0x06, 0x00, 0x06, 0x00, 0x06, 0x00, 0x06, 0x00, 0x06, 0x00, 0x07, 0x00, 0x07, 0x00, 0x07, 0x00, 
	0x07, 0x00, 0x07, 0x00, 0x08, 0x00, 0x08, 0x00, 0x08, 0x00, 0x09, 0x00, 0x09, 0x00, 0x09, 0x00, 
	0x09, 0x00, 0x0a, 0x00, 0x0a, 0x00, 0x0a, 0x00, 0x0b, 0x00, 0x0b, 0x00, 0x0b, 0x00, 0x0c, 0x00, 
	0x0c, 0x00, 0x0d, 0x00, 0x0d, 0x00, 0x0d, 0x00, 0x0e, 0x00, 0x0e, 0x00, 0x0f, 0x00, 0x0f, 0x00, 
	0x10, 0x00, 0x10, 0x00, 0x11, 0x00, 0x11, 0x00, 0x12, 0x00, 0x12, 0x00, 0x13, 0x00, 0x14, 0x00, 
	0x14, 0x00, 0x15, 0x00, 0x15, 0x00, 0x16, 0x00, 0x17, 0x00, 0x17, 0x00, 0x18, 0x00, 0x19, 0x00, 
	0x1a, 0x00, 0x1a, 0x00, 0x1b, 0x00, 0x1c, 0x00, 0x1d, 0x00, 0x1e, 0x00, 0x1f, 0x00, 0x1f, 0x00, 
	0x20, 0x00, 0x21, 0x00, 0x22, 0x00, 0x23, 0x00, 0x24, 0x00, 0x25, 0x00, 0x26, 0x00, 0x28, 0x00, 
	0x29, 0x00, 0x2a, 0x00, 0x2b, 0x00, 0x2c, 0x00, 0x2d, 0x00, 0x2f, 0x00, 0x30, 0x00, 0x31, 0x00, 
	0x33, 0x00, 0x34, 0x00, 0x35, 0x00, 0x37, 0x00, 0x38, 0x00, 0x3a, 0x00, 0x3c, 0x00, 0x3d, 0x00, 
	0x3f, 0x00, 0x40, 0x00, 0x42, 0x00, 0x44, 0x00, 0x46, 0x00, 0x48, 0x00, 0x49, 0x00, 0x4b, 0x00, 
	0x4d, 0x00, 0x4f, 0x00, 0x51, 0x00, 0x53, 0x00, 0x56, 0x00, 0x58, 0x00, 0x5a, 0x00, 0x5c, 0x00, 
	0x5f, 0x00, 0x61, 0x00, 0x63, 0x00, 0x66, 0x00, 0x68, 0x00, 0x6b, 0x00, 0x6e, 0x00, 0x70, 0x00, 
	0x73, 0x00, 0x76, 0x00, 0x79, 0x00, 0x7b, 0x00, 0x7e, 0x00, 0x81, 0x00, 0x85, 0x00, 0x88, 0x00, 
	0x8b, 0x00, 0x8e, 0x00, 0x91, 0x00, 0x95, 0x00, 0x98, 0x00, 0x9c, 0x00, 0x9f, 0x00, 0xa3, 0x00, 
	0xa7, 0x00, 0xaa, 0x00, 0xae, 0x00, 0xb2, 0x00, 0xb6, 0x00, 0xba, 0x00, 0xbe, 0x00, 0xc2, 0x00, 
	0xc7, 0x00, 0xcb, 0x00, 0xcf, 0x00, 0xd4, 0x00, 0xd8, 0x00, 0xdd, 0x00, 0xe2, 0x00, 0xe7, 0x00, 
	0xeb, 0x00, 0xf0, 0x00, 0xf5, 0x00, 0xfa, 0x00, 0xfd, 0x00, 0x00, 0x00, 0x00, 0x00, 0x01, 0x00, 
	0x09, 0x00, 0x02, 0x00, 0x00, 0x00, 0x00, 0x01, 0x00, 0x00, 0x00, 0x00, 0x00, 0x00, 0x00, 0x01, 
	0x00, 0x00, 0x00, 0x00, 0x00, 0x00, 0x00, 0x01, 0x00, 0x00, 0x00, 0x00, 0x01, 0x00, 0x09, 0x00, 
	0x02, 0x00, 0x00, 0x00, 0x00, 0x01, 0x00, 0x00, 0x00, 0x00, 0x00, 0x00, 0x00, 0x01, 0x00, 0x00, 
	0x00, 0x00, 0x00, 0x00, 0x00, 0x01, 0x00, 0x00, 0x00, 0x00, 0x01, 0x00, 0x01, 0x00, 0x02, 0x00, 
	0x00, 0x00, 0x01, 0x00, 0x00, 0x00, 0x00, 0x00, 0x01, 0x00, 0x01, 0x00, 0x02, 0x00, 0x00, 0x00, 
	0x01, 0x00, 0x00, 0x00, 0x00, 0x00, 0x01, 0x00, 0x0f, 0x00, 0x02, 0x00, 0x00, 0x00, 0x9a, 0x00, 
	0xae, 0x00, 0xbb, 0x00, 0xc9, 0x00, 0xd6, 0x00, 0xe4, 0x00, 0xf1, 0x00, 0x00, 0x01, 0x0c, 0x01, 
	0x19, 0x01, 0x26, 0x01, 0x34, 0x01, 0x41, 0x01, 0x4f, 0x01, 0x6a, 0x01, 0x00, 0x00, 0x00, 0x00, 
	0x01, 0x00, 0x0f, 0x00, 0x02, 0x00, 0x00, 0x00, 0x9a, 0x00, 0xae, 0x00, 0xbb, 0x00, 0xc9, 0x00, 
	0xd6, 0x00, 0xe4, 0x00, 0xf1, 0x00, 0x00, 0x01, 0x0c, 0x01, 0x19, 0x01, 0x26, 0x01, 0x34, 0x01, 
	0x41, 0x01, 0x4f, 0x01, 0x6a, 0x01, 0x00, 0x00, 0x00, 0x00, 0x01, 0x00, 0x01, 0x00, 0x02, 0x00, 
	0x00, 0x00, 0x72, 0x06, 0x00, 0x00, 0x00, 0x00, 0x01, 0x00, 0x01, 0x00, 0x02, 0x00, 0x00, 0x00, 
	0x72, 0x06, 0x00, 0x00, 0x00, 0x00, 0x01, 0x00, 0x68, 0x00, 0x02, 0x00, 0x00, 0x00, 0x0c, 0x00, 
	0x0c, 0x00, 0x0d, 0x00, 0x0e, 0x00, 0x0f, 0x00, 0x10, 0x00, 0x13, 0x00, 0x18, 0x00, 0x1f, 0x00, 
	0x29, 0x00, 0x37, 0x00, 0x48, 0x00, 0x5b, 0x00, 0x6e, 0x00, 0x7d, 0x00, 0x86, 0x00, 0x87, 0x00, 
	0x80, 0x00, 0x73, 0x00, 0x63, 0x00, 0x51, 0x00, 0x41, 0x00, 0x34, 0x00, 0x2a, 0x00, 0x24, 0x00, 
	0x21, 0x00, 0x1f, 0x00, 0x1f, 0x00, 0x1f, 0x00, 0x20, 0x00, 0x21, 0x00, 0x22, 0x00, 0x23, 0x00, 
	0x24, 0x00, 0x25, 0x00, 0x27, 0x00, 0x28, 0x00, 0x29, 0x00, 0x2a, 0x00, 0x2c, 0x00, 0x2d, 0x00, 
	0x2e, 0x00, 0x30, 0x00, 0x31, 0x00, 0x33, 0x00, 0x35, 0x00, 0x36, 0x00, 0x38, 0x00, 0x3a, 0x00, 
	0x3b, 0x00, 0x3d, 0x00, 0x3f, 0x00, 0x41, 0x00, 0x43, 0x00, 0x45, 0x00, 0x47, 0x00, 0x49, 0x00, 
	0x4b, 0x00, 0x4d, 0x00, 0x50, 0x00, 0x52, 0x00, 0x54, 0x00, 0x57, 0x00, 0x59, 0x00, 0x5c, 0x00, 
	0x5e, 0x00, 0x61, 0x00, 0x64, 0x00, 0x67, 0x00, 0x6a, 0x00, 0x6c, 0x00, 0x6f, 0x00, 0x73, 0x00, 
	0x76, 0x00, 0x79, 0x00, 0x7c, 0x00, 0x80, 0x00, 0x83, 0x00, 0x87, 0x00, 0x8a, 0x00, 0x8e, 0x00, 
	0x92, 0x00, 0x96, 0x00, 0x9a, 0x00, 0x9e, 0x00, 0xa2, 0x00, 0xa6, 0x00, 0xab, 0x00, 0xaf, 0x00, 
	0xb3, 0x00, 0xb8, 0x00, 0xbd, 0x00, 0xc2, 0x00, 0xc6, 0x00, 0xcb, 0x00, 0xd1, 0x00, 0xd6, 0x00, 
	0xdb, 0x00, 0xe1, 0x00, 0xe6, 0x00, 0xec, 0x00, 0xf1, 0x00, 0xf7, 0x00, 0xfd, 0x00, 0x00, 0x00, 
	0x00, 0x00, 0x01, 0x00, 0x68, 0x00, 0x02, 0x00, 0x00, 0x00, 0x0c, 0x00, 0x0c, 0x00, 0x0d, 0x00, 
	0x0e, 0x00, 0x0f, 0x00, 0x10, 0x00, 0x13, 0x00, 0x18, 0x00, 0x1f, 0x00, 0x29, 0x00, 0x37, 0x00, 
	0x48, 0x00, 0x5b, 0x00, 0x6e, 0x00, 0x7d, 0x00, 0x86, 0x00, 0x87, 0x00, 0x80, 0x00, 0x73, 0x00, 
	0x63, 0x00, 0x51, 0x00, 0x41, 0x00, 0x34, 0x00, 0x2a, 0x00, 0x24, 0x00, 0x21, 0x00, 0x1f, 0x00, 
	0x1f, 0x00, 0x1f, 0x00, 0x20, 0x00, 0x21, 0x00, 0x22, 0x00, 0x23, 0x00, 0x24, 0x00, 0x25, 0x00, 
	0x27, 0x00, 0x28, 0x00, 0x29, 0x00, 0x2a, 0x00, 0x2c, 0x00, 0x2d, 0x00, 0x2e, 0x00, 0x30, 0x00, 
	0x31, 0x00, 0x33, 0x00, 0x35, 0x00, 0x36, 0x00, 0x38, 0x00, 0x3a, 0x00, 0x3b, 0x00, 0x3d, 0x00, 
	0x3f, 0x00, 0x41, 0x00, 0x43, 0x00, 0x45, 0x00, 0x47, 0x00, 0x49, 0x00, 0x4b, 0x00, 0x4d, 0x00, 
	0x50, 0x00, 0x52, 0x00, 0x54, 0x00, 0x57, 0x00, 0x59, 0x00, 0x5c, 0x00, 0x5e, 0x00, 0x61, 0x00, 
	0x64, 0x00, 0x67, 0x00, 0x6a, 0x00, 0x6c, 0x00, 0x6f, 0x00, 0x73, 0x00, 0x76, 0x00, 0x79, 0x00, 
	0x7c, 0x00, 0x80, 0x00, 0x83, 0x00, 0x87, 0x00, 0x8a, 0x00, 0x8e, 0x00, 0x92, 0x00, 0x96, 0x00, 
	0x9a, 0x00, 0x9e, 0x00, 0xa2, 0x00, 0xa6, 0x00, 0xab, 0x00, 0xaf, 0x00, 0xb3, 0x00, 0xb8, 0x00, 
	0xbd, 0x00, 0xc2, 0x00, 0xc6, 0x00, 0xcb, 0x00, 0xd1, 0x00, 0xd6, 0x00, 0xdb, 0x00, 0xe1, 0x00, 
	0xe6, 0x00, 0xec, 0x00, 0xf1, 0x00, 0xf7, 0x00, 0xfd, 0x00, 0x00, 0x00, 0x00, 0x00, 0x01, 0x00, 
	0x01, 0x00, 0x02, 0x00, 0x00, 0x00, 0x01, 0x00, 0x00, 0x00, 0x00, 0x00, 0x01, 0x00, 0x01, 0x00, 
	0x02, 0x00, 0x00, 0x00, 0x01, 0x00, 0x00, 0x00, 0x00, 0x00, 0x07, 0x00, 0x02, 0x00, 0x02, 0x00, 
	0x00, 0x00, 0x00, 0x01, 0x01, 0x01, 0x25, 0x01, 0xca, 0x00, 0x93, 0x00, 0xcd, 0x01, 0xd2, 0x00, 
	0x33, 0x01, 0xd2, 0x00, 0x33, 0x01, 0x39, 0x01, 0xbb, 0x00, 0xa0, 0x00, 0x78, 0x01, 0x00, 0x00, 
	0x00, 0x00, 0x07, 0x00, 0x02, 0x00, 0x02, 0x00, 0x00, 0x00, 0x00, 0x01, 0x01, 0x01, 0x25, 0x01, 
	0xca, 0x00, 0x93, 0x00, 0xcd, 0x01, 0xd2, 0x00, 0x33, 0x01, 0xd2, 0x00, 0x33, 0x01, 0x39, 0x01, 
	0xbb, 0x00, 0xa0, 0x00, 0x78, 0x01, 0x00, 0x00, 0x00, 0x00, 0x01, 0x00, 0x02, 0x00, 0x02, 0x00, 
	0x00, 0x00, 0x00, 0x00, 0x00, 0x00, 0x00, 0x00, 0x00, 0x00, 0x01, 0x00, 0x02, 0x00, 0x02, 0x00, 
	0x00, 0x00, 0x00, 0x00, 0x00, 0x00, 0x00, 0x00, 0x00, 0x00, 0x01, 0x00, 0x02, 0x00, 0x02, 0x00, 
	0x00, 0x00, 0x00, 0x00, 0x00, 0x00, 0x00, 0x00, 0x00, 0x00, 0x01, 0x00, 0x02, 0x00, 0x02, 0x00, 
	0x00, 0x00, 0x00, 0x00, 0x00, 0x00, 0x00, 0x00, 0x00, 0x00, 0x01, 0x00, 0x02, 0x00, 0x02, 0x00, 
	0x00, 0x00, 0x00, 0x00, 0x00, 0x00, 0x00, 0x00, 0x00, 0x00, 0x01, 0x00, 0x02, 0x00, 0x02, 0x00, 
	0x00, 0x00, 0x00, 0x00, 0x00, 0x00, 0x00, 0x00, 0x00, 0x00, 0x01, 0x00, 0x02, 0x00, 0x02, 0x00, 
	0x00, 0x00, 0x00, 0x00, 0x00, 0x00, 0x00, 0x00, 0x00, 0x00, 0x01, 0x00, 0x02, 0x00, 0x02, 0x00, 
	0x00, 0x00, 0x00, 0x00, 0x00, 0x00, 0x00, 0x00, 0x00, 0x00, 0x01, 0x00, 0x02, 0x00, 0x02, 0x00, 
	0x00, 0x00, 0x00, 0x00, 0x00, 0x00, 0x00, 0x00, 0x00, 0x00, 0x01, 0x00, 0x02, 0x00, 0x02, 0x00, 
	0x00, 0x00, 0x00, 0x00, 0x00, 0x00, 0x00, 0x00, 0x00, 0x00, 0x01, 0x00, 0x02, 0x00, 0x02, 0x00, 
	0x00, 0x00, 0x40, 0x00, 0x64, 0x00, 0x00, 0x00, 0x00, 0x00, 0x01, 0x00, 0x02, 0x00, 0x02, 0x00, 
	0x00, 0x00, 0x40, 0x00, 0x1e, 0x00, 0x00, 0x00, 0x00, 0x00, 0x01, 0x00, 0x01, 0x00, 0x01, 0x00, 
	0x00, 0x00, 0x0d, 0x00, 0x00, 0x00, 0x00, 0x01, 0x00, 0x01, 0x00, 0x01, 0x00, 0x00, 0x00, 0x0d, 
	0x00, 0x00, 0x00, 0x00, 0x01, 0x00, 0x01, 0x00, 0x01, 0x00, 0x00, 0x00, 0x0d, 0x00, 0x00, 0x00, 
	0x00, 0x01, 0x00, 0x01, 0x00, 0x01, 0x00, 0x00, 0x00, 0x0d, 0x00, 0x00, 0x00, 0x00, 0x01, 0x00, 
	0x01, 0x00, 0x01, 0x00, 0x00, 0x00, 0x0d, 0x00, 0x00, 0x00, 0x00, 0x01, 0x00, 0x01, 0x00, 0x01, 
	0x00, 0x00, 0x00, 0x0d, 0x00, 0x00, 0x00, 0x00, 0x01, 0x00, 0x01, 0x00, 0x02, 0x00, 0x00, 0x00, 
	0x08, 0x00, 0x00, 0x00, 0x00, 0x00, 0x01, 0x00, 0x01, 0x00, 0x02, 0x00, 0x00, 0x00, 0x08, 0x00, 
	0x00, 0x00, 0x00, 0x00, 0x01, 0x00, 0x01, 0x00, 0x02, 0x00, 0x00, 0x00, 0x35, 0x00, 0x00, 0x00, 
	0x00, 0x00, 0x01, 0x00, 0x01, 0x00, 0x02, 0x00, 0x00, 0x00, 0x35, 0x00, 0x00, 0x00, 0x00, 0x00, 
	0x01, 0x00, 0x01, 0x00, 0x01, 0x00, 0x00, 0x00, 0x00, 0x00, 0x00, 0x00, 0x00, 0x01, 0x00, 0x01, 
	0x00, 0x01, 0x00, 0x00, 0x00, 0x00, 0x00, 0x00, 0x00, 0x00, 0x01, 0x00, 0x00, 0x04, 0x04, 0x00, 
	0x00, 0x00, 0x00, 0x00, 0x00, 0x00, 0x00, 0x00, 0x00, 0x00, 0x00, 0x00, 0x00, 0x00, 0x00, 0x00, 
	0x00, 0x00, 0x00, 0x00, 0x00, 0x00, 0x00, 0x00, 0x00, 0x00, 0x00, 0x00, 0x00, 0x00, 0x00, 0x00, 
	0x00, 0x00, 0x00, 0x00, 0x00, 0x00, 0x00, 0x00, 0x00, 0x00, 0x00, 0x00, 0x00, 0x00, 0x00, 0x00, 
	0x00, 0x00, 0x00, 0x00, 0x00, 0x00, 0x00, 0x00, 0x00, 0x00, 0x00, 0x00, 0x00, 0x00, 0x00, 0x00, 
	0x00, 0x00, 0x00, 0x00, 0x00, 0x00, 0x00, 0x00, 0x00, 0x00, 0x00, 0x00, 0x00, 0x00, 0x00, 0x00, 
	0x00, 0x00, 0x00, 0x00, 0x00, 0x00, 0x00, 0x00, 0x00, 0x00, 0x00, 0x00, 0x00, 0x00, 0x00, 0x00, 
	0x00, 0x00, 0x00, 0x00, 0x00, 0x00, 0x00, 0x00, 0x00, 0x00, 0x00, 0x00, 0x00, 0x00, 0x00, 0x00, 
	0x00, 0x00, 0x00, 0x00, 0x00, 0x00, 0x00, 0x00, 0x00, 0x00, 0x00, 0x00, 0x00, 0x00, 0x00, 0x00, 
	0x00, 0x00, 0x00, 0x00, 0x00, 0x00, 0x00, 0x00, 0x00, 0x00, 0x00, 0x00, 0x00, 0x00, 0x00, 0x00, 
	0x00, 0x00, 0x00, 0x00, 0x00, 0x00, 0x00, 0x00, 0x00, 0x00, 0x00, 0x00, 0x00, 0x00, 0x00, 0x00, 
	0x00, 0x00, 0x00, 0x00, 0x00, 0x00, 0x00, 0x00, 0x00, 0x00, 0x00, 0x00, 0x00, 0x00, 0x00, 0x00, 
	0x00, 0x00, 0x00, 0x00, 0x00, 0x00, 0x00, 0x00, 0x00, 0x00, 0x00, 0x00, 0x00, 0x00, 0x00, 0x00, 
	0x00, 0x00, 0x00, 0x00, 0x00, 0x00, 0x00, 0x00, 0x00, 0x00, 0x00, 0x00, 0x00, 0x00, 0x00, 0x00, 
	0x00, 0x00, 0x00, 0x00, 0x00, 0x00, 0x00, 0x00, 0x00, 0x00, 0x00, 0x00, 0x00, 0x00, 0x00, 0x00, 
	0x00, 0x00, 0x00, 0x00, 0x00, 0x00, 0x00, 0x00, 0x00, 0x00, 0x00, 0x00, 0x00, 0x00, 0x00, 0x00, 
	0x00, 0x00, 0x00, 0x00, 0x00, 0x00, 0x00, 0x00, 0x00, 0x00, 0x00, 0x00, 0x00, 0x00, 0x00, 0x00, 
	0x00, 0x00, 0x00, 0x00, 0x00, 0x00, 0x00, 0x00, 0x00, 0x00, 0x00, 0x00, 0x00, 0x00, 0x00, 0x00, 
	0x00, 0x00, 0x00, 0x00, 0x00, 0x00, 0x00, 0x00, 0x00, 0x00, 0x00, 0x00, 0x00, 0x00, 0x00, 0x00, 
	0x00, 0x00, 0x00, 0x00, 0x00, 0x00, 0x00, 0x00, 0x00, 0x00, 0x00, 0x00, 0x00, 0x00, 0x00, 0x00, 
	0x00, 0x00, 0x00, 0x00, 0x00, 0x00, 0x00, 0x00, 0x00, 0x00, 0x00, 0x00, 0x00, 0x00, 0x00, 0x00, 
	0x00, 0x00, 0x00, 0x00, 0x00, 0x00, 0x00, 0x00, 0x00, 0x00, 0x00, 0x00, 0x00, 0x00, 0x00, 0x00, 
	0x00, 0x00, 0x00, 0x00, 0x00, 0x00, 0x00, 0x00, 0x00, 0x00, 0x00, 0x00, 0x00, 0x00, 0x00, 0x00, 
	0x00, 0x00, 0x00, 0x00, 0x00, 0x00, 0x00, 0x00, 0x00, 0x00, 0x00, 0x00, 0x00, 0x00, 0x00, 0x00, 
	0x00, 0x00, 0x00, 0x00, 0x00, 0x00, 0x00, 0x00, 0x00, 0x00, 0x00, 0x00, 0x00, 0x00, 0x00, 0x00, 
	0x00, 0x00, 0x00, 0x00, 0x00, 0x00, 0x00, 0x00, 0x00, 0x00, 0x00, 0x00, 0x00, 0x00, 0x00, 0x00, 
	0x00, 0x00, 0x00, 0x00, 0x00, 0x00, 0x00, 0x00, 0x00, 0x00, 0x00, 0x00, 0x00, 0x00, 0x00, 0x00, 
	0x00, 0x00, 0x00, 0x00, 0x00, 0x00, 0x00, 0x00, 0x00, 0x00, 0x00, 0x00, 0x00, 0x00, 0x00, 0x00, 
	0x00, 0x00, 0x00, 0x00, 0x00, 0x00, 0x00, 0x00, 0x00, 0x00, 0x00, 0x00, 0x00, 0x00, 0x00, 0x00, 
	0x00, 0x00, 0x00, 0x00, 0x00, 0x00, 0x00, 0x00, 0x00, 0x00, 0x00, 0x00, 0x00, 0x00, 0x00, 0x00, 
	0x00, 0x00, 0x00, 0x00, 0x00, 0x00, 0x00, 0x00, 0x00, 0x00, 0x00, 0x00, 0x00, 0x00, 0x00, 0x00, 
	0x00, 0x00, 0x00, 0x00, 0x00, 0x00, 0x00, 0x00, 0x00, 0x00, 0x00, 0x00, 0x00, 0x00, 0x00, 0x00, 
	0x00, 0x00, 0x00, 0x00, 0x00, 0x00, 0x00, 0x00, 0x00, 0x00, 0x00, 0x00, 0x00, 0x00, 0x00, 0x00, 
	0x00, 0x00, 0x00, 0x00, 0x00, 0x00, 0x00, 0x00, 0x00, 0x00, 0x00, 0x00, 0x00, 0x00, 0x00, 0x00, 
	0x00, 0x00, 0x00, 0x00, 0x00, 0x00, 0x00, 0x00, 0x00, 0x00, 0x00, 0x00, 0x00, 0x00, 0x00, 0x00, 
	0x00, 0x00, 0x00, 0x00, 0x00, 0x00, 0x00, 0x00, 0x00, 0x00, 0x00, 0x00, 0x00, 0x00, 0x00, 0x00, 
	0x00, 0x00, 0x00, 0x00, 0x00, 0x00, 0x00, 0x00, 0x00, 0x00, 0x00, 0x00, 0x00, 0x00, 0x00, 0x00, 
	0x00, 0x00, 0x00, 0x00, 0x00, 0x00, 0x00, 0x00, 0x00, 0x00, 0x00, 0x00, 0x00, 0x00, 0x00, 0x00, 
	0x00, 0x00, 0x00, 0x00, 0x00, 0x00, 0x00, 0x00, 0x00, 0x00, 0x00, 0x00, 0x00, 0x00, 0x00, 0x00, 
	0x00, 0x00, 0x00, 0x00, 0x00, 0x00, 0x00, 0x00, 0x00, 0x00, 0x00, 0x00, 0x00, 0x00, 0x00, 0x00, 
	0x00, 0x00, 0x00, 0x00, 0x00, 0x00, 0x00, 0x00, 0x00, 0x00, 0x00, 0x00, 0x00, 0x00, 0x00, 0x00, 
	0x00, 0x00, 0x00, 0x00, 0x00, 0x00, 0x00, 0x00, 0x00, 0x00, 0x00, 0x00, 0x00, 0x00, 0x00, 0x00, 
	0x00, 0x00, 0x00, 0x00, 0x00, 0x00, 0x00, 0x00, 0x00, 0x00, 0x00, 0x00, 0x00, 0x00, 0x00, 0x00, 
	0x00, 0x00, 0x00, 0x00, 0x00, 0x00, 0x00, 0x00, 0x00, 0x00, 0x00, 0x00, 0x00, 0x00, 0x00, 0x00, 
	0x00, 0x00, 0x00, 0x00, 0x00, 0x00, 0x00, 0x00, 0x00, 0x00, 0x00, 0x00, 0x00, 0x00, 0x00, 0x00, 
	0x00, 0x00, 0x00, 0x00, 0x00, 0x00, 0x00, 0x00, 0x00, 0x00, 0x00, 0x00, 0x00, 0x00, 0x00, 0x00, 
	0x00, 0x00, 0x00, 0x00, 0x00, 0x00, 0x00, 0x00, 0x00, 0x00, 0x00, 0x00, 0x00, 0x00, 0x00, 0x00, 
	0x00, 0x00, 0x00, 0x00, 0x00, 0x00, 0x00, 0x00, 0x00, 0x00, 0x00, 0x00, 0x00, 0x00, 0x00, 0x00, 
	0x00, 0x00, 0x00, 0x00, 0x00, 0x00, 0x00, 0x00, 0x00, 0x00, 0x00, 0x00, 0x00, 0x00, 0x00, 0x00, 
	0x00, 0x00, 0x00, 0x00, 0x00, 0x00, 0x00, 0x00, 0x00, 0x00, 0x00, 0x00, 0x00, 0x00, 0x00, 0x00, 
	0x00, 0x00, 0x00, 0x00, 0x00, 0x00, 0x00, 0x00, 0x00, 0x00, 0x00, 0x00, 0x00, 0x00, 0x00, 0x00, 
	0x00, 0x00, 0x00, 0x00, 0x00, 0x00, 0x00, 0x00, 0x00, 0x00, 0x00, 0x00, 0x00, 0x00, 0x00, 0x00, 
	0x00, 0x00, 0x00, 0x00, 0x00, 0x00, 0x00, 0x00, 0x00, 0x00, 0x00, 0x00, 0x00, 0x00, 0x00, 0x00, 
	0x00, 0x00, 0x00, 0x00, 0x00, 0x00, 0x00, 0x00, 0x00, 0x00, 0x00, 0x00, 0x00, 0x00, 0x00, 0x00, 
	0x00, 0x00, 0x00, 0x00, 0x00, 0x00, 0x00, 0x00, 0x00, 0x00, 0x00, 0x00, 0x00, 0x00, 0x00, 0x00, 
	0x00, 0x00, 0x00, 0x00, 0x00, 0x00, 0x00, 0x00, 0x00, 0x00, 0x00, 0x00, 0x00, 0x00, 0x00, 0x00, 
	0x00, 0x00, 0x00, 0x00, 0x00, 0x00, 0x00, 0x00, 0x00, 0x00, 0x00, 0x00, 0x00, 0x00, 0x00, 0x00, 
	0x00, 0x00, 0x00, 0x00, 0x00, 0x00, 0x00, 0x00, 0x00, 0x00, 0x00, 0x00, 0x00, 0x00, 0x00, 0x00, 
	0x00, 0x00, 0x00, 0x00, 0x00, 0x00, 0x00, 0x00, 0x00, 0x00, 0x00, 0x00, 0x00, 0x00, 0x00, 0x00, 
	0x00, 0x00, 0x00, 0x00, 0x00, 0x00, 0x00, 0x00, 0x00, 0x00, 0x00, 0x00, 0x00, 0x00, 0x00, 0x00, 
	0x00, 0x00, 0x00, 0x00, 0x00, 0x00, 0x00, 0x00, 0x00, 0x00, 0x00, 0x00, 0x00, 0x00, 0x00, 0x00, 
	0x00, 0x00, 0x00, 0x00, 0x00, 0x00, 0x00, 0x00, 0x00, 0x00, 0x00, 0x00, 0x00, 0x00, 0x00, 0x00, 
	0x00, 0x00, 0x00, 0x00, 0x00, 0x00, 0x00, 0x00, 0x00, 0x00, 0x00, 0x00, 0x00, 0x00, 0x00, 0x00, 
	0x00, 0x00, 0x00, 0x00, 0x00, 0x00, 0x00, 0x00, 0x00, 0x00, 0x00, 0x00, 0x00, 0x00, 0x00, 0x00, 
	0x00, 0x00, 0x00, 0x00, 0x00, 0x00, 0x00, 0x00, 0x00, 0x00, 0x00, 0x00, 0x00, 0x00, 0x00, 0x00, 
	0x00, 0x00, 0x00, 0x00, 0x00, 0x00, 0x00, 0x00, 0x00, 0x00, 0x00, 0x00, 0x00, 0x00, 0x00, 0x00, 
	0x00, 0x00, 0x00, 0x00, 0x00, 0x00, 0x00, 0x00, 0x00, 0x00, 0x00, 0x00, 0x00, 0x00, 0x00, 0x00, 
	0x00, 0x00, 0x00, 0x00, 0x00, 0x00, 0x00, 0x00, 0x00, 0x00, 0x00, 0x00, 0x00, 0x00, 0x00, 0x00, 
	0x00, 0x00, 0x00, 0x00, 0x00, 0x00, 0x00, 0x00, 0x00, 0x00, 0x00, 0x00, 0x00, 0x00, 0x00, 0x00, 
	0x00, 0x00, 0x00, 0x00, 0x00, 0x00, 0x00, 0x00, 0x00, 0x00, 0x00, 0x00, 0x00, 0x00, 0x00, 0x00, 
	0x00, 0x00, 0x00, 0x00, 0x00, 0x00, 0x00, 0x00, 0x00, 0x00, 0x00, 0x00, 0x00, 0x00, 0x00, 0x00, 
	0x00, 0x00, 0x00, 0x00, 0x00, 0x00, 0x00, 0x00, 0x00, 0x00, 0x00, 0x00, 0x00, 0x00, 0x00, 0x00, 
	0x00, 0x00, 0x00, 0x00, 0x00, 0x00, 0x00, 0x00, 0x00, 0x00, 0x00, 0x00, 0x00, 0x00, 0x00, 0x00, 
	0x00, 0x00, 0x00, 0x00, 0x00, 0x00, 0x00, 0x00, 0x00, 0x00, 0x00, 0x00, 0x00, 0x00, 0x00, 0x00, 
	0x00, 0x00, 0x00, 0x00, 0x00, 0x00, 0x00, 0x00, 0x00, 0x00, 0x00, 0x00, 0x00, 0x00, 0x00, 0x00, 
	0x00, 0x00, 0x00, 0x00, 0x00, 0x00, 0x00, 0x00, 0x00, 0x00, 0x00, 0x00, 0x00, 0x00, 0x00, 0x00, 
	0x00, 0x00, 0x00, 0x00, 0x00, 0x00, 0x00, 0x00, 0x00, 0x00, 0x00, 0x00, 0x00, 0x00, 0x00, 0x00, 
	0x00, 0x00, 0x00, 0x00, 0x00, 0x00, 0x00, 0x00, 0x00, 0x00, 0x00, 0x00, 0x00, 0x00, 0x00, 0x00, 
	0x00, 0x00, 0x00, 0x00, 0x00, 0x00, 0x00, 0x00, 0x00, 0x00, 0x00, 0x00, 0x00, 0x00, 0x00, 0x00, 
	0x00, 0x00, 0x00, 0x00, 0x00, 0x00, 0x00, 0x00, 0x00, 0x00, 0x00, 0x00, 0x00, 0x00, 0x00, 0x00, 
	0x00, 0x00, 0x00, 0x00, 0x00, 0x00, 0x00, 0x00, 0x00, 0x00, 0x00, 0x00, 0x00, 0x00, 0x00, 0x00, 
	0x00, 0x00, 0x00, 0x00, 0x00, 0x00, 0x00, 0x00, 0x00, 0x00, 0x00, 0x00, 0x00, 0x00, 0x00, 0x00, 
	0x00, 0x00, 0x00, 0x00, 0x00, 0x00, 0x00, 0x00, 0x00, 0x00, 0x00, 0x00, 0x00, 0x00, 0x00, 0x00, 
	0x00, 0x00, 0x00, 0x00, 0x00, 0x00, 0x00, 0x00, 0x00, 0x00, 0x00, 0x00, 0x00, 0x00, 0x00, 0x00, 
	0x00, 0x00, 0x00, 0x00, 0x00, 0x00, 0x00, 0x00, 0x00, 0x00, 0x00, 0x00, 0x00, 0x00, 0x00, 0x00, 
	0x00, 0x00, 0x00, 0x00, 0x00, 0x00, 0x00, 0x00, 0x00, 0x00, 0x00, 0x00, 0x00, 0x00, 0x00, 0x00, 
	0x00, 0x00, 0x00, 0x00, 0x00, 0x00, 0x00, 0x00, 0x00, 0x00, 0x00, 0x00, 0x00, 0x00, 0x00, 0x00, 
	0x00, 0x00, 0x00, 0x00, 0x00, 0x00, 0x00, 0x00, 0x00, 0x00, 0x00, 0x00, 0x00, 0x00, 0x00, 0x00, 
	0x00, 0x00, 0x00, 0x00, 0x00, 0x00, 0x00, 0x00, 0x00, 0x00, 0x00, 0x00, 0x00, 0x00, 0x00, 0x00, 
	0x00, 0x00, 0x00, 0x00, 0x00, 0x00, 0x00, 0x00, 0x00, 0x00, 0x00, 0x00, 0x00, 0x00, 0x00, 0x00, 
	0x00, 0x00, 0x00, 0x00, 0x00, 0x00, 0x00, 0x00, 0x00, 0x00, 0x00, 0x00, 0x00, 0x00, 0x00, 0x00, 
	0x00, 0x00, 0x00, 0x00, 0x00, 0x00, 0x00, 0x00, 0x00, 0x00, 0x00, 0x00, 0x00, 0x00, 0x00, 0x00, 
	0x00, 0x00, 0x00, 0x00, 0x00, 0x00, 0x00, 0x00, 0x00, 0x00, 0x00, 0x00, 0x00, 0x00, 0x00, 0x00, 
	0x00, 0x00, 0x00, 0x00, 0x00, 0x00, 0x00, 0x00, 0x00, 0x00, 0x00, 0x00, 0x00, 0x00, 0x00, 0x00, 
	0x00, 0x00, 0x00, 0x00, 0x00, 0x00, 0x00, 0x00, 0x00, 0x00, 0x00, 0x00, 0x00, 0x00, 0x00, 0x00, 
	0x00, 0x00, 0x00, 0x00, 0x00, 0x00, 0x00, 0x00, 0x00, 0x00, 0x00, 0x00, 0x00, 0x00, 0x00, 0x00, 
	0x00, 0x00, 0x00, 0x00, 0x00, 0x00, 0x00, 0x00, 0x00, 0x00, 0x00, 0x00, 0x00, 0x00, 0x00, 0x00, 
	0x00, 0x00, 0x00, 0x00, 0x00, 0x00, 0x00, 0x00, 0x00, 0x00, 0x00, 0x00, 0x00, 0x00, 0x00, 0x00, 
	0x00, 0x00, 0x00, 0x00, 0x00, 0x00, 0x00, 0x00, 0x00, 0x00, 0x00, 0x00, 0x00, 0x00, 0x00, 0x00, 
	0x00, 0x00, 0x00, 0x00, 0x00, 0x00, 0x00, 0x00, 0x00, 0x00, 0x00, 0x00, 0x00, 0x00, 0x00, 0x00, 
	0x00, 0x00, 0x00, 0x00, 0x00, 0x00, 0x00, 0x00, 0x00, 0x00, 0x00, 0x00, 0x00, 0x00, 0x00, 0x00, 
	0x00, 0x00, 0x00, 0x00, 0x00, 0x00, 0x00, 0x00, 0x00, 0x00, 0x00, 0x00, 0x00, 0x00, 0x00, 0x00, 
	0x00, 0x00, 0x00, 0x00, 0x00, 0x00, 0x00, 0x00, 0x00, 0x00, 0x00, 0x00, 0x00, 0x00, 0x00, 0x00, 
	0x00, 0x00, 0x00, 0x00, 0x00, 0x00, 0x00, 0x00, 0x00, 0x00, 0x00, 0x00, 0x00, 0x00, 0x00, 0x00, 
	0x00, 0x00, 0x00, 0x00, 0x00, 0x00, 0x00, 0x00, 0x00, 0x00, 0x00, 0x00, 0x00, 0x00, 0x00, 0x00, 
	0x00, 0x00, 0x00, 0x00, 0x00, 0x00, 0x00, 0x00, 0x00, 0x00, 0x00, 0x00, 0x00, 0x00, 0x00, 0x00, 
	0x00, 0x00, 0x00, 0x00, 0x00, 0x00, 0x00, 0x00, 0x00, 0x00, 0x00, 0x00, 0x00, 0x00, 0x00, 0x00, 
	0x00, 0x00, 0x00, 0x00, 0x00, 0x00, 0x00, 0x00, 0x00, 0x00, 0x00, 0x00, 0x00, 0x00, 0x00, 0x00, 
	0x00, 0x00, 0x00, 0x00, 0x00, 0x00, 0x00, 0x00, 0x00, 0x00, 0x00, 0x00, 0x00, 0x00, 0x00, 0x00, 
	0x00, 0x00, 0x00, 0x00, 0x00, 0x00, 0x00, 0x00, 0x00, 0x00, 0x00, 0x00, 0x00, 0x00, 0x00, 0x00, 
	0x00, 0x00, 0x00, 0x00, 0x00, 0x00, 0x00, 0x00, 0x00, 0x00, 0x00, 0x00, 0x00, 0x00, 0x00, 0x00, 
	0x00, 0x00, 0x00, 0x00, 0x00, 0x00, 0x00, 0x00, 0x00, 0x00, 0x00, 0x00, 0x00, 0x00, 0x00, 0x00, 
	0x00, 0x00, 0x00, 0x00, 0x00, 0x00, 0x00, 0x00, 0x00, 0x00, 0x00, 0x00, 0x00, 0x00, 0x00, 0x00, 
	0x00, 0x00, 0x00, 0x00, 0x00, 0x00, 0x00, 0x00, 0x00, 0x00, 0x00, 0x00, 0x00, 0x00, 0x00, 0x00, 
	0x00, 0x00, 0x00, 0x00, 0x00, 0x00, 0x00, 0x00, 0x00, 0x00, 0x00, 0x00, 0x00, 0x00, 0x00, 0x00, 
	0x00, 0x00, 0x00, 0x00, 0x00, 0x00, 0x00, 0x00, 0x00, 0x00, 0x00, 0x00, 0x00, 0x00, 0x00, 0x00, 
	0x00, 0x00, 0x00, 0x00, 0x00, 0x00, 0x00, 0x00, 0x00, 0x00, 0x00, 0x00, 0x00, 0x00, 0x00, 0x00, 
	0x00, 0x00, 0x00, 0x00, 0x00, 0x00, 0x00, 0x00, 0x00, 0x00, 0x00, 0x00, 0x00, 0x00, 0x00, 0x00, 
	0x00, 0x00, 0x00, 0x00, 0x00, 0x00, 0x00, 0x00, 0x00, 0x00, 0x00, 0x00, 0x00, 0x00, 0x00, 0x00, 
	0x00, 0x00, 0x00, 0x00, 0x00, 0x00, 0x00, 0x00, 0x00, 0x00, 0x00, 0x00, 0x00, 0x00, 0x00, 0x00, 
	0x00, 0x00, 0x00, 0x00, 0x00, 0x00, 0x00, 0x00, 0x00, 0x00, 0x00, 0x00, 0x00, 0x00, 0x00, 0x00, 
	0x00, 0x00, 0x00, 0x00, 0x00, 0x00, 0x00, 0x00, 0x00, 0x00, 0x00, 0x00, 0x00, 0x00, 0x00, 0x00, 
	0x00, 0x00, 0x00, 0x00, 0x00, 0x00, 0x00, 0x00, 0x00, 0x00, 0x00, 0x00, 0x00, 0x00, 0x00, 0x00, 
	0x00, 0x00, 0x00, 0x00, 0x00, 0x00, 0x00, 0x00, 0x00, 0x00, 0x00, 0x00, 0x00, 0x00, 0x00, 0x00, 
	0x00, 0x00, 0x00, 0x00, 0x00, 0x00, 0x00, 0x00, 0x00, 0x00, 0x00, 0x00, 0x00, 0x00, 0x00, 0x00, 
	0x00, 0x00, 0x00, 0x00, 0x00, 0x00, 0x00, 0x00, 0x00, 0x00, 0x00, 0x00, 0x00, 0x00, 0x00, 0x00, 
	0x00, 0x00, 0x00, 0x00, 0x00, 0x00, 0x00, 0x00, 0x00, 0x00, 0x00, 0x00, 0x00, 0x00, 0x00, 0x00, 
	0x00, 0x00, 0x00, 0x00, 0x00, 0x00, 0x00, 0x00, 0x00, 0x00, 0x00, 0x00, 0x00, 0x00, 0x00, 0x00, 
	0x00, 0x00, 0x00, 0x00, 0x00, 0x00, 0x00, 0x00, 0x00, 0x00, 0x00, 0x00, 0x00, 0x00, 0x00, 0x00, 
	0x00, 0x00, 0x00, 0x00, 0x00, 0x00, 0x00, 0x00, 0x00, 0x00, 0x00, 0x00, 0x00, 0x00, 0x00, 0x00, 
	0x00, 0x00, 0x00, 0x00, 0x00, 0x00, 0x00, 0x00, 0x00, 0x00, 0x00, 0x00, 0x00, 0x00, 0x00, 0x00, 
	0x00, 0x00, 0x00, 0x00, 0x00, 0x00, 0x00, 0x00, 0x00, 0x00, 0x00, 0x00, 0x00, 0x00, 0x00, 0x00, 
	0x00, 0x00, 0x00, 0x00, 0x00, 0x00, 0x00, 0x00, 0x00, 0x00, 0x00, 0x00, 0x00, 0x00, 0x00, 0x00, 
	0x00, 0x00, 0x00, 0x00, 0x00, 0x00, 0x00, 0x00, 0x00, 0x00, 0x00, 0x00, 0x00, 0x00, 0x00, 0x00, 
	0x00, 0x00, 0x00, 0x00, 0x00, 0x00, 0x00, 0x00, 0x00, 0x00, 0x00, 0x00, 0x00, 0x00, 0x00, 0x00, 
	0x00, 0x00, 0x00, 0x00, 0x00, 0x00, 0x00, 0x00, 0x00, 0x00, 0x00, 0x00, 0x00, 0x00, 0x00, 0x00, 
	0x00, 0x00, 0x00, 0x00, 0x00, 0x00, 0x00, 0x00, 0x00, 0x00, 0x00, 0x00, 0x00, 0x00, 0x00, 0x00, 
	0x00, 0x00, 0x00, 0x00, 0x00, 0x00, 0x00, 0x00, 0x00, 0x00, 0x00, 0x00, 0x00, 0x00, 0x00, 0x00, 
	0x00, 0x00, 0x00, 0x00, 0x00, 0x00, 0x00, 0x00, 0x00, 0x00, 0x00, 0x00, 0x00, 0x00, 0x00, 0x00, 
	0x00, 0x00, 0x00, 0x00, 0x00, 0x00, 0x00, 0x00, 0x00, 0x00, 0x00, 0x00, 0x00, 0x00, 0x00, 0x00, 
	0x00, 0x00, 0x00, 0x00, 0x00, 0x00, 0x00, 0x00, 0x00, 0x00, 0x00, 0x00, 0x00, 0x00, 0x00, 0x00, 
	0x00, 0x00, 0x00, 0x00, 0x00, 0x00, 0x00, 0x00, 0x00, 0x00, 0x00, 0x00, 0x00, 0x00, 0x00, 0x00, 
	0x00, 0x00, 0x00, 0x00, 0x00, 0x00, 0x00, 0x00, 0x00, 0x00, 0x00, 0x00, 0x00, 0x00, 0x00, 0x00, 
	0x00, 0x00, 0x00, 0x00, 0x00, 0x00, 0x00, 0x00, 0x00, 0x00, 0x00, 0x00, 0x00, 0x00, 0x00, 0x00, 
	0x00, 0x00, 0x00, 0x00, 0x00, 0x00, 0x00, 0x00, 0x00, 0x00, 0x00, 0x00, 0x00, 0x00, 0x00, 0x00, 
	0x00, 0x00, 0x00, 0x00, 0x00, 0x00, 0x00, 0x00, 0x00, 0x00, 0x00, 0x00, 0x00, 0x00, 0x00, 0x00, 
	0x00, 0x00, 0x00, 0x00, 0x00, 0x00, 0x00, 0x00, 0x00, 0x00, 0x00, 0x00, 0x00, 0x00, 0x00, 0x00, 
	0x00, 0x00, 0x00, 0x00, 0x00, 0x00, 0x00, 0x00, 0x00, 0x00, 0x00, 0x00, 0x00, 0x00, 0x00, 0x00, 
	0x00, 0x00, 0x00, 0x00, 0x00, 0x00, 0x00, 0x00, 0x00, 0x00, 0x00, 0x00, 0x00, 0x00, 0x00, 0x00, 
	0x00, 0x00, 0x00, 0x00, 0x00, 0x00, 0x00, 0x00, 0x00, 0x00, 0x00, 0x00, 0x00, 0x00, 0x00, 0x00, 
	0x00, 0x00, 0x00, 0x00, 0x00, 0x00, 0x00, 0x00, 0x00, 0x00, 0x00, 0x00, 0x00, 0x00, 0x00, 0x00, 
	0x00, 0x00, 0x00, 0x00, 0x00, 0x00, 0x00, 0x00, 0x00, 0x00, 0x00, 0x00, 0x00, 0x00, 0x00, 0x00, 
	0x00, 0x00, 0x00, 0x00, 0x00, 0x00, 0x00, 0x00, 0x00, 0x00, 0x00, 0x00, 0x00, 0x00, 0x00, 0x00, 
	0x00, 0x00, 0x00, 0x00, 0x00, 0x00, 0x00, 0x00, 0x00, 0x00, 0x00, 0x00, 0x00, 0x00, 0x00, 0x00, 
	0x00, 0x00, 0x00, 0x00, 0x00, 0x00, 0x00, 0x00, 0x00, 0x00, 0x00, 0x00, 0x00, 0x00, 0x00, 0x00, 
	0x00, 0x00, 0x00, 0x00, 0x00, 0x00, 0x00, 0x00, 0x00, 0x00, 0x00, 0x00, 0x00, 0x00, 0x00, 0x00, 
	0x00, 0x00, 0x00, 0x00, 0x00, 0x00, 0x00, 0x00, 0x00, 0x00, 0x00, 0x00, 0x00, 0x00, 0x00, 0x00, 
	0x00, 0x00, 0x00, 0x00, 0x00, 0x00, 0x00, 0x00, 0x00, 0x00, 0x00, 0x00, 0x00, 0x00, 0x00, 0x00, 
	0x00, 0x00, 0x00, 0x00, 0x00, 0x00, 0x00, 0x00, 0x00, 0x00, 0x00, 0x00, 0x00, 0x00, 0x00, 0x00, 
	0x00, 0x00, 0x00, 0x00, 0x00, 0x00, 0x00, 0x00, 0x00, 0x00, 0x00, 0x00, 0x00, 0x00, 0x00, 0x00, 
	0x00, 0x00, 0x00, 0x00, 0x00, 0x00, 0x00, 0x00, 0x00, 0x00, 0x00, 0x00, 0x00, 0x00, 0x00, 0x00, 
	0x00, 0x00, 0x00, 0x00, 0x00, 0x00, 0x00, 0x00, 0x00, 0x00, 0x00, 0x00, 0x00, 0x00, 0x00, 0x00, 
	0x00, 0x00, 0x00, 0x00, 0x00, 0x00, 0x00, 0x00, 0x00, 0x00, 0x00, 0x00, 0x00, 0x00, 0x00, 0x00, 
	0x00, 0x00, 0x00, 0x00, 0x00, 0x00, 0x00, 0x00, 0x00, 0x00, 0x00, 0x00, 0x00, 0x00, 0x00, 0x00, 
	0x00, 0x00, 0x00, 0x00, 0x00, 0x00, 0x00, 0x00, 0x00, 0x00, 0x00, 0x00, 0x00, 0x00, 0x00, 0x00, 
	0x00, 0x00, 0x00, 0x00, 0x00, 0x00, 0x00, 0x00, 0x00, 0x00, 0x00, 0x00, 0x00, 0x00, 0x00, 0x00, 
	0x00, 0x00, 0x00, 0x00, 0x00, 0x00, 0x00, 0x00, 0x00, 0x00, 0x00, 0x00, 0x00, 0x00, 0x00, 0x00, 
	0x00, 0x00, 0x00, 0x00, 0x00, 0x00, 0x00, 0x00, 0x00, 0x00, 0x00, 0x00, 0x00, 0x00, 0x00, 0x00, 
	0x00, 0x00, 0x00, 0x00, 0x00, 0x00, 0x00, 0x00, 0x00, 0x00, 0x00, 0x00, 0x00, 0x00, 0x00, 0x00, 
	0x00, 0x00, 0x00, 0x00, 0x00, 0x00, 0x00, 0x00, 0x00, 0x00, 0x00, 0x00, 0x00, 0x00, 0x00, 0x00, 
	0x00, 0x00, 0x00, 0x00, 0x00, 0x00, 0x00, 0x00, 0x00, 0x00, 0x00, 0x00, 0x00, 0x00, 0x00, 0x00, 
	0x00, 0x00, 0x00, 0x00, 0x00, 0x00, 0x00, 0x00, 0x00, 0x00, 0x00, 0x00, 0x00, 0x00, 0x00, 0x00, 
	0x00, 0x00, 0x00, 0x00, 0x00, 0x00, 0x00, 0x00, 0x00, 0x00, 0x00, 0x00, 0x00, 0x00, 0x00, 0x00, 
	0x00, 0x00, 0x00, 0x00, 0x00, 0x00, 0x00, 0x00, 0x00, 0x00, 0x00, 0x00, 0x00, 0x00, 0x00, 0x00, 
	0x00, 0x00, 0x00, 0x00, 0x00, 0x00, 0x00, 0x00, 0x00, 0x00, 0x00, 0x00, 0x00, 0x00, 0x00, 0x00, 
	0x00, 0x00, 0x00, 0x00, 0x00, 0x00, 0x00, 0x00, 0x00, 0x00, 0x00, 0x00, 0x00, 0x00, 0x00, 0x00, 
	0x00, 0x00, 0x00, 0x00, 0x00, 0x00, 0x00, 0x00, 0x00, 0x00, 0x00, 0x00, 0x00, 0x00, 0x00, 0x00, 
	0x00, 0x00, 0x00, 0x00, 0x00, 0x00, 0x00, 0x00, 0x00, 0x00, 0x00, 0x00, 0x00, 0x00, 0x00, 0x00, 
	0x00, 0x00, 0x00, 0x00, 0x00, 0x00, 0x00, 0x00, 0x00, 0x00, 0x00, 0x00, 0x00, 0x00, 0x00, 0x00, 
	0x00, 0x00, 0x00, 0x00, 0x00, 0x00, 0x00, 0x00, 0x00, 0x00, 0x00, 0x00, 0x00, 0x00, 0x00, 0x00, 
	0x00, 0x00, 0x00, 0x00, 0x00, 0x00, 0x00, 0x00, 0x00, 0x00, 0x00, 0x00, 0x00, 0x00, 0x00, 0x00, 
	0x00, 0x00, 0x00, 0x00, 0x00, 0x00, 0x00, 0x00, 0x00, 0x00, 0x00, 0x00, 0x00, 0x00, 0x00, 0x00, 
	0x00, 0x00, 0x00, 0x00, 0x00, 0x00, 0x00, 0x00, 0x00, 0x00, 0x00, 0x00, 0x00, 0x00, 0x00, 0x00, 
	0x00, 0x00, 0x00, 0x00, 0x00, 0x00, 0x00, 0x00, 0x00, 0x00, 0x00, 0x00, 0x00, 0x00, 0x00, 0x00, 
	0x00, 0x00, 0x00, 0x00, 0x00, 0x00, 0x00, 0x00, 0x00, 0x00, 0x00, 0x00, 0x00, 0x00, 0x00, 0x00, 
	0x00, 0x00, 0x00, 0x00, 0x00, 0x00, 0x00, 0x00, 0x00, 0x00, 0x00, 0x00, 0x00, 0x00, 0x00, 0x00, 
	0x00, 0x00, 0x00, 0x00, 0x00, 0x00, 0x00, 0x00, 0x00, 0x00, 0x00, 0x00, 0x00, 0x00, 0x00, 0x00, 
	0x00, 0x00, 0x00, 0x00, 0x00, 0x00, 0x00, 0x00, 0x00, 0x00, 0x00, 0x00, 0x00, 0x00, 0x00, 0x00, 
	0x00, 0x00, 0x00, 0x00, 0x00, 0x00, 0x00, 0x00, 0x00, 0x00, 0x00, 0x00, 0x00, 0x00, 0x00, 0x00, 
	0x00, 0x00, 0x00, 0x00, 0x00, 0x00, 0x00, 0x00, 0x00, 0x00, 0x00, 0x00, 0x00, 0x00, 0x00, 0x00, 
	0x00, 0x00, 0x00, 0x00, 0x00, 0x00, 0x00, 0x00, 0x00, 0x00, 0x00, 0x00, 0x00, 0x00, 0x00, 0x00, 
	0x00, 0x00, 0x00, 0x00, 0x00, 0x00, 0x00, 0x00, 0x00, 0x00, 0x00, 0x00, 0x00, 0x00, 0x00, 0x00, 
	0x00, 0x00, 0x00, 0x00, 0x00, 0x00, 0x00, 0x00, 0x00, 0x00, 0x00, 0x00, 0x00, 0x00, 0x00, 0x00, 
	0x00, 0x00, 0x00, 0x00, 0x00, 0x00, 0x00, 0x00, 0x00, 0x00, 0x00, 0x00, 0x00, 0x00, 0x00, 0x00, 
	0x00, 0x00, 0x00, 0x00, 0x00, 0x00, 0x00, 0x00, 0x00, 0x00, 0x00, 0x00, 0x00, 0x00, 0x00, 0x00, 
	0x00, 0x00, 0x00, 0x00, 0x00, 0x00, 0x00, 0x00, 0x00, 0x00, 0x00, 0x00, 0x00, 0x00, 0x00, 0x00, 
	0x00, 0x00, 0x00, 0x00, 0x00, 0x00, 0x00, 0x00, 0x00, 0x00, 0x00, 0x00, 0x00, 0x00, 0x00, 0x00, 
	0x00, 0x00, 0x00, 0x00, 0x00, 0x00, 0x00, 0x00, 0x00, 0x00, 0x00, 0x00, 0x00, 0x00, 0x00, 0x00, 
	0x00, 0x00, 0x00, 0x00, 0x00, 0x00, 0x00, 0x00, 0x00, 0x00, 0x00, 0x00, 0x00, 0x00, 0x00, 0x00, 
	0x00, 0x00, 0x00, 0x00, 0x00, 0x00, 0x00, 0x00, 0x00, 0x00, 0x00, 0x00, 0x00, 0x00, 0x00, 0x00, 
	0x00, 0x00, 0x00, 0x00, 0x00, 0x00, 0x00, 0x00, 0x00, 0x00, 0x00, 0x00, 0x00, 0x00, 0x00, 0x00, 
	0x00, 0x00, 0x00, 0x00, 0x00, 0x00, 0x00, 0x00, 0x00, 0x00, 0x00, 0x00, 0x00, 0x00, 0x00, 0x00, 
	0x00, 0x00, 0x00, 0x00, 0x00, 0x00, 0x00, 0x00, 0x00, 0x00, 0x00, 0x00, 0x00, 0x00, 0x00, 0x00, 
	0x00, 0x00, 0x00, 0x00, 0x00, 0x00, 0x00, 0x00, 0x00, 0x00, 0x00, 0x00, 0x00, 0x00, 0x00, 0x00, 
	0x00, 0x00, 0x00, 0x00, 0x00, 0x00, 0x00, 0x00, 0x00, 0x00, 0x00, 0x00, 0x00, 0x00, 0x00, 0x00, 
	0x00, 0x00, 0x00, 0x00, 0x00, 0x00, 0x00, 0x00, 0x00, 0x00, 0x00, 0x00, 0x00, 0x00, 0x00, 0x00, 
	0x00, 0x00, 0x00, 0x00, 0x00, 0x00, 0x00, 0x00, 0x00, 0x00, 0x00, 0x00, 0x00, 0x00, 0x00, 0x00, 
	0x00, 0x00, 0x00, 0x00, 0x00, 0x00, 0x00, 0x00, 0x00, 0x00, 0x00, 0x00, 0x00, 0x00, 0x00, 0x00, 
	0x00, 0x00, 0x00, 0x00, 0x00, 0x00, 0x00, 0x00, 0x00, 0x00, 0x00, 0x00, 0x00, 0x00, 0x00, 0x00, 
	0x00, 0x00, 0x00, 0x00, 0x00, 0x00, 0x00, 0x00, 0x00, 0x00, 0x00, 0x00, 0x00, 0x00, 0x00, 0x00, 
	0x00, 0x00, 0x00, 0x00, 0x00, 0x00, 0x00, 0x00, 0x00, 0x00, 0x00, 0x00, 0x00, 0x00, 0x00, 0x00, 
	0x00, 0x00, 0x00, 0x00, 0x00, 0x00, 0x00, 0x00, 0x00, 0x00, 0x00, 0x00, 0x00, 0x00, 0x00, 0x00, 
	0x00, 0x00, 0x00, 0x00, 0x00, 0x00, 0x00, 0x00, 0x00, 0x00, 0x00, 0x00, 0x00, 0x00, 0x00, 0x00, 
	0x00, 0x00, 0x00, 0x00, 0x00, 0x00, 0x00, 0x00, 0x00, 0x00, 0x00, 0x00, 0x00, 0x00, 0x00, 0x00, 
	0x00, 0x00, 0x00, 0x00, 0x00, 0x00, 0x00, 0x00, 0x00, 0x00, 0x00, 0x00, 0x00, 0x00, 0x00, 0x00, 
	0x00, 0x00, 0x00, 0x00, 0x00, 0x00, 0x00, 0x00, 0x00, 0x00, 0x00, 0x00, 0x00, 0x00, 0x00, 0x00, 
	0x00, 0x00, 0x00, 0x00, 0x00, 0x00, 0x00, 0x00, 0x00, 0x00, 0x00, 0x00, 0x00, 0x00, 0x00, 0x00, 
	0x00, 0x00, 0x00, 0x00, 0x00, 0x00, 0x00, 0x00, 0x00, 0x00, 0x00, 0x00, 0x00, 0x00, 0x00, 0x00, 
	0x00, 0x00, 0x00, 0x00, 0x00, 0x00, 0x00, 0x00, 0x00, 0x00, 0x00, 0x00, 0x00, 0x00, 0x00, 0x00, 
	0x00, 0x00, 0x00, 0x00, 0x00, 0x00, 0x00, 0x00, 0x00, 0x00, 0x00, 0x00, 0x00, 0x00, 0x00, 0x00, 
	0x00, 0x00, 0x00, 0x00, 0x00, 0x00, 0x00, 0x00, 0x00, 0x00, 0x00, 0x00, 0x00, 0x00, 0x00, 0x00, 
	0x00, 0x00, 0x00, 0x00, 0x00, 0x00, 0x00, 0x00, 0x00, 0x00, 0x00, 0x00, 0x00, 0x00, 0x00, 0x00, 
	0x00, 0x00, 0x00, 0x00, 0x00, 0x00, 0x00, 0x00, 0x00, 0x00, 0x00, 0x00, 0x00, 0x00, 0x00, 0x00, 
	0x00, 0x00, 0x00, 0x00, 0x00, 0x00, 0x00, 0x00, 0x00, 0x00, 0x00, 0x00, 0x00, 0x00, 0x00, 0x00, 
	0x00, 0x00, 0x00, 0x00, 0x00, 0x00, 0x00, 0x00, 0x00, 0x00, 0x00, 0x00, 0x00, 0x00, 0x00, 0x00, 
	0x00, 0x00, 0x00, 0x00, 0x00, 0x00, 0x00, 0x00, 0x00, 0x00, 0x00, 0x00, 0x00, 0x00, 0x00, 0x00, 
	0x00, 0x00, 0x00, 0x00, 0x00, 0x00, 0x00, 0x00, 0x00, 0x00, 0x00, 0x00, 0x00, 0x00, 0x00, 0x00, 
	0x00, 0x00, 0x00, 0x00, 0x00, 0x00, 0x00, 0x00, 0x00, 0x00, 0x00, 0x00, 0x00, 0x00, 0x00, 0x00, 
	0x00, 0x00, 0x00, 0x00, 0x00, 0x00, 0x00, 0x00, 0x00, 0x00, 0x00, 0x00, 0x00, 0x00, 0x00, 0x00, 
	0x00, 0x00, 0x00, 0x00, 0x00, 0x00, 0x00, 0x00, 0x00, 0x00, 0x00, 0x00, 0x00, 0x00, 0x00, 0x00, 
	0x00, 0x00, 0x00, 0x00, 0x00, 0x00, 0x00, 0x00, 0x00, 0x00, 0x00, 0x00, 0x00, 0x00, 0x00, 0x00, 
	0x00, 0x00, 0x00, 0x00, 0x00, 0x00, 0x00, 0x00, 0x00, 0x00, 0x00, 0x00, 0x00, 0x00, 0x00, 0x00, 
	0x00, 0x00, 0x00, 0x00, 0x00, 0x00, 0x00, 0x00, 0x00, 0x00, 0x00, 0x00, 0x00, 0x00, 0x00, 0x00, 
	0x00, 0x00, 0x00, 0x00, 0x00, 0x00, 0x00, 0x00, 0x00, 0x00, 0x00, 0x00, 0x00, 0x00, 0x00, 0x00, 
	0x00, 0x00, 0x00, 0x00, 0x00, 0x00, 0x00, 0x00, 0x00, 0x00, 0x00, 0x00, 0x00, 0x00, 0x00, 0x00, 
	0x00, 0x00, 0x00, 0x00, 0x00, 0x00, 0x00, 0x00, 0x00, 0x00, 0x00, 0x00, 0x00, 0x00, 0x00, 0x00, 
	0x00, 0x00, 0x00, 0x00, 0x00, 0x00, 0x00, 0x00, 0x00, 0x00, 0x00, 0x00, 0x00, 0x00, 0x00, 0x00, 
	0x00, 0x00, 0x00, 0x00, 0x00, 0x00, 0x00, 0x00, 0x00, 0x00, 0x00, 0x00, 0x00, 0x00, 0x00, 0x00, 
	0x00, 0x00, 0x00, 0x00, 0x00, 0x00, 0x00, 0x00, 0x00, 0x00, 0x00, 0x00, 0x00, 0x00, 0x00, 0x00, 
	0x00, 0x00, 0x00, 0x00, 0x00, 0x00, 0x00, 0x00, 0x00, 0x00, 0x00, 0x00, 0x00, 0x00, 0x00, 0x00, 
	0x00, 0x00, 0x00, 0x00, 0x00, 0x00, 0x00, 0x00, 0x00, 0x00, 0x00, 0x00, 0x00, 0x00, 0x00, 0x00, 
	0x00, 0x00, 0x00, 0x00, 0x00, 0x00, 0x00, 0x00, 0x00, 0x00, 0x00, 0x00, 0x00, 0x00, 0x00, 0x00, 
	0x00, 0x00, 0x00, 0x00, 0x00, 0x00, 0x00, 0x00, 0x00, 0x00, 0x00, 0x00, 0x00, 0x00, 0x00, 0x00, 
	0x00, 0x00, 0x00, 0x00, 0x00, 0x00, 0x00, 0x00, 0x00, 0x00, 0x00, 0x00, 0x00, 0x00, 0x00, 0x00, 
	0x00, 0x00, 0x00, 0x00, 0x00, 0x00, 0x00, 0x00, 0x00, 0x00, 0x00, 0x00, 0x00, 0x00, 0x00, 0x00, 
	0x00, 0x00, 0x00, 0x00, 0x00, 0x00, 0x00, 0x00, 0x00, 0x00, 0x00, 0x00, 0x00, 0x00, 0x00, 0x00, 
	0x00, 0x00, 0x00, 0x00, 0x00, 0x00, 0x00, 0x00, 0x00, 0x00, 0x00, 0x00, 0x00, 0x00, 0x00, 0x00, 
	0x00, 0x00, 0x00, 0x00, 0x00, 0x00, 0x00, 0x00, 0x00, 0x00, 0x00, 0x00, 0x00, 0x00, 0x00, 0x00, 
	0x00, 0x00, 0x00, 0x00, 0x00, 0x00, 0x00, 0x00, 0x00, 0x00, 0x00, 0x00, 0x00, 0x00, 0x00, 0x00, 
	0x00, 0x00, 0x00, 0x00, 0x00, 0x00, 0x00, 0x00, 0x00, 0x00, 0x00, 0x00, 0x00, 0x00, 0x00, 0x00, 
	0x00, 0x00, 0x00, 0x00, 0x00, 0x00, 0x00, 0x00, 0x00, 0x00, 0x00, 0x00, 0x00, 0x00, 0x00, 0x00, 
	0x00, 0x00, 0x00, 0x00, 0x00, 0x00, 0x00, 0x00, 0x00, 0x00, 0x00, 0x00, 0x00, 0x00, 0x00, 0x00, 
	0x00, 0x00, 0x00, 0x00, 0x00, 0x00, 0x00, 0x00, 0x00, 0x00, 0x00, 0x00, 0x00, 0x00, 0x00, 0x00, 
	0x00, 0x00, 0x00, 0x00, 0x00, 0x00, 0x00, 0x00, 0x00, 0x00, 0x00, 0x00, 0x00, 0x00, 0x00, 0x00, 
	0x00, 0x00, 0x00, 0x00, 0x00, 0x00, 0x00, 0x00, 0x00, 0x00, 0x00, 0x00, 0x00, 0x00, 0x00, 0x00, 
	0x00, 0x00, 0x00, 0x00, 0x00, 0x00, 0x00, 0x00, 0x00, 0x00, 0x00, 0x00, 0x00, 0x00, 0x00, 0x00, 
	0x00, 0x00, 0x00, 0x00, 0x00, 0x00, 0x00, 0x00, 0x00, 0x00, 0x00, 0x00, 0x00, 0x00, 0x00, 0x00, 
	0x00, 0x00, 0x00, 0x00, 0x00, 0x00, 0x01, 0x00, 0x00, 0x04, 0x04, 0x00, 0x00, 0x00, 0x00, 0x00, 
	0x00, 0x00, 0x00, 0x00, 0x00, 0x00, 0x00, 0x00, 0x00, 0x00, 0x00, 0x00, 0x00, 0x00, 0x00, 0x00, 
	0x00, 0x00, 0x00, 0x00, 0x00, 0x00, 0x00, 0x00, 0x00, 0x00, 0x00, 0x00, 0x00, 0x00, 0x00, 0x00, 
	0x00, 0x00, 0x00, 0x00, 0x00, 0x00, 0x00, 0x00, 0x00, 0x00, 0x00, 0x00, 0x00, 0x00, 0x00, 0x00, 
	0x00, 0x00, 0x00, 0x00, 0x00, 0x00, 0x00, 0x00, 0x00, 0x00, 0x00, 0x00, 0x00, 0x00, 0x00, 0x00, 
	0x00, 0x00, 0x00, 0x00, 0x00, 0x00, 0x00, 0x00, 0x00, 0x00, 0x00, 0x00, 0x00, 0x00, 0x00, 0x00, 
	0x00, 0x00, 0x00, 0x00, 0x00, 0x00, 0x00, 0x00, 0x00, 0x00, 0x00, 0x00, 0x00, 0x00, 0x00, 0x00, 
	0x00, 0x00, 0x00, 0x00, 0x00, 0x00, 0x00, 0x00, 0x00, 0x00, 0x00, 0x00, 0x00, 0x00, 0x00, 0x00, 
	0x00, 0x00, 0x00, 0x00, 0x00, 0x00, 0x00, 0x00, 0x00, 0x00, 0x00, 0x00, 0x00, 0x00, 0x00, 0x00, 
	0x00, 0x00, 0x00, 0x00, 0x00, 0x00, 0x00, 0x00, 0x00, 0x00, 0x00, 0x00, 0x00, 0x00, 0x00, 0x00, 
	0x00, 0x00, 0x00, 0x00, 0x00, 0x00, 0x00, 0x00, 0x00, 0x00, 0x00, 0x00, 0x00, 0x00, 0x00, 0x00, 
	0x00, 0x00, 0x00, 0x00, 0x00, 0x00, 0x00, 0x00, 0x00, 0x00, 0x00, 0x00, 0x00, 0x00, 0x00, 0x00, 
	0x00, 0x00, 0x00, 0x00, 0x00, 0x00, 0x00, 0x00, 0x00, 0x00, 0x00, 0x00, 0x00, 0x00, 0x00, 0x00, 
	0x00, 0x00, 0x00, 0x00, 0x00, 0x00, 0x00, 0x00, 0x00, 0x00, 0x00, 0x00, 0x00, 0x00, 0x00, 0x00, 
	0x00, 0x00, 0x00, 0x00, 0x00, 0x00, 0x00, 0x00, 0x00, 0x00, 0x00, 0x00, 0x00, 0x00, 0x00, 0x00, 
	0x00, 0x00, 0x00, 0x00, 0x00, 0x00, 0x00, 0x00, 0x00, 0x00, 0x00, 0x00, 0x00, 0x00, 0x00, 0x00, 
	0x00, 0x00, 0x00, 0x00, 0x00, 0x00, 0x00, 0x00, 0x00, 0x00, 0x00, 0x00, 0x00, 0x00, 0x00, 0x00, 
	0x00, 0x00, 0x00, 0x00, 0x00, 0x00, 0x00, 0x00, 0x00, 0x00, 0x00, 0x00, 0x00, 0x00, 0x00, 0x00, 
	0x00, 0x00, 0x00, 0x00, 0x00, 0x00, 0x00, 0x00, 0x00, 0x00, 0x00, 0x00, 0x00, 0x00, 0x00, 0x00, 
	0x00, 0x00, 0x00, 0x00, 0x00, 0x00, 0x00, 0x00, 0x00, 0x00, 0x00, 0x00, 0x00, 0x00, 0x00, 0x00, 
	0x00, 0x00, 0x00, 0x00, 0x00, 0x00, 0x00, 0x00, 0x00, 0x00, 0x00, 0x00, 0x00, 0x00, 0x00, 0x00, 
	0x00, 0x00, 0x00, 0x00, 0x00, 0x00, 0x00, 0x00, 0x00, 0x00, 0x00, 0x00, 0x00, 0x00, 0x00, 0x00, 
	0x00, 0x00, 0x00, 0x00, 0x00, 0x00, 0x00, 0x00, 0x00, 0x00, 0x00, 0x00, 0x00, 0x00, 0x00, 0x00, 
	0x00, 0x00, 0x00, 0x00, 0x00, 0x00, 0x00, 0x00, 0x00, 0x00, 0x00, 0x00, 0x00, 0x00, 0x00, 0x00, 
	0x00, 0x00, 0x00, 0x00, 0x00, 0x00, 0x00, 0x00, 0x00, 0x00, 0x00, 0x00, 0x00, 0x00, 0x00, 0x00, 
	0x00, 0x00, 0x00, 0x00, 0x00, 0x00, 0x00, 0x00, 0x00, 0x00, 0x00, 0x00, 0x00, 0x00, 0x00, 0x00, 
	0x00, 0x00, 0x00, 0x00, 0x00, 0x00, 0x00, 0x00, 0x00, 0x00, 0x00, 0x00, 0x00, 0x00, 0x00, 0x00, 
	0x00, 0x00, 0x00, 0x00, 0x00, 0x00, 0x00, 0x00, 0x00, 0x00, 0x00, 0x00, 0x00, 0x00, 0x00, 0x00, 
	0x00, 0x00, 0x00, 0x00, 0x00, 0x00, 0x00, 0x00, 0x00, 0x00, 0x00, 0x00, 0x00, 0x00, 0x00, 0x00, 
	0x00, 0x00, 0x00, 0x00, 0x00, 0x00, 0x00, 0x00, 0x00, 0x00, 0x00, 0x00, 0x00, 0x00, 0x00, 0x00, 
	0x00, 0x00, 0x00, 0x00, 0x00, 0x00, 0x00, 0x00, 0x00, 0x00, 0x00, 0x00, 0x00, 0x00, 0x00, 0x00, 
	0x00, 0x00, 0x00, 0x00, 0x00, 0x00, 0x00, 0x00, 0x00, 0x00, 0x00, 0x00, 0x00, 0x00, 0x00, 0x00, 
	0x00, 0x00, 0x00, 0x00, 0x00, 0x00, 0x00, 0x00, 0x00, 0x00, 0x00, 0x00, 0x00, 0x00, 0x00, 0x00, 
	0x00, 0x00, 0x00, 0x00, 0x00, 0x00, 0x00, 0x00, 0x00, 0x00, 0x00, 0x00, 0x00, 0x00, 0x00, 0x00, 
	0x00, 0x00, 0x00, 0x00, 0x00, 0x00, 0x00, 0x00, 0x00, 0x00, 0x00, 0x00, 0x00, 0x00, 0x00, 0x00, 
	0x00, 0x00, 0x00, 0x00, 0x00, 0x00, 0x00, 0x00, 0x00, 0x00, 0x00, 0x00, 0x00, 0x00, 0x00, 0x00, 
	0x00, 0x00, 0x00, 0x00, 0x00, 0x00, 0x00, 0x00, 0x00, 0x00, 0x00, 0x00, 0x00, 0x00, 0x00, 0x00, 
	0x00, 0x00, 0x00, 0x00, 0x00, 0x00, 0x00, 0x00, 0x00, 0x00, 0x00, 0x00, 0x00, 0x00, 0x00, 0x00, 
	0x00, 0x00, 0x00, 0x00, 0x00, 0x00, 0x00, 0x00, 0x00, 0x00, 0x00, 0x00, 0x00, 0x00, 0x00, 0x00, 
	0x00, 0x00, 0x00, 0x00, 0x00, 0x00, 0x00, 0x00, 0x00, 0x00, 0x00, 0x00, 0x00, 0x00, 0x00, 0x00, 
	0x00, 0x00, 0x00, 0x00, 0x00, 0x00, 0x00, 0x00, 0x00, 0x00, 0x00, 0x00, 0x00, 0x00, 0x00, 0x00, 
	0x00, 0x00, 0x00, 0x00, 0x00, 0x00, 0x00, 0x00, 0x00, 0x00, 0x00, 0x00, 0x00, 0x00, 0x00, 0x00, 
	0x00, 0x00, 0x00, 0x00, 0x00, 0x00, 0x00, 0x00, 0x00, 0x00, 0x00, 0x00, 0x00, 0x00, 0x00, 0x00, 
	0x00, 0x00, 0x00, 0x00, 0x00, 0x00, 0x00, 0x00, 0x00, 0x00, 0x00, 0x00, 0x00, 0x00, 0x00, 0x00, 
	0x00, 0x00, 0x00, 0x00, 0x00, 0x00, 0x00, 0x00, 0x00, 0x00, 0x00, 0x00, 0x00, 0x00, 0x00, 0x00, 
	0x00, 0x00, 0x00, 0x00, 0x00, 0x00, 0x00, 0x00, 0x00, 0x00, 0x00, 0x00, 0x00, 0x00, 0x00, 0x00, 
	0x00, 0x00, 0x00, 0x00, 0x00, 0x00, 0x00, 0x00, 0x00, 0x00, 0x00, 0x00, 0x00, 0x00, 0x00, 0x00, 
	0x00, 0x00, 0x00, 0x00, 0x00, 0x00, 0x00, 0x00, 0x00, 0x00, 0x00, 0x00, 0x00, 0x00, 0x00, 0x00, 
	0x00, 0x00, 0x00, 0x00, 0x00, 0x00, 0x00, 0x00, 0x00, 0x00, 0x00, 0x00, 0x00, 0x00, 0x00, 0x00, 
	0x00, 0x00, 0x00, 0x00, 0x00, 0x00, 0x00, 0x00, 0x00, 0x00, 0x00, 0x00, 0x00, 0x00, 0x00, 0x00, 
	0x00, 0x00, 0x00, 0x00, 0x00, 0x00, 0x00, 0x00, 0x00, 0x00, 0x00, 0x00, 0x00, 0x00, 0x00, 0x00, 
	0x00, 0x00, 0x00, 0x00, 0x00, 0x00, 0x00, 0x00, 0x00, 0x00, 0x00, 0x00, 0x00, 0x00, 0x00, 0x00, 
	0x00, 0x00, 0x00, 0x00, 0x00, 0x00, 0x00, 0x00, 0x00, 0x00, 0x00, 0x00, 0x00, 0x00, 0x00, 0x00, 
	0x00, 0x00, 0x00, 0x00, 0x00, 0x00, 0x00, 0x00, 0x00, 0x00, 0x00, 0x00, 0x00, 0x00, 0x00, 0x00, 
	0x00, 0x00, 0x00, 0x00, 0x00, 0x00, 0x00, 0x00, 0x00, 0x00, 0x00, 0x00, 0x00, 0x00, 0x00, 0x00, 
	0x00, 0x00, 0x00, 0x00, 0x00, 0x00, 0x00, 0x00, 0x00, 0x00, 0x00, 0x00, 0x00, 0x00, 0x00, 0x00, 
	0x00, 0x00, 0x00, 0x00, 0x00, 0x00, 0x00, 0x00, 0x00, 0x00, 0x00, 0x00, 0x00, 0x00, 0x00, 0x00, 
	0x00, 0x00, 0x00, 0x00, 0x00, 0x00, 0x00, 0x00, 0x00, 0x00, 0x00, 0x00, 0x00, 0x00, 0x00, 0x00, 
	0x00, 0x00, 0x00, 0x00, 0x00, 0x00, 0x00, 0x00, 0x00, 0x00, 0x00, 0x00, 0x00, 0x00, 0x00, 0x00, 
	0x00, 0x00, 0x00, 0x00, 0x00, 0x00, 0x00, 0x00, 0x00, 0x00, 0x00, 0x00, 0x00, 0x00, 0x00, 0x00, 
	0x00, 0x00, 0x00, 0x00, 0x00, 0x00, 0x00, 0x00, 0x00, 0x00, 0x00, 0x00, 0x00, 0x00, 0x00, 0x00, 
	0x00, 0x00, 0x00, 0x00, 0x00, 0x00, 0x00, 0x00, 0x00, 0x00, 0x00, 0x00, 0x00, 0x00, 0x00, 0x00, 
	0x00, 0x00, 0x00, 0x00, 0x00, 0x00, 0x00, 0x00, 0x00, 0x00, 0x00, 0x00, 0x00, 0x00, 0x00, 0x00, 
	0x00, 0x00, 0x00, 0x00, 0x00, 0x00, 0x00, 0x00, 0x00, 0x00, 0x00, 0x00, 0x00, 0x00, 0x00, 0x00, 
	0x00, 0x00, 0x00, 0x00, 0x00, 0x00, 0x00, 0x00, 0x00, 0x00, 0x00, 0x00, 0x00, 0x00, 0x00, 0x00, 
	0x00, 0x00, 0x00, 0x00, 0x00, 0x00, 0x00, 0x00, 0x00, 0x00, 0x00, 0x00, 0x00, 0x00, 0x00, 0x00, 
	0x00, 0x00, 0x00, 0x00, 0x00, 0x00, 0x00, 0x00, 0x00, 0x00, 0x00, 0x00, 0x00, 0x00, 0x00, 0x00, 
	0x00, 0x00, 0x00, 0x00, 0x00, 0x00, 0x00, 0x00, 0x00, 0x00, 0x00, 0x00, 0x00, 0x00, 0x00, 0x00, 
	0x00, 0x00, 0x00, 0x00, 0x00, 0x00, 0x00, 0x00, 0x00, 0x00, 0x00, 0x00, 0x00, 0x00, 0x00, 0x00, 
	0x00, 0x00, 0x00, 0x00, 0x00, 0x00, 0x00, 0x00, 0x00, 0x00, 0x00, 0x00, 0x00, 0x00, 0x00, 0x00, 
	0x00, 0x00, 0x00, 0x00, 0x00, 0x00, 0x00, 0x00, 0x00, 0x00, 0x00, 0x00, 0x00, 0x00, 0x00, 0x00, 
	0x00, 0x00, 0x00, 0x00, 0x00, 0x00, 0x00, 0x00, 0x00, 0x00, 0x00, 0x00, 0x00, 0x00, 0x00, 0x00, 
	0x00, 0x00, 0x00, 0x00, 0x00, 0x00, 0x00, 0x00, 0x00, 0x00, 0x00, 0x00, 0x00, 0x00, 0x00, 0x00, 
	0x00, 0x00, 0x00, 0x00, 0x00, 0x00, 0x00, 0x00, 0x00, 0x00, 0x00, 0x00, 0x00, 0x00, 0x00, 0x00, 
	0x00, 0x00, 0x00, 0x00, 0x00, 0x00, 0x00, 0x00, 0x00, 0x00, 0x00, 0x00, 0x00, 0x00, 0x00, 0x00, 
	0x00, 0x00, 0x00, 0x00, 0x00, 0x00, 0x00, 0x00, 0x00, 0x00, 0x00, 0x00, 0x00, 0x00, 0x00, 0x00, 
	0x00, 0x00, 0x00, 0x00, 0x00, 0x00, 0x00, 0x00, 0x00, 0x00, 0x00, 0x00, 0x00, 0x00, 0x00, 0x00, 
	0x00, 0x00, 0x00, 0x00, 0x00, 0x00, 0x00, 0x00, 0x00, 0x00, 0x00, 0x00, 0x00, 0x00, 0x00, 0x00, 
	0x00, 0x00, 0x00, 0x00, 0x00, 0x00, 0x00, 0x00, 0x00, 0x00, 0x00, 0x00, 0x00, 0x00, 0x00, 0x00, 
	0x00, 0x00, 0x00, 0x00, 0x00, 0x00, 0x00, 0x00, 0x00, 0x00, 0x00, 0x00, 0x00, 0x00, 0x00, 0x00, 
	0x00, 0x00, 0x00, 0x00, 0x00, 0x00, 0x00, 0x00, 0x00, 0x00, 0x00, 0x00, 0x00, 0x00, 0x00, 0x00, 
	0x00, 0x00, 0x00, 0x00, 0x00, 0x00, 0x00, 0x00, 0x00, 0x00, 0x00, 0x00, 0x00, 0x00, 0x00, 0x00, 
	0x00, 0x00, 0x00, 0x00, 0x00, 0x00, 0x00, 0x00, 0x00, 0x00, 0x00, 0x00, 0x00, 0x00, 0x00, 0x00, 
	0x00, 0x00, 0x00, 0x00, 0x00, 0x00, 0x00, 0x00, 0x00, 0x00, 0x00, 0x00, 0x00, 0x00, 0x00, 0x00, 
	0x00, 0x00, 0x00, 0x00, 0x00, 0x00, 0x00, 0x00, 0x00, 0x00, 0x00, 0x00, 0x00, 0x00, 0x00, 0x00, 
	0x00, 0x00, 0x00, 0x00, 0x00, 0x00, 0x00, 0x00, 0x00, 0x00, 0x00, 0x00, 0x00, 0x00, 0x00, 0x00, 
	0x00, 0x00, 0x00, 0x00, 0x00, 0x00, 0x00, 0x00, 0x00, 0x00, 0x00, 0x00, 0x00, 0x00, 0x00, 0x00, 
	0x00, 0x00, 0x00, 0x00, 0x00, 0x00, 0x00, 0x00, 0x00, 0x00, 0x00, 0x00, 0x00, 0x00, 0x00, 0x00, 
	0x00, 0x00, 0x00, 0x00, 0x00, 0x00, 0x00, 0x00, 0x00, 0x00, 0x00, 0x00, 0x00, 0x00, 0x00, 0x00, 
	0x00, 0x00, 0x00, 0x00, 0x00, 0x00, 0x00, 0x00, 0x00, 0x00, 0x00, 0x00, 0x00, 0x00, 0x00, 0x00, 
	0x00, 0x00, 0x00, 0x00, 0x00, 0x00, 0x00, 0x00, 0x00, 0x00, 0x00, 0x00, 0x00, 0x00, 0x00, 0x00, 
	0x00, 0x00, 0x00, 0x00, 0x00, 0x00, 0x00, 0x00, 0x00, 0x00, 0x00, 0x00, 0x00, 0x00, 0x00, 0x00, 
	0x00, 0x00, 0x00, 0x00, 0x00, 0x00, 0x00, 0x00, 0x00, 0x00, 0x00, 0x00, 0x00, 0x00, 0x00, 0x00, 
	0x00, 0x00, 0x00, 0x00, 0x00, 0x00, 0x00, 0x00, 0x00, 0x00, 0x00, 0x00, 0x00, 0x00, 0x00, 0x00, 
	0x00, 0x00, 0x00, 0x00, 0x00, 0x00, 0x00, 0x00, 0x00, 0x00, 0x00, 0x00, 0x00, 0x00, 0x00, 0x00, 
	0x00, 0x00, 0x00, 0x00, 0x00, 0x00, 0x00, 0x00, 0x00, 0x00, 0x00, 0x00, 0x00, 0x00, 0x00, 0x00, 
	0x00, 0x00, 0x00, 0x00, 0x00, 0x00, 0x00, 0x00, 0x00, 0x00, 0x00, 0x00, 0x00, 0x00, 0x00, 0x00, 
	0x00, 0x00, 0x00, 0x00, 0x00, 0x00, 0x00, 0x00, 0x00, 0x00, 0x00, 0x00, 0x00, 0x00, 0x00, 0x00, 
	0x00, 0x00, 0x00, 0x00, 0x00, 0x00, 0x00, 0x00, 0x00, 0x00, 0x00, 0x00, 0x00, 0x00, 0x00, 0x00, 
	0x00, 0x00, 0x00, 0x00, 0x00, 0x00, 0x00, 0x00, 0x00, 0x00, 0x00, 0x00, 0x00, 0x00, 0x00, 0x00, 
	0x00, 0x00, 0x00, 0x00, 0x00, 0x00, 0x00, 0x00, 0x00, 0x00, 0x00, 0x00, 0x00, 0x00, 0x00, 0x00, 
	0x00, 0x00, 0x00, 0x00, 0x00, 0x00, 0x00, 0x00, 0x00, 0x00, 0x00, 0x00, 0x00, 0x00, 0x00, 0x00, 
	0x00, 0x00, 0x00, 0x00, 0x00, 0x00, 0x00, 0x00, 0x00, 0x00, 0x00, 0x00, 0x00, 0x00, 0x00, 0x00, 
	0x00, 0x00, 0x00, 0x00, 0x00, 0x00, 0x00, 0x00, 0x00, 0x00, 0x00, 0x00, 0x00, 0x00, 0x00, 0x00, 
	0x00, 0x00, 0x00, 0x00, 0x00, 0x00, 0x00, 0x00, 0x00, 0x00, 0x00, 0x00, 0x00, 0x00, 0x00, 0x00, 
	0x00, 0x00, 0x00, 0x00, 0x00, 0x00, 0x00, 0x00, 0x00, 0x00, 0x00, 0x00, 0x00, 0x00, 0x00, 0x00, 
	0x00, 0x00, 0x00, 0x00, 0x00, 0x00, 0x00, 0x00, 0x00, 0x00, 0x00, 0x00, 0x00, 0x00, 0x00, 0x00, 
	0x00, 0x00, 0x00, 0x00, 0x00, 0x00, 0x00, 0x00, 0x00, 0x00, 0x00, 0x00, 0x00, 0x00, 0x00, 0x00, 
	0x00, 0x00, 0x00, 0x00, 0x00, 0x00, 0x00, 0x00, 0x00, 0x00, 0x00, 0x00, 0x00, 0x00, 0x00, 0x00, 
	0x00, 0x00, 0x00, 0x00, 0x00, 0x00, 0x00, 0x00, 0x00, 0x00, 0x00, 0x00, 0x00, 0x00, 0x00, 0x00, 
	0x00, 0x00, 0x00, 0x00, 0x00, 0x00, 0x00, 0x00, 0x00, 0x00, 0x00, 0x00, 0x00, 0x00, 0x00, 0x00, 
	0x00, 0x00, 0x00, 0x00, 0x00, 0x00, 0x00, 0x00, 0x00, 0x00, 0x00, 0x00, 0x00, 0x00, 0x00, 0x00, 
	0x00, 0x00, 0x00, 0x00, 0x00, 0x00, 0x00, 0x00, 0x00, 0x00, 0x00, 0x00, 0x00, 0x00, 0x00, 0x00, 
	0x00, 0x00, 0x00, 0x00, 0x00, 0x00, 0x00, 0x00, 0x00, 0x00, 0x00, 0x00, 0x00, 0x00, 0x00, 0x00, 
	0x00, 0x00, 0x00, 0x00, 0x00, 0x00, 0x00, 0x00, 0x00, 0x00, 0x00, 0x00, 0x00, 0x00, 0x00, 0x00, 
	0x00, 0x00, 0x00, 0x00, 0x00, 0x00, 0x00, 0x00, 0x00, 0x00, 0x00, 0x00, 0x00, 0x00, 0x00, 0x00, 
	0x00, 0x00, 0x00, 0x00, 0x00, 0x00, 0x00, 0x00, 0x00, 0x00, 0x00, 0x00, 0x00, 0x00, 0x00, 0x00, 
	0x00, 0x00, 0x00, 0x00, 0x00, 0x00, 0x00, 0x00, 0x00, 0x00, 0x00, 0x00, 0x00, 0x00, 0x00, 0x00, 
	0x00, 0x00, 0x00, 0x00, 0x00, 0x00, 0x00, 0x00, 0x00, 0x00, 0x00, 0x00, 0x00, 0x00, 0x00, 0x00, 
	0x00, 0x00, 0x00, 0x00, 0x00, 0x00, 0x00, 0x00, 0x00, 0x00, 0x00, 0x00, 0x00, 0x00, 0x00, 0x00, 
	0x00, 0x00, 0x00, 0x00, 0x00, 0x00, 0x00, 0x00, 0x00, 0x00, 0x00, 0x00, 0x00, 0x00, 0x00, 0x00, 
	0x00, 0x00, 0x00, 0x00, 0x00, 0x00, 0x00, 0x00, 0x00, 0x00, 0x00, 0x00, 0x00, 0x00, 0x00, 0x00, 
	0x00, 0x00, 0x00, 0x00, 0x00, 0x00, 0x00, 0x00, 0x00, 0x00, 0x00, 0x00, 0x00, 0x00, 0x00, 0x00, 
	0x00, 0x00, 0x00, 0x00, 0x00, 0x00, 0x00, 0x00, 0x00, 0x00, 0x00, 0x00, 0x00, 0x00, 0x00, 0x00, 
	0x00, 0x00, 0x00, 0x00, 0x00, 0x00, 0x00, 0x00, 0x00, 0x00, 0x00, 0x00, 0x00, 0x00, 0x00, 0x00, 
	0x00, 0x00, 0x00, 0x00, 0x00, 0x00, 0x00, 0x00, 0x00, 0x00, 0x00, 0x00, 0x00, 0x00, 0x00, 0x00, 
	0x00, 0x00, 0x00, 0x00, 0x00, 0x00, 0x00, 0x00, 0x00, 0x00, 0x00, 0x00, 0x00, 0x00, 0x00, 0x00, 
	0x00, 0x00, 0x00, 0x00, 0x00, 0x00, 0x00, 0x00, 0x00, 0x00, 0x00, 0x00, 0x00, 0x00, 0x00, 0x00, 
	0x00, 0x00, 0x00, 0x00, 0x00, 0x00, 0x00, 0x00, 0x00, 0x00, 0x00, 0x00, 0x00, 0x00, 0x00, 0x00, 
	0x00, 0x00, 0x00, 0x00, 0x00, 0x00, 0x00, 0x00, 0x00, 0x00, 0x00, 0x00, 0x00, 0x00, 0x00, 0x00, 
	0x00, 0x00, 0x00, 0x00, 0x00, 0x00, 0x00, 0x00, 0x00, 0x00, 0x00, 0x00, 0x00, 0x00, 0x00, 0x00, 
	0x00, 0x00, 0x00, 0x00, 0x00, 0x00, 0x00, 0x00, 0x00, 0x00, 0x00, 0x00, 0x00, 0x00, 0x00, 0x00, 
	0x00, 0x00, 0x00, 0x00, 0x00, 0x00, 0x00, 0x00, 0x00, 0x00, 0x00, 0x00, 0x00, 0x00, 0x00, 0x00, 
	0x00, 0x00, 0x00, 0x00, 0x00, 0x00, 0x00, 0x00, 0x00, 0x00, 0x00, 0x00, 0x00, 0x00, 0x00, 0x00, 
	0x00, 0x00, 0x00, 0x00, 0x00, 0x00, 0x00, 0x00, 0x00, 0x00, 0x00, 0x00, 0x00, 0x00, 0x00, 0x00, 
	0x00, 0x00, 0x00, 0x00, 0x00, 0x00, 0x00, 0x00, 0x00, 0x00, 0x00, 0x00, 0x00, 0x00, 0x00, 0x00, 
	0x00, 0x00, 0x00, 0x00, 0x00, 0x00, 0x00, 0x00, 0x00, 0x00, 0x00, 0x00, 0x00, 0x00, 0x00, 0x00, 
	0x00, 0x00, 0x00, 0x00, 0x00, 0x00, 0x00, 0x00, 0x00, 0x00, 0x00, 0x00, 0x00, 0x00, 0x00, 0x00, 
	0x00, 0x00, 0x00, 0x00, 0x00, 0x00, 0x00, 0x00, 0x00, 0x00, 0x00, 0x00, 0x00, 0x00, 0x00, 0x00, 
	0x00, 0x00, 0x00, 0x00, 0x00, 0x00, 0x00, 0x00, 0x00, 0x00, 0x00, 0x00, 0x00, 0x00, 0x00, 0x00, 
	0x00, 0x00, 0x00, 0x00, 0x00, 0x00, 0x00, 0x00, 0x00, 0x00, 0x00, 0x00, 0x00, 0x00, 0x00, 0x00, 
	0x00, 0x00, 0x00, 0x00, 0x00, 0x00, 0x00, 0x00, 0x00, 0x00, 0x00, 0x00, 0x00, 0x00, 0x00, 0x00, 
	0x00, 0x00, 0x00, 0x00, 0x00, 0x00, 0x00, 0x00, 0x00, 0x00, 0x00, 0x00, 0x00, 0x00, 0x00, 0x00, 
	0x00, 0x00, 0x00, 0x00, 0x00, 0x00, 0x00, 0x00, 0x00, 0x00, 0x00, 0x00, 0x00, 0x00, 0x00, 0x00, 
	0x00, 0x00, 0x00, 0x00, 0x00, 0x00, 0x00, 0x00, 0x00, 0x00, 0x00, 0x00, 0x00, 0x00, 0x00, 0x00, 
	0x00, 0x00, 0x00, 0x00, 0x00, 0x00, 0x00, 0x00, 0x00, 0x00, 0x00, 0x00, 0x00, 0x00, 0x00, 0x00, 
	0x00, 0x00, 0x00, 0x00, 0x00, 0x00, 0x00, 0x00, 0x00, 0x00, 0x00, 0x00, 0x00, 0x00, 0x00, 0x00, 
	0x00, 0x00, 0x00, 0x00, 0x00, 0x00, 0x00, 0x00, 0x00, 0x00, 0x00, 0x00, 0x00, 0x00, 0x00, 0x00, 
	0x00, 0x00, 0x00, 0x00, 0x00, 0x00, 0x00, 0x00, 0x00, 0x00, 0x00, 0x00, 0x00, 0x00, 0x00, 0x00, 
	0x00, 0x00, 0x00, 0x00, 0x00, 0x00, 0x00, 0x00, 0x00, 0x00, 0x00, 0x00, 0x00, 0x00, 0x00, 0x00, 
	0x00, 0x00, 0x00, 0x00, 0x00, 0x00, 0x00, 0x00, 0x00, 0x00, 0x00, 0x00, 0x00, 0x00, 0x00, 0x00, 
	0x00, 0x00, 0x00, 0x00, 0x00, 0x00, 0x00, 0x00, 0x00, 0x00, 0x00, 0x00, 0x00, 0x00, 0x00, 0x00, 
	0x00, 0x00, 0x00, 0x00, 0x00, 0x00, 0x00, 0x00, 0x00, 0x00, 0x00, 0x00, 0x00, 0x00, 0x00, 0x00, 
	0x00, 0x00, 0x00, 0x00, 0x00, 0x00, 0x00, 0x00, 0x00, 0x00, 0x00, 0x00, 0x00, 0x00, 0x00, 0x00, 
	0x00, 0x00, 0x00, 0x00, 0x00, 0x00, 0x00, 0x00, 0x00, 0x00, 0x00, 0x00, 0x00, 0x00, 0x00, 0x00, 
	0x00, 0x00, 0x00, 0x00, 0x00, 0x00, 0x00, 0x00, 0x00, 0x00, 0x00, 0x00, 0x00, 0x00, 0x00, 0x00, 
	0x00, 0x00, 0x00, 0x00, 0x00, 0x00, 0x00, 0x00, 0x00, 0x00, 0x00, 0x00, 0x00, 0x00, 0x00, 0x00, 
	0x00, 0x00, 0x00, 0x00, 0x00, 0x00, 0x00, 0x00, 0x00, 0x00, 0x00, 0x00, 0x00, 0x00, 0x00, 0x00, 
	0x00, 0x00, 0x00, 0x00, 0x00, 0x00, 0x00, 0x00, 0x00, 0x00, 0x00, 0x00, 0x00, 0x00, 0x00, 0x00, 
	0x00, 0x00, 0x00, 0x00, 0x00, 0x00, 0x00, 0x00, 0x00, 0x00, 0x00, 0x00, 0x00, 0x00, 0x00, 0x00, 
	0x00, 0x00, 0x00, 0x00, 0x00, 0x00, 0x00, 0x00, 0x00, 0x00, 0x00, 0x00, 0x00, 0x00, 0x00, 0x00, 
	0x00, 0x00, 0x00, 0x00, 0x00, 0x00, 0x00, 0x00, 0x00, 0x00, 0x00, 0x00, 0x00, 0x00, 0x00, 0x00, 
	0x00, 0x00, 0x00, 0x00, 0x00, 0x00, 0x00, 0x00, 0x00, 0x00, 0x00, 0x00, 0x00, 0x00, 0x00, 0x00, 
	0x00, 0x00, 0x00, 0x00, 0x00, 0x00, 0x00, 0x00, 0x00, 0x00, 0x00, 0x00, 0x00, 0x00, 0x00, 0x00, 
	0x00, 0x00, 0x00, 0x00, 0x00, 0x00, 0x00, 0x00, 0x00, 0x00, 0x00, 0x00, 0x00, 0x00, 0x00, 0x00, 
	0x00, 0x00, 0x00, 0x00, 0x00, 0x00, 0x00, 0x00, 0x00, 0x00, 0x00, 0x00, 0x00, 0x00, 0x00, 0x00, 
	0x00, 0x00, 0x00, 0x00, 0x00, 0x00, 0x00, 0x00, 0x00, 0x00, 0x00, 0x00, 0x00, 0x00, 0x00, 0x00, 
	0x00, 0x00, 0x00, 0x00, 0x00, 0x00, 0x00, 0x00, 0x00, 0x00, 0x00, 0x00, 0x00, 0x00, 0x00, 0x00, 
	0x00, 0x00, 0x00, 0x00, 0x00, 0x00, 0x00, 0x00, 0x00, 0x00, 0x00, 0x00, 0x00, 0x00, 0x00, 0x00, 
	0x00, 0x00, 0x00, 0x00, 0x00, 0x00, 0x00, 0x00, 0x00, 0x00, 0x00, 0x00, 0x00, 0x00, 0x00, 0x00, 
	0x00, 0x00, 0x00, 0x00, 0x00, 0x00, 0x00, 0x00, 0x00, 0x00, 0x00, 0x00, 0x00, 0x00, 0x00, 0x00, 
	0x00, 0x00, 0x00, 0x00, 0x00, 0x00, 0x00, 0x00, 0x00, 0x00, 0x00, 0x00, 0x00, 0x00, 0x00, 0x00, 
	0x00, 0x00, 0x00, 0x00, 0x00, 0x00, 0x00, 0x00, 0x00, 0x00, 0x00, 0x00, 0x00, 0x00, 0x00, 0x00, 
	0x00, 0x00, 0x00, 0x00, 0x00, 0x00, 0x00, 0x00, 0x00, 0x00, 0x00, 0x00, 0x00, 0x00, 0x00, 0x00, 
	0x00, 0x00, 0x00, 0x00, 0x00, 0x00, 0x00, 0x00, 0x00, 0x00, 0x00, 0x00, 0x00, 0x00, 0x00, 0x00, 
	0x00, 0x00, 0x00, 0x00, 0x00, 0x00, 0x00, 0x00, 0x00, 0x00, 0x00, 0x00, 0x00, 0x00, 0x00, 0x00, 
	0x00, 0x00, 0x00, 0x00, 0x00, 0x00, 0x00, 0x00, 0x00, 0x00, 0x00, 0x00, 0x00, 0x00, 0x00, 0x00, 
	0x00, 0x00, 0x00, 0x00, 0x00, 0x00, 0x00, 0x00, 0x00, 0x00, 0x00, 0x00, 0x00, 0x00, 0x00, 0x00, 
	0x00, 0x00, 0x00, 0x00, 0x00, 0x00, 0x00, 0x00, 0x00, 0x00, 0x00, 0x00, 0x00, 0x00, 0x00, 0x00, 
	0x00, 0x00, 0x00, 0x00, 0x00, 0x00, 0x00, 0x00, 0x00, 0x00, 0x00, 0x00, 0x00, 0x00, 0x00, 0x00, 
	0x00, 0x00, 0x00, 0x00, 0x00, 0x00, 0x00, 0x00, 0x00, 0x00, 0x00, 0x00, 0x00, 0x00, 0x00, 0x00, 
	0x00, 0x00, 0x00, 0x00, 0x00, 0x00, 0x00, 0x00, 0x00, 0x00, 0x00, 0x00, 0x00, 0x00, 0x00, 0x00, 
	0x00, 0x00, 0x00, 0x00, 0x00, 0x00, 0x00, 0x00, 0x00, 0x00, 0x00, 0x00, 0x00, 0x00, 0x00, 0x00, 
	0x00, 0x00, 0x00, 0x00, 0x00, 0x00, 0x00, 0x00, 0x00, 0x00, 0x00, 0x00, 0x00, 0x00, 0x00, 0x00, 
	0x00, 0x00, 0x00, 0x00, 0x00, 0x00, 0x00, 0x00, 0x00, 0x00, 0x00, 0x00, 0x00, 0x00, 0x00, 0x00, 
	0x00, 0x00, 0x00, 0x00, 0x00, 0x00, 0x00, 0x00, 0x00, 0x00, 0x00, 0x00, 0x00, 0x00, 0x00, 0x00, 
	0x00, 0x00, 0x00, 0x00, 0x00, 0x00, 0x00, 0x00, 0x00, 0x00, 0x00, 0x00, 0x00, 0x00, 0x00, 0x00, 
	0x00, 0x00, 0x00, 0x00, 0x00, 0x00, 0x00, 0x00, 0x00, 0x00, 0x00, 0x00, 0x00, 0x00, 0x00, 0x00, 
	0x00, 0x00, 0x00, 0x00, 0x00, 0x00, 0x00, 0x00, 0x00, 0x00, 0x00, 0x00, 0x00, 0x00, 0x00, 0x00, 
	0x00, 0x00, 0x00, 0x00, 0x00, 0x00, 0x00, 0x00, 0x00, 0x00, 0x00, 0x00, 0x00, 0x00, 0x00, 0x00, 
	0x00, 0x00, 0x00, 0x00, 0x00, 0x00, 0x00, 0x00, 0x00, 0x00, 0x00, 0x00, 0x00, 0x00, 0x00, 0x00, 
	0x00, 0x00, 0x00, 0x00, 0x00, 0x00, 0x00, 0x00, 0x00, 0x00, 0x00, 0x00, 0x00, 0x00, 0x00, 0x00, 
	0x00, 0x00, 0x00, 0x00, 0x00, 0x00, 0x00, 0x00, 0x00, 0x00, 0x00, 0x00, 0x00, 0x00, 0x00, 0x00, 
	0x00, 0x00, 0x00, 0x00, 0x00, 0x00, 0x00, 0x00, 0x00, 0x00, 0x00, 0x00, 0x00, 0x00, 0x00, 0x00, 
	0x00, 0x00, 0x00, 0x00, 0x00, 0x00, 0x00, 0x00, 0x00, 0x00, 0x00, 0x00, 0x00, 0x00, 0x00, 0x00, 
	0x00, 0x00, 0x00, 0x00, 0x00, 0x00, 0x00, 0x00, 0x00, 0x00, 0x00, 0x00, 0x00, 0x00, 0x00, 0x00, 
	0x00, 0x00, 0x00, 0x00, 0x00, 0x00, 0x00, 0x00, 0x00, 0x00, 0x00, 0x00, 0x00, 0x00, 0x00, 0x00, 
	0x00, 0x00, 0x00, 0x00, 0x00, 0x00, 0x00, 0x00, 0x00, 0x00, 0x00, 0x00, 0x00, 0x00, 0x00, 0x00, 
	0x00, 0x00, 0x00, 0x00, 0x00, 0x00, 0x00, 0x00, 0x00, 0x00, 0x00, 0x00, 0x00, 0x00, 0x00, 0x00, 
	0x00, 0x00, 0x00, 0x00, 0x00, 0x00, 0x00, 0x00, 0x00, 0x00, 0x00, 0x00, 0x00, 0x00, 0x00, 0x00, 
	0x00, 0x00, 0x00, 0x00, 0x00, 0x00, 0x00, 0x00, 0x00, 0x00, 0x00, 0x00, 0x00, 0x00, 0x00, 0x00, 
	0x00, 0x00, 0x00, 0x00, 0x00, 0x00, 0x00, 0x00, 0x00, 0x00, 0x00, 0x00, 0x00, 0x00, 0x00, 0x00, 
	0x00, 0x00, 0x00, 0x00, 0x00, 0x00, 0x00, 0x00, 0x00, 0x00, 0x00, 0x00, 0x00, 0x00, 0x00, 0x00, 
	0x00, 0x00, 0x00, 0x00, 0x00, 0x00, 0x00, 0x00, 0x00, 0x00, 0x00, 0x00, 0x00, 0x00, 0x00, 0x00, 
	0x00, 0x00, 0x00, 0x00, 0x00, 0x00, 0x00, 0x00, 0x00, 0x00, 0x00, 0x00, 0x00, 0x00, 0x00, 0x00, 
	0x00, 0x00, 0x00, 0x00, 0x00, 0x00, 0x00, 0x00, 0x00, 0x00, 0x00, 0x00, 0x00, 0x00, 0x00, 0x00, 
	0x00, 0x00, 0x00, 0x00, 0x00, 0x00, 0x00, 0x00, 0x00, 0x00, 0x00, 0x00, 0x00, 0x00, 0x00, 0x00, 
	0x00, 0x00, 0x00, 0x00, 0x00, 0x00, 0x00, 0x00, 0x00, 0x00, 0x00, 0x00, 0x00, 0x00, 0x00, 0x00, 
	0x00, 0x00, 0x00, 0x00, 0x00, 0x00, 0x00, 0x00, 0x00, 0x00, 0x00, 0x00, 0x00, 0x00, 0x00, 0x00, 
	0x00, 0x00, 0x00, 0x00, 0x00, 0x00, 0x00, 0x00, 0x00, 0x00, 0x00, 0x00, 0x00, 0x00, 0x00, 0x00, 
	0x00, 0x00, 0x00, 0x00, 0x00, 0x00, 0x00, 0x00, 0x00, 0x00, 0x00, 0x00, 0x00, 0x00, 0x00, 0x00, 
	0x00, 0x00, 0x00, 0x00, 0x00, 0x00, 0x00, 0x00, 0x00, 0x00, 0x00, 0x00, 0x00, 0x00, 0x00, 0x00, 
	0x00, 0x00, 0x00, 0x00, 0x00, 0x00, 0x00, 0x00, 0x00, 0x00, 0x00, 0x00, 0x00, 0x00, 0x00, 0x00, 
	0x00, 0x00, 0x00, 0x00, 0x00, 0x00, 0x00, 0x00, 0x00, 0x00, 0x00, 0x00, 0x00, 0x00, 0x00, 0x00, 
	0x00, 0x00, 0x00, 0x00, 0x00, 0x00, 0x00, 0x00, 0x00, 0x00, 0x00, 0x00, 0x00, 0x00, 0x00, 0x00, 
	0x00, 0x00, 0x00, 0x00, 0x00, 0x00, 0x00, 0x00, 0x00, 0x00, 0x00, 0x00, 0x00, 0x00, 0x00, 0x00, 
	0x00, 0x00, 0x00, 0x00, 0x00, 0x00, 0x00, 0x00, 0x00, 0x00, 0x00, 0x00, 0x00, 0x00, 0x00, 0x00, 
	0x00, 0x00, 0x00, 0x00, 0x00, 0x00, 0x00, 0x00, 0x00, 0x00, 0x00, 0x00, 0x00, 0x00, 0x00, 0x00, 
	0x00, 0x00, 0x00, 0x00, 0x00, 0x00, 0x00, 0x00, 0x00, 0x00, 0x00, 0x00, 0x00, 0x00, 0x00, 0x00, 
	0x00, 0x00, 0x00, 0x00, 0x00, 0x00, 0x00, 0x00, 0x00, 0x00, 0x00, 0x00, 0x00, 0x00, 0x00, 0x00, 
	0x00, 0x00, 0x00, 0x00, 0x00, 0x00, 0x00, 0x00, 0x00, 0x00, 0x00, 0x00, 0x00, 0x00, 0x00, 0x00, 
	0x00, 0x00, 0x00, 0x00, 0x00, 0x00, 0x00, 0x00, 0x00, 0x00, 0x00, 0x00, 0x00, 0x00, 0x00, 0x00, 
	0x00, 0x00, 0x00, 0x00, 0x00, 0x00, 0x00, 0x00, 0x00, 0x00, 0x00, 0x00, 0x00, 0x00, 0x00, 0x00, 
	0x00, 0x00, 0x00, 0x00, 0x00, 0x00, 0x00, 0x00, 0x00, 0x00, 0x00, 0x00, 0x00, 0x00, 0x00, 0x00, 
	0x00, 0x00, 0x00, 0x00, 0x00, 0x00, 0x00, 0x00, 0x00, 0x00, 0x00, 0x00, 0x00, 0x00, 0x00, 0x00, 
	0x00, 0x00, 0x00, 0x00, 0x00, 0x00, 0x00, 0x00, 0x00, 0x00, 0x00, 0x00, 0x00, 0x00, 0x00, 0x00, 
	0x00, 0x00, 0x00, 0x00, 0x00, 0x00, 0x00, 0x00, 0x00, 0x00, 0x00, 0x00, 0x00, 0x00, 0x00, 0x00, 
	0x00, 0x00, 0x00, 0x00, 0x00, 0x00, 0x00, 0x00, 0x00, 0x00, 0x00, 0x00, 0x00, 0x00, 0x00, 0x00, 
	0x00, 0x00, 0x00, 0x00, 0x00, 0x00, 0x00, 0x00, 0x00, 0x00, 0x00, 0x00, 0x00, 0x00, 0x00, 0x00, 
	0x00, 0x00, 0x00, 0x00, 0x00, 0x00, 0x00, 0x00, 0x00, 0x00, 0x00, 0x00, 0x00, 0x00, 0x00, 0x00, 
	0x00, 0x00, 0x00, 0x00, 0x00, 0x00, 0x00, 0x00, 0x00, 0x00, 0x00, 0x00, 0x00, 0x00, 0x00, 0x00, 
	0x00, 0x00, 0x00, 0x00, 0x00, 0x00, 0x00, 0x00, 0x00, 0x00, 0x00, 0x00, 0x00, 0x00, 0x00, 0x00, 
	0x00, 0x00, 0x00, 0x00, 0x00, 0x00, 0x00, 0x00, 0x00, 0x00, 0x00, 0x00, 0x00, 0x00, 0x00, 0x00, 
	0x00, 0x00, 0x00, 0x00, 0x00, 0x00, 0x00, 0x00, 0x00, 0x00, 0x00, 0x00, 0x00, 0x00, 0x00, 0x00, 
	0x00, 0x00, 0x00, 0x00, 0x00, 0x00, 0x00, 0x00, 0x00, 0x00, 0x00, 0x00, 0x00, 0x00, 0x00, 0x00, 
	0x00, 0x00, 0x00, 0x00, 0x00, 0x00, 0x00, 0x00, 0x00, 0x00, 0x00, 0x00, 0x00, 0x00, 0x00, 0x00, 
	0x00, 0x00, 0x00, 0x00, 0x00, 0x00, 0x00, 0x00, 0x00, 0x00, 0x00, 0x00, 0x00, 0x00, 0x00, 0x00, 
	0x00, 0x00, 0x00, 0x00, 0x00, 0x00, 0x00, 0x00, 0x00, 0x00, 0x00, 0x00, 0x00, 0x00, 0x00, 0x00, 
	0x00, 0x00, 0x00, 0x00, 0x00, 0x00, 0x00, 0x00, 0x00, 0x00, 0x00, 0x00, 0x00, 0x00, 0x00, 0x00, 
	0x00, 0x00, 0x00, 0x00, 0x00, 0x00, 0x00, 0x00, 0x00, 0x00, 0x00, 0x00, 0x00, 0x00, 0x00, 0x00, 
	0x00, 0x00, 0x00, 0x00, 0x00, 0x00, 0x00, 0x00, 0x00, 0x00, 0x00, 0x00, 0x00, 0x00, 0x00, 0x00, 
	0x00, 0x00, 0x00, 0x00, 0x00, 0x00, 0x00, 0x00, 0x00, 0x00, 0x00, 0x00, 0x00, 0x00, 0x00, 0x00, 
	0x00, 0x00, 0x00, 0x00, 0x00, 0x00, 0x00, 0x00, 0x00, 0x00, 0x00, 0x00, 0x00, 0x00, 0x00, 0x00, 
	0x00, 0x00, 0x00, 0x00, 0x00, 0x00, 0x00, 0x00, 0x00, 0x00, 0x00, 0x00, 0x00, 0x00, 0x00, 0x00, 
	0x00, 0x00, 0x00, 0x00, 0x00, 0x00, 0x00, 0x00, 0x00, 0x00, 0x00, 0x00, 0x00, 0x00, 0x00, 0x00, 
	0x00, 0x00, 0x00, 0x00, 0x00, 0x00, 0x00, 0x00, 0x00, 0x00, 0x00, 0x00, 0x00, 0x00, 0x00, 0x00, 
	0x00, 0x00, 0x00, 0x00, 0x00, 0x00, 0x00, 0x00, 0x00, 0x00, 0x00, 0x00, 0x00, 0x00, 0x00, 0x00, 
	0x00, 0x00, 0x00, 0x00, 0x00, 0x00, 0x00, 0x00, 0x00, 0x00, 0x00, 0x00, 0x00, 0x00, 0x00, 0x00, 
	0x00, 0x00, 0x00, 0x00, 0x00, 0x00, 0x00, 0x00, 0x00, 0x00, 0x00, 0x00, 0x00, 0x00, 0x00, 0x00, 
	0x00, 0x00, 0x00, 0x00, 0x00, 0x00, 0x00, 0x00, 0x00, 0x00, 0x00, 0x00, 0x00, 0x00, 0x00, 0x00, 
	0x00, 0x00, 0x00, 0x00, 0x00, 0x00, 0x00, 0x00, 0x00, 0x00, 0x00, 0x00, 0x00, 0x00, 0x00, 0x00, 
	0x00, 0x00, 0x00, 0x00, 0x00, 0x00, 0x00, 0x00, 0x00, 0x00, 0x00, 0x00, 0x00, 0x00, 0x00, 0x00, 
	0x00, 0x00, 0x00, 0x00, 0x00, 0x00, 0x00, 0x00, 0x00, 0x00, 0x00, 0x00, 0x00, 0x00, 0x00, 0x00, 
	0x00, 0x00, 0x00, 0x00, 0x00, 0x00, 0x00, 0x00, 0x00, 0x00, 0x00, 0x00, 0x00, 0x00, 0x00, 0x00, 
	0x00, 0x00, 0x00, 0x00, 0x00, 0x00, 0x00, 0x00, 0x00, 0x00, 0x00, 0x00, 0x00, 0x00, 0x00, 0x00, 
	0x00, 0x00, 0x00, 0x00, 0x00, 0x00, 0x00, 0x00, 0x00, 0x00, 0x00, 0x00, 0x00, 0x00, 0x00, 0x00, 
	0x00, 0x00, 0x00, 0x00, 0x00, 0x00, 0x00, 0x00, 0x00, 0x00, 0x00, 0x00, 0x00, 0x00, 0x00, 0x00, 
	0x00, 0x00, 0x01, 0x00, 0x01, 0x00, 0x01, 0x00, 0x00, 0x00, 0x93, 0x00, 0x00, 0x00, 0x00, 0x01, 
	0x00, 0x01, 0x00, 0x01, 0x00, 0x00, 0x00, 0x93, 0x00, 0x00, 0x00, 0x00, 0x01, 0x00, 0x01, 0x00, 
	0x01, 0x00, 0x00, 0x00, 0xd2, 0x00, 0x00, 0x00, 0x00, 0x01, 0x00, 0x01, 0x00, 0x01, 0x00, 0x00, 
	0x00, 0xd2, 0x00, 0x00, 0x00, 0x00, 0x01, 0x00, 0x01, 0x00, 0x04, 0x00, 0x00, 0x00, 0x10, 0x0f, 
	0x00, 0x00, 0x00, 0x00, 0x00, 0x00, 0x01, 0x00, 0x01, 0x00, 0x04, 0x00, 0x00, 0x00, 0x10, 0x0f, 
	0x00, 0x00, 0x00, 0x00, 0x00, 0x00, 0x01, 0x00, 0x0c, 0x00, 0x02, 0x00, 0x00, 0x00, 0x4c, 0x00, 
	0x96, 0x00, 0x1d, 0x00, 0x2b, 0x80, 0x54, 0x80, 0x80, 0x00, 0x80, 0x00, 0x6b, 0x80, 0x14, 0x80, 
	0x00, 0x00, 0x00, 0x02, 0x00, 0x02, 0x00, 0x00, 0x00, 0x00, 0x01, 0x00, 0x0c, 0x00, 0x02, 0x00, 
	0x00, 0x00, 0x4c, 0x00, 0x96, 0x00, 0x1d, 0x00, 0x25, 0x80, 0x49, 0x80, 0x6f, 0x00, 0x9d, 0x00, 
	0x83, 0x80, 0x19, 0x80, 0x00, 0x00, 0x00, 0x02, 0x00, 0x02, 0x68, 0x65, 0x61, 0x64, 0x65, 0x72, 
	0x31, 0x00, 0xa0, 0x01, 0x00, 0x00, 0x9f, 0xdf, 0x84, 0x7d, 0x6c, 0xda, 0x1a, 0x0c, 0xb2, 0x00, 
	0x00, 0x00, 0xaa, 0x00, 0x00, 0x00, 0x1d, 0x01, 0x00, 0x00, 0x80, 0x00, 0x00, 0x00, 0x01, 0x00, 
	0x00, 0x00, 0x00, 0x08, 0x00, 0x00, 0x00, 0x00, 0x00, 0x00, 0x00, 0x00, 0x00, 0x00, 0xb4, 0x00, 
	0x00, 0x00, 0xbe, 0x00, 0x00, 0x00, 0xb6, 0x00, 0x00, 0x00, 0xa5, 0x00, 0x00, 0x00, 0x80, 0x00, 
	0x00, 0x00, 0x28, 0x00, 0x00, 0x00, 0x2d, 0x00, 0x00, 0x00, 0x28, 0x00, 0x00, 0x00, 0x37, 0x00, 
	0x00, 0x00, 0x71, 0x01, 0x00, 0x00, 0x00, 0x08, 0x00, 0x00, 0x00, 0x08, 0x00, 0x00, 0x00, 0x08, 
	0x00, 0x00, 0x00, 0x00, 0x00, 0x00, 0x00, 0x00, 0x00, 0x00, 0xa0, 0x00, 0x00, 0x00, 0x00, 0x00, 
	0x00, 0x00, 0x00, 0x00, 0x00, 0x00, 0xb3, 0x01, 0x00, 0x00, 0xcf, 0x00, 0x00, 0x00, 0x00, 0x00, 
	0x00, 0x00, 0x8c, 0x00, 0x00, 0x00, 0x50, 0x00, 0x00, 0x00, 0x00, 0x00, 0x00, 0x00, 0x80, 0xff, 
	0xff, 0xff, 0x02, 0x00, 0x00, 0x00, 0x00, 0x0f, 0x00, 0x00, 0x00, 0x0c, 0x00, 0x00, 0x00, 0x04, 
	0x00, 0x00, 0x24, 0x00, 0x00, 0x00, 0x40, 0x00, 0x00, 0x00, 0x00, 0x02, 0x00, 0x00, 0x24, 0x00, 
	0x00, 0x00, 0x24, 0x00, 0x00, 0x00, 0x40, 0x02, 0x00, 0x00, 0x37, 0x00, 0x00, 0x00, 0x7e, 0x00, 
	0x00, 0x00, 0x80, 0x80, 0x84, 0x01, 0x82, 0x06, 0x82, 0x0c, 0x82, 0x10, 0x80, 0x14, 0x80, 0x1e, 
	0x7d, 0xff, 0xff, 0xff, 0xff, 0xff, 0xff, 0xff, 0xff, 0xff, 0x6c, 0xda, 0x1a, 0x0c, 0xb2, 0x00, 
	0x00, 0x00, 0xaa, 0x00, 0x00, 0x00, 0x1d, 0x01, 0x00, 0x00, 0x80, 0x00, 0x00, 0x00, 0x01, 0x00, 
	0x00, 0x00, 0x00, 0x08, 0x00, 0x00, 0x00, 0x00, 0x00, 0x00, 0x00, 0x00, 0x00, 0x00, 0xb2, 0x00, 
	0x00, 0x00, 0xbe, 0x00, 0x00, 0x00, 0xac, 0x00, 0x00, 0x00, 0x9b, 0x00, 0x00, 0x00, 0x80, 0x00, 
	0x00, 0x00, 0x1e, 0x00, 0x00, 0x00, 0x2a, 0x00, 0x00, 0x00, 0x28, 0x00, 0x00, 0x00, 0x2e, 0x00, 
	0x00, 0x00, 0x71, 0x01, 0x00, 0x00, 0x00, 0x08, 0x00, 0x00, 0x00, 0x08, 0x00, 0x00, 0x00, 0x08, 
	0x00, 0x00, 0x00, 0x00, 0x00, 0x00, 0x00, 0x00, 0x00, 0x00, 0xa0, 0x00, 0x00, 0x00, 0x00, 0x00, 
	0x00, 0x00, 0x00, 0x00, 0x00, 0x00, 0xb3, 0x01, 0x00, 0x00, 0xcf, 0x00, 0x00, 0x00, 0x00, 0x00, 
	0x00, 0x00, 0x9b, 0x00, 0x00, 0x00, 0x5a, 0x00, 0x00, 0x00, 0x00, 0x00, 0x00, 0x00, 0x80, 0xff, 
	0xff, 0xff, 0x02, 0x00, 0x00, 0x00, 0x00, 0x0f, 0x00, 0x00, 0x00, 0x0c, 0x00, 0x00, 0x00, 0x04, 
	0x00, 0x00, 0x24, 0x00, 0x00, 0x00, 0x40, 0x00, 0x00, 0x00, 0x00, 0x02, 0x00, 0x00, 0x24, 0x00, 
	0x00, 0x00, 0x24, 0x00, 0x00, 0x00, 0x40, 0x02, 0x00, 0x00, 0x37, 0x00, 0x00, 0x00, 0x7e, 0x00, 
	0x00, 0x00, 0x8a, 0x80, 0x87, 0x01, 0x94, 0x08, 0x8a, 0x0c, 0x8a, 0x10, 0x8a, 0x1e, 0x8a, 0xff, 
	0xff, 0xff, 0xff, 0xff, 0xff, 0xff, 0xff, 0xff, 0xff, 0xff, 
};
